,accuracy,f1,f1_scores,precision,precision_scores,recall,recall_scores,seed,k_fold
0,0.7014126181602478,0.5769479084039503,[0.80608611 0.48940998 0.43534763],0.6272566255253542,[0.73960396 0.66290984 0.47925608],0.5574666490595592,[0.88570074 0.38788969 0.39880952],0,True
0,0.7003717422485352,0.5559055772885709,[0.80343348 0.51979346 0.3444898 ],0.6306952100898027,[0.73368607 0.61034762 0.54805195],0.5305544398791072,[0.88783495 0.45263789 0.25119048],1,True
0,0.7045353055000305,0.5824943456701378,[0.80519481 0.53742414 0.40486409],0.624157887188603,[0.75128363 0.61402157 0.50716846],0.5607212722318504,[0.86744131 0.47781775 0.33690476],12,True
0,0.7104832530021667,0.5908629299131244,[0.81004982 0.51884376 0.44369521],0.6409523972536072,[0.74546542 0.6657277  0.51166407],0.5678710102821228,[0.88688641 0.42505995 0.39166667],123,True
0,0.696951687335968,0.6042892466376671,[0.79718829 0.53746594 0.47821351],0.6127964948142567,[0.77538668 0.62223975 0.44076305],0.6052973312938118,[0.82025136 0.47302158 0.52261905],1234,True
