,accuracy,f1,f1_scores,precision,precision_scores,recall,recall_scores,seed,loss,gamma,k_fold
0,0.6371647715568542,0.4902087502662647,[0.76812005 0.38718291 0.31532329],0.4933578783760522,[0.75235718 0.42028986 0.3074266 ],0.4890349341469717,[0.78455755 0.35891089 0.32363636],1,focal,2,True
0,0.6166666746139526,0.4973802162817568,[0.7516859  0.40085837 0.33959638],0.49096268801861903,[0.78009331 0.4177102  0.27508455],0.5180748734214081,[0.72527473 0.38531353 0.44363636],12,focal,2,True
0,0.6273946166038513,0.512491090887896,[0.75618905 0.43398693 0.3472973 ],0.507319661623572,[0.7857811  0.4598338  0.27634409],0.5356362518842978,[0.72874494 0.41089109 0.46727273],123,focal,2,True
