,accuracy,f1,f1_scores,precision,precision_scores,recall,recall_scores,seed,loss,gamma,k_fold
0,0.6827901005744934,0.4477177533007615,[0.80056417 0.43056273 0.11202636],0.586895103371076,[0.7112782  0.54940711 0.5       ],0.444184487192006,[0.91548387 0.35398981 0.06307978],1,cross_entropy,,True
0,0.6811293363571167,0.4880267399173075,[0.80267364 0.43746835 0.22393822],0.5459600895457056,[0.73030143 0.54203262 0.36554622],0.47303367341688957,[0.89096774 0.36672326 0.16141002],12,cross_entropy,,True
0,0.6817521452903748,0.49365341505757415,[0.80268657 0.4739726  0.20430108],0.5435073338546297,[0.74694444 0.51284585 0.37073171],0.48299948656727704,[0.86741935 0.44057725 0.14100186],123,cross_entropy,,True
