,accuracy,f1,f1_scores,precision,precision_scores,recall,recall_scores,seed,loss,gamma,k_fold
0,0.6203064918518066,0.5102702772503525,[0.74317768 0.44533121 0.34230194],0.50096696761549,[0.78107075 0.43122102 0.29060914],0.5285169615862686,[0.70879121 0.46039604 0.41636364],1,focal,2,True
0,0.5835248827934265,0.4685479633171982,[0.72478053 0.37351703 0.30734633],0.4616968405540336,[0.7752883  0.34832263 0.26147959],0.4852728881910748,[0.68045113 0.40264026 0.37272727],12,focal,2,True
0,0.6206896305084229,0.40373429005692435,[0.75673513 0.31513538 0.13933237],0.46285657182018247,[0.70222772 0.34101825 0.34532374],0.4001978144604513,[0.82041643 0.29290429 0.08727273],123,focal,2,True
