,accuracy,f1,f1_scores,precision,precision_scores,recall,recall_scores,seed,loss,gamma,k_fold
0,0.6483288407325745,0.5399671022784925,[0.7717856  0.47443946 0.37367625],0.5351202542609583,[0.78705567 0.50285171 0.31545338],0.5548063392666837,[0.75709677 0.44906621 0.45825603],1,focal,2,True
0,0.6421008706092834,0.5288718352353007,[0.77112792 0.46050269 0.35498489],0.5247731541406969,[0.78638498 0.48857143 0.29936306],0.5426426875735632,[0.75645161 0.43548387 0.43599258],12,focal,2,True
0,0.6655594706535339,0.5487617782315303,[0.78547539 0.47350835 0.38730159],0.5516762389404541,[0.77571563 0.54089422 0.33841886],0.5564088898408568,[0.79548387 0.42105263 0.45269017],123,focal,2,True
