,accuracy,f1,f1_scores,precision,precision_scores,recall,recall_scores,seed,loss,gamma,k_fold
0,0.6662835478782654,0.4117180052039968,[0.7948684  0.40261438 0.03767123],0.49417104767065295,[0.73239093 0.4265928  0.32352941],0.42339584681429393,[0.86899942 0.38118812 0.02      ],1,cross_entropy,,True
0,0.6607279777526855,0.48350413081926463,[0.78485181 0.4240035  0.24165708],0.5092679988055983,[0.74673629 0.4519141  0.32915361],0.47243889802514083,[0.82706767 0.39933993 0.19090909],12,cross_entropy,,True
0,0.64616858959198,0.4901610886533863,[0.77089479 0.41975309 0.27983539],0.50179801854013,[0.74952199 0.43359719 0.32227488],0.48252022368228725,[0.79352227 0.40676568 0.24727273],123,cross_entropy,,True
