,accuracy,f1,f1_scores,precision,precision_scores,recall,recall_scores,seed,loss,gamma,k_fold
0,0.6678161025047302,0.48297541030170793,[0.78972025 0.39833641 0.26086957],0.5332022293093663,[0.73511089 0.45273109 0.41176471],0.4665379753707008,[0.85309427 0.35561056 0.19090909],1,cross_entropy,,True
0,0.6530651450157166,0.4710728049156077,[0.78026149 0.43833464 0.19462228],0.5021763699018779,[0.75923393 0.41829085 0.32900433],0.4670216148277639,[0.80248699 0.46039604 0.13818182],12,cross_entropy,,True
0,0.6588122844696045,0.49362407063856023,[0.78515625 0.43179844 0.26391753],0.5064052578506447,[0.75849057 0.4559633  0.3047619 ],0.4855194871713892,[0.81376518 0.41006601 0.23272727],123,cross_entropy,,True
