,loss,accuracy,f1,f1_scores,precision,precision_scores,recall,recall_scores,valid_loss,valid_accuracy,valid_f1,valid_f1_scores,valid_precision,valid_precision_scores,valid_recall,valid_recall_scores,hidden_dim,dropout_rate,learning_rate,seed,loss_function,gamma,k_fold,n_splits,batch_size,input_dim
0,,0.7011152505874634,0.6249756397736772,[0.79308689 0.57859327 0.50324675],0.6182458481243756,[0.80291616 0.59051186 0.46130952],0.6347376958015551,[0.78349538 0.56714628 0.55357143],,0.7057432532310486,0.6310590081516723,[0.79318779 0.59112848 0.50886076],0.6233360338726941,[0.8040404  0.60318949 0.4627782 ],0.6424334895912573,[0.78262424 0.57954033 0.5651359 ],"(512, 512)",0.5,0.0001,0,focal,2,True,5,64,768
0,,0.701710045337677,0.6251431110377931,[0.7948133  0.57823129 0.50238474],0.618248577450871,[0.80496109 0.59706258 0.45272206],0.636585153774741,[0.78491819 0.56055156 0.56428571],,0.7057432532310486,0.6301259786007182,[0.79448826 0.59281716 0.50307251],0.6223786827075489,[0.80595917 0.61430643 0.44687045],0.6438549990843543,[0.78333929 0.57278053 0.57544517],"(512, 512)",0.5,0.0001,1,focal,2,True,5,64,768
0,,0.6988847851753235,0.6224280737992489,[0.79179735 0.57980653 0.49568035],0.6147025548876486,[0.80579425 0.5847561  0.45355731],0.6332156721182897,[0.7782784  0.57494005 0.54642857],,0.7063062787055969,0.6332469297456688,[0.79289617 0.59568672 0.51115789],0.6241522406999352,[0.80820646 0.60018298 0.46406728],0.6460990709639912,[0.77815517 0.59125732 0.56888472],"(512, 512)",0.5,0.0001,12,focal,2,True,5,64,768
0,,0.6990334391593933,0.6229610017231617,[0.79234841 0.57547751 0.50105708],0.6155367375899695,[0.8041514  0.59188847 0.45057034],0.6350415463557201,[0.78088689 0.55995204 0.56428571],,0.7054054141044617,0.6318041754240303,[0.79280589 0.59228459 0.51032205],0.6231936699642954,[0.80590951 0.60758294 0.45608856],0.6456844267936613,[0.78012156 0.57773772 0.579194  ],"(512, 512)",0.5,0.0001,123,focal,2,True,5,64,768
0,,0.6987360715866089,0.6238018721885882,[0.79217958 0.57449418 0.50473186],0.6154643820304885,[0.80658638 0.58782936 0.4519774 ],0.6371525226378739,[0.7782784  0.5617506  0.57142857],,0.7055180072784424,0.6337010653271665,[0.7919133  0.59284732 0.51634257],0.6242367566675052,[0.80712827 0.60335978 0.46222222],0.6482578345583607,[0.77726135 0.58269491 0.58481724],"(512, 512)",0.5,0.0001,1234,focal,2,True,5,64,768
