,loss,accuracy,f1,f1_scores,valid_loss,valid_accuracy,valid_f1,valid_f1_scores,hidden_dim,dropout_rate,learning_rate,seed,gamma,k_fold,batch_size
0,focal,0.697397768497467,0.6187329641831288,[0.79292035 0.5412844  0.52199413],0.5668410518590141,0.7165427803993225,0.6307011315500218,[0.80835735 0.56273764 0.5210084 ],"(256, 256)",0.5,0.0005,0,2,False,64
0,focal,0.702602207660675,0.6221524046952327,[0.79790332 0.53484603 0.53370787],0.5935439292122336,0.7276951670646667,0.6336983409771765,[0.8212766  0.56969697 0.51012146],"(256, 256)",0.5,0.0005,1,2,False,64
0,focal,0.6892193555831909,0.623750268740542,[0.78398058 0.52790347 0.55936675],0.532677518970826,0.7100371718406677,0.6283914622183121,[0.80265096 0.57089552 0.51162791],"(256, 256)",0.5,0.0005,12,2,False,64
0,focal,0.697397768497467,0.6136880356522285,[0.79326365 0.53716216 0.5106383 ],0.6243251088787528,0.7211896181106567,0.624888912647503,[0.81766382 0.57324841 0.48375451],"(256, 256)",0.5,0.0005,123,2,False,64
0,focal,0.6914498209953308,0.6183238543387493,[0.79033233 0.53643411 0.52820513],0.5262798053376815,0.7081784605979919,0.6299142663294887,[0.8        0.57361377 0.51612903],"(256, 256)",0.5,0.0005,1234,2,False,64
