,loss,accuracy,f1,f1_scores,precision,precision_scores,recall,recall_scores,valid_loss,valid_accuracy,valid_f1,valid_f1_scores,valid_precision,valid_precision_scores,valid_recall,valid_recall_scores,hidden_dim,dropout_rate,learning_rate,seed,loss_function,gamma,k_fold,n_splits,batch_size,input_dim,dimension,sig_depth,method,log_signature
0,,0.5777778029441833,0.4325216478272151,[0.71774432 0.35673624 0.22308438],0.43416184870701274,[0.73311218 0.33028812 0.23908524],0.43329573558859646,[0.70300752 0.38778878 0.20909091],,0.6955683827400208,0.6007325283398456,[0.79652445 0.58434674 0.4213264 ],0.5933048005062057,[0.82068413 0.55873584 0.40049444],0.6102030935831123,[0.77374654 0.6124183  0.44444444],"(256, 256)",0.1,0.0001,1,focal,2,True,5,64,790,28,2,umap,True
0,,0.5871647596359253,0.43010268668205676,[0.73170732 0.33033033 0.22827041],0.4302840904946826,[0.726082   0.34405719 0.22071307],0.4304802921009278,[0.73742047 0.31765677 0.23636364],,0.700385332107544,0.6112587882196471,[0.80311082 0.5844504  0.44621514],0.6026877790722727,[0.82701548 0.5997249  0.38132296],0.6294022684519623,[0.78054926 0.56993464 0.53772291],"(256, 256)",0.1,0.0001,12,focal,2,True,5,64,790,28,2,umap,True
0,,0.5693486332893372,0.4205075696158545,[0.71866295 0.31574708 0.22711268],0.4191228820500044,[0.72881356 0.30841857 0.22013652],0.4222563355236623,[0.70879121 0.32343234 0.23454545],,0.6997430920600891,0.6039724809340327,[0.80223833 0.57191087 0.43776824],0.5990772112897119,[0.80996405 0.59148045 0.39578714],0.6126551031935409,[0.7946586  0.55359477 0.48971193],"(256, 256)",0.1,0.0001,123,focal,2,True,5,64,790,28,2,umap,True
