,loss,accuracy,f1,f1_scores,valid_loss,valid_accuracy,valid_f1,valid_f1_scores,hidden_dim,dropout_rate,learning_rate,seed,gamma,k_fold,n_splits,batch_size,input_dim
0,focal,0.6911523938179016,0.6233328583975962,[0.78439628 0.5783278  0.50727449],,0.6911523938179016,0.6233328583975962,[0.78439628 0.5783278  0.50727449],"(128, 128)",0.5,0.001,0,2,True,5,64,768
0,focal,0.6978438496589661,0.6217611401324116,[0.7946988  0.56460853 0.5059761 ],,0.6978438496589661,0.6217611401324116,[0.7946988  0.56460853 0.5059761 ],"(128, 128)",0.5,0.001,1,2,True,5,64,768
0,focal,0.6996282339096069,0.6260918471677548,[0.79145031 0.5781729  0.50865233],,0.6996282339096069,0.6260918471677548,[0.79145031 0.5781729  0.50865233],"(128, 128)",0.5,0.001,12,2,True,5,64,768
0,focal,0.7000743746757507,0.6218614679144635,[0.7954681  0.56548191 0.5046344 ],,0.7000743746757507,0.6218614679144635,[0.7954681  0.56548191 0.5046344 ],"(128, 128)",0.5,0.001,123,2,True,5,64,768
0,focal,0.6997769474983215,0.6251081113422366,[0.79431599 0.56935687 0.51165147],,0.6997769474983215,0.6251081113422366,[0.79431599 0.56935687 0.51165147],"(128, 128)",0.5,0.001,1234,2,True,5,64,768
