,loss,accuracy,f1,f1_scores,valid_loss,valid_accuracy,valid_f1,valid_f1_scores,hidden_dim,dropout_rate,learning_rate,seed,gamma,k_fold
0,focal,0.6802973747253418,0.5955980086139832,[0.78282707 0.53939583 0.46457112],,0.6802973747253418,0.5955980086139832,[0.78282707 0.53939583 0.46457112],256,0.1,0.0005,0,2,True
0,focal,0.6856505870819092,0.5946562424245833,[0.7887522  0.53110969 0.46410684],,0.6856505870819092,0.5946562424245833,[0.7887522  0.53110969 0.46410684],256,0.1,0.0005,1,2,True
0,focal,0.6843122839927673,0.5977377375899301,[0.78543563 0.53802281 0.46975477],,0.6843122839927673,0.5977377375899301,[0.78543563 0.53802281 0.46975477],256,0.1,0.0005,12,2,True
0,focal,0.6896654367446899,0.6005945983086741,[0.79157845 0.53968254 0.4705228 ],,0.6896654367446899,0.6005945983086741,[0.79157845 0.53968254 0.4705228 ],256,0.1,0.0005,123,2,True
0,focal,0.6856505870819092,0.5964400431634227,[0.7886064  0.53397436 0.46673937],,0.6856505870819092,0.5964400431634227,[0.7886064  0.53397436 0.46673937],256,0.1,0.0005,1234,2,True
