,loss,accuracy,f1,f1_scores,precision,precision_scores,recall,recall_scores,valid_loss,valid_accuracy,valid_f1,valid_f1_scores,valid_precision,valid_precision_scores,valid_recall,valid_recall_scores,hidden_dim,dropout_rate,learning_rate,seed,loss_function,gamma,k_fold,n_splits,batch_size,input_dim,dimension,sig_depth,method,log_signature
0,,0.6829739809036255,0.6116070144132463,[0.77650817 0.57065544 0.48765743],0.6002650507955294,[0.80571137 0.57237636 0.42270742],0.6314943993177693,[0.74934788 0.56894484 0.57619048],,0.6843468546867371,0.6104259442234555,[0.77710899 0.57693179 0.47723705],0.5989667121758563,[0.80614793 0.58021878 0.41053342],0.6311977169309654,[0.75008938 0.57368184 0.56982193],"(256, 256)",0.2,0.0001,0,focal,2,True,5,64,790,28,2,umap,True
0,,0.6947211623191833,0.6238629934344894,[0.78359299 0.58232338 0.50567261],0.6140677576675012,[0.80495124 0.57434402 0.46290801],0.6370031005244249,[0.76333887 0.59052758 0.55714286],,0.695270299911499,0.6211977090046444,[0.78363753 0.58855098 0.49140461],0.6111314794652559,[0.80467131 0.58411008 0.44461305],0.6353128924394094,[0.76367537 0.59305994 0.54920337],"(256, 256)",0.2,0.0001,1,focal,2,True,5,64,790,28,2,umap,True
0,,0.6878810524940491,0.6139792284985129,[0.7792524  0.57477319 0.48791209],0.605108572943254,[0.8008008  0.56146369 0.45306122],0.625377913056255,[0.75883329 0.58872902 0.52857143],,0.6854729652404785,0.606795936769971,[0.77806404 0.57788504 0.46443873],0.5975039541958805,[0.80166856 0.56306114 0.42778216],0.6190955490366072,[0.7558098  0.59351059 0.50796626],"(256, 256)",0.2,0.0001,12,focal,2,True,5,64,790,28,2,umap,True
0,,0.6927881240844727,0.6121802742483108,[0.78744309 0.56927711 0.47982063],0.6070860237564532,[0.79583434 0.5720339  0.45338983],0.6184325035652226,[0.77922694 0.56654676 0.50952381],,0.6940315365791321,0.6136857808677837,[0.78620565 0.57446809 0.48038361],0.6074798473716186,[0.7962963  0.57708049 0.44906275],0.6215492953903415,[0.77636754 0.57187922 0.51640112],"(256, 256)",0.2,0.0001,123,focal,2,True,5,64,790,28,2,umap,True
0,,0.6957620978355408,0.6229458865022859,[0.78703592 0.57660424 0.50519751],0.6141124657453686,[0.80306022 0.5909377  0.44833948],0.637719891501007,[0.77163861 0.56294964 0.57857143],,0.691216230392456,0.6166702599594353,[0.78189829 0.5810995  0.48701299],0.6063225498187689,[0.80358491 0.58589098 0.42949177],0.6333538269985058,[0.76135145 0.57638576 0.56232427],"(256, 256)",0.2,0.0001,1234,focal,2,True,5,64,790,28,2,umap,True
