,loss,accuracy,f1,f1_scores,precision,precision_scores,recall,recall_scores,valid_loss,valid_accuracy,valid_f1,valid_f1_scores,valid_precision,valid_precision_scores,valid_recall,valid_recall_scores,hidden_dim,dropout_rate,learning_rate,seed,loss_function,gamma,k_fold,n_splits,batch_size,input_dim,dimension,sig_depth,method,log_signature
0,,0.5540313720703125,0.4191545959797223,[0.70033034 0.3022447  0.25488874],0.42357000159937735,[0.68560869 0.30878553 0.27631579],0.41607300310307016,[0.7156981  0.29597523 0.23654568],,0.7102406024932861,0.6403851019618969,[0.79668966 0.61142217 0.51304348],0.6340053184495499,[0.8080582  0.61569689 0.47826087],0.6487083832040041,[0.78563656 0.60720641 0.55328218],"(128, 128)",0.1,0.0001,0,focal,2,True,5,64,790,28,2,umap,True
0,,0.5579941868782043,0.42099196080100826,[0.70428894 0.32575522 0.23293173],0.42406638229414,[0.6941452  0.32769424 0.25035971],0.4187815889589204,[0.71473354 0.32383901 0.21777222],,0.7072188258171082,0.6338858667766694,[0.79551668 0.60022497 0.50591595],0.6305917315793139,[0.79945055 0.60719162 0.48513302],0.6378656491411855,[0.79162133 0.59341637 0.52855925],"(128, 128)",0.1,0.0001,1,focal,2,True,5,64,790,28,2,umap,True
0,,0.5671391487121582,0.4375184638115141,[0.70961652 0.32234186 0.28059701],0.43867585113639956,[0.69477819 0.35298452 0.26826484],0.43860485267552635,[0.72510248 0.29659443 0.29411765],,0.7091214060783386,0.6394183256734755,[0.79679882 0.60818182 0.51327434],0.6326546800145287,[0.80847489 0.62174721 0.46774194],0.6497594618168856,[0.7854552  0.59519573 0.56862745],"(128, 128)",0.1,0.0001,12,focal,2,True,5,64,790,28,2,umap,True
0,,0.58634352684021,0.44898330392408153,[0.72265579 0.35744405 0.26685007],0.4568291008775545,[0.6989635  0.3753406  0.29618321],0.44399686168276215,[0.74801061 0.34117647 0.2428035 ],,0.706659197807312,0.6347881793770771,[0.79556898 0.59767546 0.5111201 ],0.6300245295272451,[0.80329081 0.60062893 0.48615385],0.6405115050284055,[0.7879942  0.59475089 0.53878943],"(128, 128)",0.1,0.0001,123,focal,2,True,5,64,790,28,2,umap,True
0,,0.5893918871879578,0.43341305642444733,[0.73561922 0.29154303 0.27307692],0.4448277926916737,[0.69103624 0.36355227 0.27989488],0.43209282058069903,[0.78635158 0.24334365 0.26658323],,0.7069949507713318,0.629407599887398,[0.79575119 0.59747995 0.49499165],0.6302767718422607,[0.78999106 0.61596599 0.48487326],0.6290694863213814,[0.80159594 0.58007117 0.50554135],"(128, 128)",0.1,0.0001,1234,focal,2,True,5,64,790,28,2,umap,True
