,loss,accuracy,f1,f1_scores,precision,precision_scores,recall,recall_scores,valid_loss,valid_accuracy,valid_f1,valid_f1_scores,valid_precision,valid_precision_scores,valid_recall,valid_recall_scores,hidden_dim,dropout_rate,learning_rate,seed,loss_function,gamma,k_fold,n_splits,batch_size
0,,0.6282578706741333,0.5221194280253274,[0.75151957 0.46014258 0.35469613],0.5193186809235145,[0.75778377 0.48266485 0.31750742],0.5289129211318699,[0.74535809 0.43962848 0.40175219],,0.6869614124298096,0.6103186870000323,[0.78379109 0.54253535 0.50462963],0.6091112481888356,[0.77839385 0.58805195 0.46088795],0.6167890561045848,[0.78926369 0.50355872 0.55754476],"(256, 256)",0.5,0.0001,0,focal,2,True,5,64
0,,0.6232281923294067,0.516973867061533,[0.74884175 0.45150827 0.35057158],0.5138876696406612,[0.75733662 0.47411444 0.31021195],0.5248329445858572,[0.74053533 0.43095975 0.40300375],,0.6881924867630005,0.6129456450310125,[0.78445549 0.54610266 0.50827878],0.6105162485244321,[0.78184111 0.58622449 0.46348315],0.6202894189480787,[0.78708741 0.511121   0.56265985],"(256, 256)",0.5,0.0001,1,focal,2,True,5,64
0,,0.6328303813934326,0.5327786267655898,[0.75372952 0.46538837 0.379218  ],0.5285917678317972,[0.76457455 0.48974008 0.33146067],0.5431951057194954,[0.74318785 0.44334365 0.44305382],,0.6855064630508423,0.6087230100305078,[0.7833785  0.54202483 0.5007657 ],0.6066504641156975,[0.78041757 0.58505155 0.45448228],0.6162666610450556,[0.78636199 0.50489324 0.55754476],"(256, 256)",0.5,0.0001,12,focal,2,True,5,64
0,,0.6255143880844116,0.5172955712367229,[0.75018244 0.45891073 0.34279354],0.5146405580252574,[0.75680982 0.47849462 0.30861723],0.5233396161202926,[0.74367012 0.44086687 0.38548185],,0.6855064630508423,0.6094387400115852,[0.78282054 0.53824363 0.50725206],0.6073055393091896,[0.77895493 0.57344064 0.46952104],0.6151397636947626,[0.7867247  0.50711744 0.55157715],"(256, 256)",0.5,0.0001,123,focal,2,True,5,64
0,,0.6317634582519531,0.527912146754777,[0.75383118 0.46208916 0.36781609],0.5247691655015542,[0.7604908  0.48696845 0.32684825],0.535813778535511,[0.7472872  0.43962848 0.42052566],,0.6857302784919739,0.6086168248910117,[0.78322813 0.54144955 0.50117279],0.6069056615731445,[0.77887374 0.57902736 0.46281588],0.6141818346260105,[0.78763148 0.50845196 0.54646206],"(256, 256)",0.5,0.0001,1234,focal,2,True,5,64
