,loss,accuracy,f1,f1_scores,valid_loss,valid_accuracy,valid_f1,valid_f1_scores,hidden_dim,dropout_rate,learning_rate,seed,gamma,k_fold,input_dim
0,focal,0.6920446157455444,0.6116989908509208,[0.78905688 0.56185253 0.48418757],,0.6920446157455444,0.6116989908509208,[0.78905688 0.56185253 0.48418757],512,0.5,0.001,0,2,True,768
0,focal,0.6933829188346863,0.608129918253805,[0.79315264 0.55572803 0.47550908],,0.6933829188346863,0.608129918253805,[0.79315264 0.55572803 0.47550908],512,0.5,0.001,1,2,True,768
0,focal,0.68743497133255,0.61155258417782,[0.78298695 0.56141439 0.49025641],,0.68743497133255,0.61155258417782,[0.78298695 0.56141439 0.49025641],512,0.5,0.001,12,2,True,768
0,focal,0.6956133842468262,0.6135166506821556,[0.79330007 0.55566008 0.4915898 ],,0.6956133842468262,0.6135166506821556,[0.79330007 0.55566008 0.4915898 ],512,0.5,0.001,123,2,True,768
0,focal,0.6899628043174744,0.6131827180039594,[0.78526721 0.56136012 0.49292082],,0.6899628043174744,0.6131827180039594,[0.78526721 0.56136012 0.49292082],512,0.5,0.001,1234,2,True,768
