,loss,accuracy,f1,f1_scores,valid_loss,valid_accuracy,valid_f1,valid_f1_scores,hidden_dim,dropout_rate,learning_rate,seed,gamma,k_fold,n_splits,batch_size,input_dim
0,focal,0.7204461097717285,0.6485754231352008,[0.80473373 0.59337349 0.54761905],0.6501805983922061,0.7462825179100037,0.6627505874614139,[0.82958666 0.62295082 0.53571429],"(256, 256)",0.5,0.0005,0,2,False,,64,768
0,focal,0.7249070405960083,0.653909831063122,[0.80799515 0.62682216 0.52691218],0.602107105886235,0.7527881264686584,0.674530123421082,[0.83090379 0.64246824 0.55021834],"(256, 256)",0.5,0.0005,1,2,False,,64,768
0,focal,0.7368029952049255,0.6676621178102845,[0.82226212 0.61011905 0.57060519],0.5209883609238792,0.7481412887573242,0.6639226640906782,[0.83296864 0.62888483 0.52991453],"(256, 256)",0.5,0.0005,12,2,False,,64,768
0,focal,0.7174721360206604,0.6508388306406787,[0.80528846 0.58128079 0.56594724],0.511449841892018,0.7351301312446594,0.6553050174293654,[0.82758621 0.59470468 0.54362416],"(256, 256)",0.5,0.0005,123,2,False,,64,768
0,focal,0.7301115393638611,0.6588301329223878,[0.8172043  0.60493827 0.55434783],0.5076757266240961,0.74349445104599,0.6560293317706698,[0.83175528 0.61966605 0.51666667],"(256, 256)",0.5,0.0005,1234,2,False,,64,768
