,loss,accuracy,f1,f1_scores,precision,precision_scores,recall,recall_scores,valid_loss,valid_accuracy,valid_f1,valid_f1_scores,valid_precision,valid_precision_scores,valid_recall,valid_recall_scores,hidden_dim,dropout_rate,learning_rate,seed,loss_function,gamma,k_fold,n_splits,batch_size
0,,0.6786617040634155,0.5909322091281599,[0.78217705 0.52819183 0.46242775],0.5894550019939143,[0.77968897 0.57475317 0.41392286],0.5990332298001837,[0.78468105 0.48860911 0.52380952],,0.6879504323005676,0.600585493892512,[0.7873553  0.54483597 0.46956522],0.5987631489081705,[0.78442158 0.59124473 0.42062315],0.6089633336033727,[0.79031105 0.50518251 0.53139644],"(256, 256)",0.5,0.0001,0,focal,2,True,5,64
0,,0.6794052124023438,0.5933993213744383,[0.78274305 0.53121019 0.46624473],0.5899149154628612,[0.78460805 0.56657609 0.41856061],0.6023591208675391,[0.78088689 0.5        0.52619048],,0.6858108043670654,0.6020665835860245,[0.78342581 0.54449508 0.47827886],0.5982026774499892,[0.7844086  0.58205128 0.42814815],0.6118809523905914,[0.78244548 0.51149166 0.54170572],"(256, 256)",0.5,0.0001,1,focal,2,True,5,64
0,,0.6817843914031982,0.5938661393086991,[0.78566359 0.53029817 0.46563665],0.5917229879554277,[0.7838093  0.56995176 0.42140791],0.6011893767617432,[0.78752668 0.49580336 0.5202381 ],,0.6864864826202393,0.6011498101405035,[0.78570791 0.54072289 0.47701863],0.5978542396406187,[0.78521693 0.58104609 0.4272997 ],0.6105546567584492,[0.7861995  0.50563317 0.5398313 ],"(256, 256)",0.5,0.0001,12,focal,2,True,5,64
0,,0.6811895966529846,0.596310849199602,[0.7837549  0.53069054 0.47448711],0.5928435123658615,[0.7849667  0.56849315 0.42507069],0.6056845048707807,[0.78254683 0.49760192 0.53690476],,0.6869369149208069,0.6004294329902756,[0.78637217 0.54628297 0.46863315],0.5971408740783971,[0.78672392 0.58380318 0.42089552],0.6092999434830748,[0.78602074 0.51329428 0.52858482],"(256, 256)",0.5,0.0001,123,focal,2,True,5,64
0,,0.6822304725646973,0.5967533164095983,[0.78383503 0.53533738 0.47108753],0.5940082067126222,[0.78346363 0.5736806  0.42488038],0.6048589239316904,[0.78420678 0.50179856 0.52857143],,0.6894144415855408,0.6040280642115857,[0.78704612 0.5487278  0.47631027],0.6011957863746192,[0.78557435 0.58705701 0.43095599],0.6119846513915737,[0.78852342 0.51509689 0.53233365],"(256, 256)",0.5,0.0001,1234,focal,2,True,5,64
