,loss,accuracy,f1,f1_scores,valid_loss,valid_accuracy,valid_f1,valid_f1_scores,hidden_dim,dropout_rate,learning_rate,seed,gamma,k_fold,batch_size
0,focal,0.6783643364906311,0.5942264665720424,[0.78193333 0.53226837 0.4684777 ],,0.6783643364906311,0.5942264665720424,[0.78193333 0.53226837 0.4684777 ],"(256, 256)",0.5,0.0005,0,2,True,64
0,focal,0.6844609379768372,0.6009413199693933,[0.78567193 0.53485342 0.48229861],,0.6844609379768372,0.6009413199693933,[0.78567193 0.53485342 0.48229861],"(256, 256)",0.5,0.0005,1,2,True,64
0,focal,0.6838661432266235,0.5985933441655779,[0.78672986 0.53103672 0.47801345],,0.6838661432266235,0.5985933441655779,[0.78672986 0.53103672 0.47801345],"(256, 256)",0.5,0.0005,12,2,True,64
0,focal,0.6783643364906311,0.5958454999836555,[0.77951534 0.53469128 0.47332988],,0.6783643364906311,0.5958454999836555,[0.77951534 0.53469128 0.47332988],"(256, 256)",0.5,0.0005,123,2,True,64
0,focal,0.6811895966529846,0.5937792629336164,[0.78439716 0.52832591 0.46861472],,0.6811895966529846,0.5937792629336164,[0.78439716 0.52832591 0.46861472],"(256, 256)",0.5,0.0005,1234,2,True,64
