,loss,accuracy,f1,f1_scores,precision,precision_scores,recall,recall_scores,valid_loss,valid_accuracy,valid_f1,valid_f1_scores,valid_precision,valid_precision_scores,valid_recall,valid_recall_scores,hidden_dim,dropout_rate,learning_rate,seed,loss_function,gamma,k_fold,n_splits,batch_size,input_dim
0,,0.6146928668022156,0.5225066049471071,[0.73471944 0.4607813  0.37201908],0.5149445084203564,[0.76439927 0.45782396 0.32261029],0.5367781575568532,[0.70725826 0.46377709 0.43929912],,0.701734721660614,0.6406829464672024,[0.7870585  0.58374274 0.5512476 ],0.6308466231378528,[0.80504457 0.58609865 0.50139665],0.6544566492311659,[0.76985854 0.58140569 0.61210571],"(512, 512)",0.1,0.0001,0,focal,2,True,5,64,768
0,,0.6223136782646179,0.5269529239299177,[0.74243927 0.46441    0.37400951],0.5207308488287364,[0.76383576 0.47477361 0.32358318],0.539917269005126,[0.72220883 0.45448916 0.44305382],,0.702182412147522,0.6363672878978246,[0.79092829 0.57640933 0.54176425],0.6291835715863385,[0.80100428 0.58690641 0.49964003],0.6463430467964376,[0.78110265 0.56628114 0.59164535],"(512, 512)",0.1,0.0001,1,focal,2,True,5,64,768
0,,0.6162170171737671,0.5216729712347989,[0.73602794 0.46689462 0.36209635],0.515007134780597,[0.76247092 0.46878901 0.31376147],0.534802710530083,[0.71135761 0.46501548 0.42803504],,0.7038612365722656,0.6414284977674143,[0.78948829 0.58815612 0.54664107],0.6321298409492012,[0.80597015 0.59321267 0.4972067 ],0.6546142350321449,[0.77366703 0.58318505 0.60699062],"(512, 512)",0.1,0.0001,12,focal,2,True,5,64,768
0,,0.6159121990203857,0.52923641065447,[0.73203272 0.46926677 0.38640974],0.5211434330199043,[0.76566614 0.47295597 0.32480818],0.547903512390882,[0.7012298  0.46563467 0.47684606],,0.6986010074615479,0.634788932376175,[0.78714339 0.57794849 0.53927492],0.6252446443451741,[0.80443014 0.587236   0.4840678 ],0.649409932730368,[0.77058397 0.56895018 0.60869565],"(512, 512)",0.1,0.0001,123,focal,2,True,5,64,768
0,,0.6198750138282776,0.5289049220676575,[0.73888541 0.46776705 0.38006231],0.5213122874422594,[0.76862949 0.47055138 0.32475599],0.5448152261746387,[0.71135761 0.46501548 0.45807259],,0.700951337814331,0.6381086384026761,[0.78801886 0.57945606 0.546851  ],0.6289643562157585,[0.80369602 0.58564289 0.49755416],0.6511102673467405,[0.7729416  0.57339858 0.60699062],"(512, 512)",0.1,0.0001,1234,focal,2,True,5,64,768
