,loss,accuracy,f1,f1_scores,valid_loss,valid_accuracy,valid_f1,valid_f1_scores,hidden_dim,dropout_rate,learning_rate,seed,gamma,k_fold
0,focal,0.6959107518196106,0.6233361660402026,[0.79028436 0.528      0.55172414],0.5230186967288747,0.7174721360206604,0.6309441405865123,[0.81065515 0.56338028 0.51879699],256,0.5,0.0005,0,2,False
0,focal,0.6988847851753235,0.6299959933940125,[0.79097387 0.53144654 0.56756757],0.5222436733105603,0.7230483293533325,0.6353076626980226,[0.81679942 0.57528958 0.51383399],256,0.5,0.0005,1,2,False
0,focal,0.708550214767456,0.6325924644462301,[0.80211392 0.54486134 0.55080214],0.5143632292747498,0.7211896181106567,0.6272379719801827,[0.81603436 0.5697446  0.49593496],256,0.5,0.0005,12,2,False
0,focal,0.6899628043174744,0.6137811081920496,[0.78715815 0.52959502 0.52459016],0.5332173915470347,0.7174721360206604,0.6302462616550387,[0.81014493 0.57475728 0.50583658],256,0.5,0.0005,123,2,False
0,focal,0.6929367780685425,0.623158737814125,[0.78776978 0.53129771 0.55040872],0.5175090362043941,0.714684009552002,0.6284344977601495,[0.808418  0.5648855 0.512    ],256,0.5,0.0005,1234,2,False
