,loss,accuracy,f1,f1_scores,valid_loss,valid_accuracy,valid_f1,valid_f1_scores,hidden_dim,dropout_rate,learning_rate,seed,gamma,k_fold,input_dim
0,focal,0.727137565612793,0.6499800871555163,[0.81733021 0.58430718 0.54830287],0.496158208917169,0.75,0.660521750595043,[0.83488206 0.63306452 0.51361868],256,0.5,0.001,0,2,False,768
0,focal,0.7293680310249329,0.6526637765895833,[0.81663738 0.59934853 0.54200542],0.5179536114720737,0.7472118735313416,0.6655451992393435,[0.82891911 0.61932939 0.5483871 ],256,0.5,0.001,1,2,False,768
0,focal,0.7211896181106567,0.6454011941972738,[0.81176471 0.57605178 0.5483871 ],0.4894238929538166,0.7518587112426758,0.6750137933961464,[0.83116883 0.63137255 0.5625    ],256,0.5,0.001,12,2,False,768
0,focal,0.7197026014328003,0.6528237899331512,[0.80874317 0.59036145 0.55936675],0.5269628622952629,0.7453531622886658,0.6758886388797488,[0.82274742 0.63568773 0.56923077],256,0.5,0.001,123,2,False,768
0,focal,0.7092936635017395,0.6342094577388694,[0.80332739 0.55961844 0.53968254],0.47319674842497883,0.7444238066673279,0.6647104363753092,[0.82877698 0.60629921 0.55905512],256,0.5,0.001,1234,2,False,768
