,loss,accuracy,f1,f1_scores,valid_loss,valid_accuracy,valid_f1,valid_f1_scores,num_layers,bidirectional,hidden_dim,dropout_rate,learning_rate,seed,gamma,k_fold
0,focal,0.5973234176635742,0.48521396729396443,[0.71316774 0.38967913 0.35279503],,0.5973234176635742,0.48521396729396443,[0.71316774 0.38967913 0.35279503],1,True,100,0.5,0.0005,0,2,True
0,focal,0.5817100405693054,0.48957742726897774,[0.69255586 0.42309994 0.35307648],,0.5817100405693054,0.48957742726897774,[0.69255586 0.42309994 0.35307648],1,True,100,0.5,0.0005,1,2,True
0,focal,0.5934572219848633,0.49325168108449713,[0.70242656 0.4186188  0.35870968],,0.5934572219848633,0.49325168108449713,[0.70242656 0.4186188  0.35870968],1,True,100,0.5,0.0005,12,2,True
0,focal,0.5763568878173828,0.48722390491699574,[0.68945664 0.40710132 0.36511376],,0.5763568878173828,0.48722390491699574,[0.68945664 0.40710132 0.36511376],1,True,100,0.5,0.0005,123,2,True
0,focal,0.6095167398452759,0.4784453591849525,[0.73131401 0.33396729 0.37005478],,0.6095167398452759,0.4784453591849525,[0.73131401 0.33396729 0.37005478],1,True,100,0.5,0.0005,1234,2,True
