,loss,accuracy,f1,f1_scores,valid_loss,valid_accuracy,valid_f1,valid_f1_scores,k,num_layers,bidirectional,hidden_dim,dropout_rate,learning_rate,seed,gamma,k_fold,batch_size,model_id
0,focal,0.7210409045219421,0.6444406259894128,[0.80741528 0.60339409 0.52251251],,0.7210409045219421,0.6444406259894128,[0.80741528 0.60339409 0.52251251],50,1,True,100,0.5,0.001,0,2,True,64,0
0,focal,0.7089962959289551,0.6410540775301127,[0.79534884 0.6081203  0.51969309],,0.7089962959289551,0.6410540775301127,[0.79534884 0.6081203  0.51969309],50,1,True,100,0.5,0.001,1,2,True,64,0
0,focal,0.7011152505874634,0.6390829457155572,[0.7845867  0.60560093 0.5270612 ],,0.7011152505874634,0.6390829457155572,[0.7845867  0.60560093 0.5270612 ],50,1,True,100,0.5,0.001,12,2,True,64,0
