,loss,accuracy,f1,f1_scores,precision,precision_scores,recall,recall_scores,valid_loss,valid_accuracy,valid_f1,valid_f1_scores,valid_precision,valid_precision_scores,valid_recall,valid_recall_scores,num_layers,bidirectional,hidden_dim,dropout_rate,learning_rate,seed,loss_function,gamma,k_fold,n_splits,batch_size
0,,0.6174329519271851,0.5026139826749988,[0.74391902 0.43656867 0.32735426],0.49440736866610885,[0.77886745 0.42643588 0.27791878],0.5191162586472644,[0.71197224 0.44719472 0.39818182],,0.7015092968940735,0.6173688115689988,[0.80311688 0.56964109 0.47934846],0.6062939717559622,[0.82873224 0.57398806 0.41616162],0.6365182561364738,[0.77903754 0.56535948 0.56515775],1,True,100,0.5,0.001,1,focal,2,True,5,64
0,,0.6417624354362488,0.5245948460700288,[0.76206075 0.46864686 0.34307692],0.5171437983577364,[0.7854512  0.46864686 0.29733333],0.538041514966997,[0.74002313 0.46864686 0.40545455],,0.7040783762931824,0.6158447006577189,[0.8052214  0.56652071 0.47579199],0.6080830885327994,[0.81820546 0.58443363 0.42161017],0.6294231821672428,[0.79264298 0.5496732  0.54595336],1,True,100,0.5,0.001,12,focal,2,True,5,64
0,,0.6266283392906189,0.5081170388861476,[0.74933254 0.43295638 0.34206219],0.501415486573194,[0.76918392 0.42405063 0.3110119 ],0.5175747568973207,[0.73048005 0.44224422 0.38      ],,0.7116249203681946,0.6204848596659098,[0.81136422 0.58287203 0.46721833],0.6137020037595226,[0.82444733 0.58079169 0.43586698],0.6290288406171797,[0.79868985 0.58496732 0.50342936],1,True,100,0.5,0.001,123,focal,2,True,5,64
