,loss,accuracy,f1,f1_scores,valid_loss,valid_accuracy,valid_f1,valid_f1_scores,num_layers,bidirectional,hidden_dim,dropout_rate,learning_rate,seed,gamma,k_fold
0,focal,0.7030483484268188,0.6273844967940073,[0.79165673 0.58300092 0.50749584],,0.7030483484268188,0.6273844967940073,[0.79165673 0.58300092 0.50749584],1,True,100,0.5,0.001,0,2,True
0,focal,0.7046840190887451,0.6270519549186867,[0.79618821 0.57920792 0.50575974],,0.7046840190887451,0.6270519549186867,[0.79618821 0.57920792 0.50575974],1,True,100,0.5,0.001,1,2,True
0,focal,0.6927881240844727,0.6248114674169146,[0.78086572 0.58813109 0.5054376 ],,0.6927881240844727,0.6248114674169146,[0.78086572 0.58813109 0.5054376 ],1,True,100,0.5,0.001,12,2,True
