,loss,accuracy,f1,f1_scores,precision,precision_scores,recall,recall_scores,valid_loss,valid_accuracy,valid_f1,valid_f1_scores,valid_precision,valid_precision_scores,valid_recall,valid_recall_scores,num_layers,bidirectional,hidden_dim,dropout_rate,learning_rate,seed,loss_function,gamma,k_fold,n_splits,batch_size
0,,0.6289272308349609,0.5086786251270813,[0.75185295 0.43203125 0.34215168],0.5045729024196163,[0.77128954 0.41023739 0.33219178],0.5141232636855357,[0.73337189 0.45627063 0.35272727],,0.7153179049491882,0.6291080523192347,[0.80786026 0.60165711 0.47780679],0.6222669893724828,[0.82394551 0.58706468 0.45579078],0.6371473692357602,[0.79239103 0.61699346 0.50205761],1,True,300,0.1,0.0005,1,focal,2,True,5,64
0,,0.6329501867294312,0.506216636496384,[0.75991832 0.41956809 0.3391635 ],0.5028206072334783,[0.76662743 0.45033113 0.29150327],0.5171731470428709,[0.75332562 0.39273927 0.40545455],,0.7119460701942444,0.6225574420785362,[0.81067409 0.57472874 0.4822695 ],0.6187432300567156,[0.81386491 0.61868877 0.42367601],0.6345934258477053,[0.80750819 0.53660131 0.55967078],1,True,300,0.1,0.0005,12,focal,2,True,5,64
0,,0.6266283392906189,0.5038608102688711,[0.75217712 0.42498972 0.33441558],0.4978800709883013,[0.768164   0.42342342 0.30205279],0.5126517388580963,[0.73684211 0.42656766 0.37454545],,0.7138728499412537,0.6240528732695217,[0.8105424  0.58773087 0.47388535],0.6182815442524653,[0.81930502 0.59320905 0.44233056],0.6315354125189171,[0.80196523 0.58235294 0.51028807],1,True,300,0.1,0.0005,123,focal,2,True,5,64
