,loss,accuracy,f1,f1_scores,precision,precision_scores,recall,recall_scores,valid_loss,valid_accuracy,valid_f1,valid_f1_scores,valid_precision,valid_precision_scores,valid_recall,valid_recall_scores,num_layers,bidirectional,hidden_dim,dropout_rate,learning_rate,seed,loss_function,gamma,k_fold,n_splits,batch_size
0,,0.6134735345840454,0.5182383519935579,[0.73739654 0.4629397  0.35437882],0.5122213835824684,[0.76822576 0.46972594 0.29871245],0.5336124686505949,[0.70894623 0.45634675 0.43554443],,0.7030777931213379,0.6454735215186566,[0.78599661 0.60316027 0.54726368],0.632803266638582,[0.81690141 0.61228231 0.46922608],0.6693624925376458,[0.75734494 0.59430605 0.65643649],1,True,200,0.5,0.0005,0,focal,2,True,5,64
0,,0.6334400177001953,0.5238467638016081,[0.7550649  0.47780262 0.33867277],0.5216921965809262,[0.75976562 0.49340369 0.31190727],0.5280143217955683,[0.75042199 0.46315789 0.37046308],,0.7091214060783386,0.6457521290997416,[0.79066362 0.60063177 0.545961  ],0.6398538024848581,[0.79818887 0.60943223 0.5119403 ],0.6533953371148841,[0.78327893 0.59208185 0.58482523],1,True,200,0.5,0.0005,1,focal,2,True,5,64
0,,0.6293247938156128,0.5236299924729144,[0.74846021 0.48590282 0.33652695],0.5196228190231936,[0.76504659 0.47120419 0.32261768],0.5286051222305479,[0.73257777 0.50154799 0.35168961],,0.7087856531143188,0.6473825761796769,[0.78971312 0.60764933 0.54478528],0.6400996260440087,[0.80901655 0.58769742 0.52358491],0.6560292963497918,[0.77130939 0.62900356 0.56777494],1,True,200,0.5,0.0005,12,focal,2,True,5,64
0,,0.6244474649429321,0.5167351145642836,[0.74537938 0.47149263 0.33333333],0.5143780211444596,[0.75177827 0.48838752 0.30296827],0.5217597102457716,[0.7390885  0.45572755 0.37046308],,0.7131505608558655,0.6492375330225999,[0.79618419 0.60593513 0.54559329],0.6422399529810557,[0.80549369 0.62744164 0.49378453],0.6608298911584183,[0.78708741 0.58585409 0.60954817],1,True,200,0.5,0.0005,123,focal,2,True,5,64
0,,0.6215515732765198,0.515750374146524,[0.74379759 0.47272727 0.33072626],0.511788595588906,[0.75794743 0.47873016 0.29868819],0.5225008430676132,[0.73016639 0.46687307 0.37046308],,0.709792971611023,0.64717780952938,[0.79170889 0.60479713 0.54502741],0.6393644546609593,[0.80453099 0.60957976 0.50398262],0.657576144646372,[0.77928908 0.60008897 0.59335038],1,True,200,0.5,0.0005,1234,focal,2,True,5,64
