,loss,accuracy,f1,f1_scores,valid_loss,valid_accuracy,valid_f1,valid_f1_scores,num_layers,bidirectional,hidden_dim,dropout_rate,learning_rate,seed,gamma,k_fold
0,focal,0.5848327279090881,0.49368057041039215,[0.69248993 0.42083333 0.36771845],,0.5848327279090881,0.49368057041039215,[0.69248993 0.42083333 0.36771845],1,True,200,0.5,0.0005,0,2,True
0,focal,0.590929388999939,0.4819471494178749,[0.70590925 0.39210611 0.34782609],,0.590929388999939,0.4819471494178749,[0.70590925 0.39210611 0.34782609],1,True,200,0.5,0.0005,1,2,True
0,focal,0.5933085680007935,0.48632869252419675,[0.70816044 0.40250391 0.34832172],,0.5933085680007935,0.48632869252419675,[0.70816044 0.40250391 0.34832172],1,True,200,0.5,0.0005,12,2,True
0,focal,0.5973234176635742,0.47794473880831,[0.7161435  0.37352246 0.34416826],,0.5973234176635742,0.47794473880831,[0.7161435  0.37352246 0.34416826],1,True,200,0.5,0.0005,123,2,True
0,focal,0.6071375608444214,0.48779866478358097,[0.72310957 0.3880597  0.35222672],,0.6071375608444214,0.48779866478358097,[0.72310957 0.3880597  0.35222672],1,True,200,0.5,0.0005,1234,2,True
