,loss,accuracy,f1,f1_scores,precision,precision_scores,recall,recall_scores,valid_loss,valid_accuracy,valid_f1,valid_f1_scores,valid_precision,valid_precision_scores,valid_recall,valid_recall_scores,k,shift,window_size,n,dimensions,sig_depth,method,input_channels,output_channels,features,standardise_method,include_features_in_path,include_features_in_input,embedding_dim,num_features,log_signature,swnu_hidden_dim,lstm_hidden_dim,ffn_hidden_dim,dropout_rate,learning_rate,seed,BiLSTM,loss_function,gamma,k_fold,n_splits,augmentation_type,hidden_dim_aug,comb_method,batch_size
0,,0.6241379380226135,0.5120429018635391,[0.74487334 0.44737864 0.34387672],0.503730128137642,[0.77819786 0.42259721 0.31039531],0.524995928164245,[0.71428571 0.47524752 0.38545455],,0.666024386882782,0.5625053664119087,[0.78334198 0.5232816  0.38089252],0.5555420385368849,[0.80743514 0.50768285 0.35150812],0.5720507132894309,[0.760645   0.53986928 0.41563786],11,3,5,3,15,4,umap,17,,"['timeline_index', 'speaker']","[None, None]",True,False,384,0,True,"(10,)",384,"(512, 512)",0.1,0.0001,1,True,focal,2,True,5,Conv1d,,concatenation,64
0,,0.6427202820777893,0.5222548937791888,[0.76998079 0.4373636  0.35942029],0.5167291287212833,[0.78707339 0.46431881 0.29879518],0.5392967445963798,[0.75361481 0.41336634 0.45090909],,0.660404622554779,0.5543980900772215,[0.78331845 0.48896673 0.39090909],0.5511930873847876,[0.79313017 0.52679245 0.33365664],0.5672783242240654,[0.77374654 0.45620915 0.47187929],11,3,5,3,15,4,umap,17,,"['timeline_index', 'speaker']","[None, None]",True,False,384,0,True,"(10,)",384,"(512, 512)",0.1,0.0001,12,True,focal,2,True,5,Conv1d,,concatenation,64
0,,0.6373563408851624,0.5279061599096988,[0.75990957 0.45250713 0.37130178],0.5179011534767481,[0.7935159  0.44721998 0.31296758],0.5477728507379367,[0.72903412 0.45792079 0.45636364],,0.6592806577682495,0.5581235133956467,[0.77943445 0.49141703 0.40351906],0.5515477895345781,[0.79559171 0.50659264 0.35245902],0.5709746175562131,[0.76392038 0.47712418 0.47187929],11,3,5,3,15,4,umap,17,,"['timeline_index', 'speaker']","[None, None]",True,False,384,0,True,"(10,)",384,"(512, 512)",0.1,0.0001,123,True,focal,2,True,5,Conv1d,,concatenation,64
