,loss,accuracy,f1,f1_scores,precision,precision_scores,recall,recall_scores,valid_loss,valid_accuracy,valid_f1,valid_f1_scores,valid_precision,valid_precision_scores,valid_recall,valid_recall_scores,k,shift,window_size,n,dimensions,sig_depth,method,input_channels,output_channels,features,standardise_method,include_features_in_path,include_features_in_input,embedding_dim,num_features,log_signature,num_heads,num_layers,lstm_hidden_dim,ffn_hidden_dim,dropout_rate,learning_rate,seed,loss_function,gamma,k_fold,n_splits,augmentation_type,hidden_dim_aug,comb_method,batch_size
0,,0.6329501867294312,0.512518214527997,[0.76140769 0.4420874  0.33405955],0.5063858884646814,[0.78602217 0.45502183 0.27811366],0.5287792775807366,[0.73828803 0.42986799 0.41818182],,0.6579961180686951,0.5510663264585891,[0.78236565 0.47083333 0.4       ],0.5468966633025207,[0.78908252 0.50222222 0.34938525],0.5622211573243838,[0.77576216 0.44313725 0.46776406],11,3,5,3,15,4,gaussian_random_projection,17,8,"['timeline_index', 'speaker']","[None, None]",True,False,384,0,True,6,1,384,"(512, 512)",0.1,0.0005,1,focal,2,True,5,Conv1d,,concatenation,64
0,,0.6379310488700867,0.5215052763782371,[0.76061373 0.45397751 0.34992459],0.5138897487290626,[0.7843318  0.45836838 0.29896907],0.5365920588588645,[0.73828803 0.44966997 0.42181818],,0.660404622554779,0.5523566513796063,[0.78248731 0.48264125 0.39194139],0.5483252966452999,[0.78828944 0.50355114 0.35313531],0.5601659593878704,[0.77676997 0.46339869 0.44032922],11,3,5,3,15,4,gaussian_random_projection,17,8,"['timeline_index', 'speaker']","[None, None]",True,False,384,0,True,6,1,384,"(512, 512)",0.1,0.0005,12,focal,2,True,5,Conv1d,,concatenation,64
0,,0.629118800163269,0.5101467577723463,[0.75272673 0.44783307 0.32988048],0.5027417698433578,[0.77867079 0.4359375  0.29361702],0.521738476913047,[0.72845575 0.46039604 0.37636364],,0.665542721748352,0.5643033178204936,[0.7814943  0.50491159 0.40650407],0.55824057656006,[0.795253   0.50590551 0.37356322],0.5726471109705885,[0.76820358 0.50392157 0.44581619],11,3,5,3,15,4,gaussian_random_projection,17,8,"['timeline_index', 'speaker']","[None, None]",True,False,384,0,True,6,1,384,"(512, 512)",0.1,0.0005,123,focal,2,True,5,Conv1d,,concatenation,64
