,loss,accuracy,f1,f1_scores,precision,precision_scores,recall,recall_scores,valid_loss,valid_accuracy,valid_f1,valid_f1_scores,valid_precision,valid_precision_scores,valid_recall,valid_recall_scores,k,shift,window_size,n,dimensions,sig_depth,method,input_channels,output_channels,features,standardise_method,include_features_in_path,include_features_in_input,embedding_dim,num_features,log_signature,swnu_hidden_dim,lstm_hidden_dim,ffn_hidden_dim,dropout_rate,learning_rate,seed,BiLSTM,loss_function,gamma,k_fold,n_splits,augmentation_type,hidden_dim_aug,comb_method,batch_size
0,,0.6304597854614258,0.5141611568622965,[0.75321183 0.44137386 0.34789777],0.5068209514101658,[0.77904821 0.42316427 0.31825038],0.5246305365065135,[0.72903412 0.46122112 0.38363636],,0.6714836359024048,0.5624265046305726,[0.78831185 0.51851852 0.38044914],0.5588646738940839,[0.79860393 0.51111111 0.36687898],0.5664957340961075,[0.77828168 0.52614379 0.39506173],11,3,5,3,15,3,gaussian_random_projection,17,,"['timeline_index', 'speaker']","[None, None]",True,False,384,0,True,"(12,)",384,"(512, 512)",0.1,0.0001,1,True,focal,2,True,5,Conv1d,,concatenation,64
0,,0.642145574092865,0.5245844347101133,[0.76617211 0.44791227 0.35966892],0.5172241974843748,[0.78671542 0.45815358 0.30680359],0.5397795482266561,[0.74667438 0.43811881 0.43454545],,0.6671483516693115,0.5638999736678026,[0.78616994 0.49712157 0.40840841],0.5584631099084871,[0.7963298  0.51581167 0.36324786],0.5741323141053404,[0.77626606 0.47973856 0.46639232],11,3,5,3,15,3,gaussian_random_projection,17,,"['timeline_index', 'speaker']","[None, None]",True,False,384,0,True,"(12,)",384,"(512, 512)",0.1,0.0001,12,True,focal,2,True,5,Conv1d,,concatenation,64
0,,0.6275861859321594,0.5182756604641264,[0.75375512 0.44144144 0.35963042],0.5087591848830401,[0.7928503  0.43821138 0.29521587],0.5410179230762868,[0.7183343  0.44471947 0.46      ],,0.6583172678947449,0.5570879538319641,[0.77972659 0.49291976 0.39861751],0.5504422523250152,[0.798679   0.50905292 0.34359484],0.5713511193229007,[0.76165281 0.47777778 0.47462277],11,3,5,3,15,3,gaussian_random_projection,17,,"['timeline_index', 'speaker']","[None, None]",True,False,384,0,True,"(12,)",384,"(512, 512)",0.1,0.0001,123,True,focal,2,True,5,Conv1d,,concatenation,64
