,loss,accuracy,f1,f1_scores,precision,precision_scores,recall,recall_scores,valid_loss,valid_accuracy,valid_f1,valid_f1_scores,valid_precision,valid_precision_scores,valid_recall,valid_recall_scores,k,shift,window_size,n,dimensions,sig_depth,method,input_channels,output_channels,features,standardise_method,include_features_in_path,include_features_in_input,embedding_dim,num_features,log_signature,pooling,transformer_encoder_layers,num_heads,num_layers,ffn_hidden_dim,dropout_rate,learning_rate,seed,loss_function,gamma,k_fold,n_splits,augmentation_type,hidden_dim_aug,comb_method,batch_size
0,,0.6524904370307922,0.5232244162475004,[0.77827791 0.44248568 0.34890966],0.5205583755758126,[0.78156897 0.47492904 0.30517711],0.532159535213209,[0.77501446 0.41419142 0.40727273],,0.6719653010368347,0.5555289713645504,[0.79577377 0.47646425 0.39434889],0.5571740817504547,[0.78532875 0.52913009 0.3570634 ],0.5600543097897596,[0.80650038 0.43333333 0.44032922],11,3,5,3,15,3,umap,17,12,"['time_encoding', 'timeline_index']","['z_score', None]",True,True,384,2,True,signature,2,10,1,"(512, 512)",0.1,0.0005,1,focal,2,True,5,Conv1d,,concatenation,64
0,,0.6463601589202881,0.5173914195600174,[0.77060262 0.41674009 0.36483155],0.5154757105492784,[0.76652361 0.44706994 0.33283358],0.5228752215880929,[0.77472527 0.39026403 0.40363636],,0.6774245500564575,0.5602178594383328,[0.79752169 0.49241623 0.39071567],0.5627219002863602,[0.78468666 0.5348659  0.36861314],0.5608768610324788,[0.81078357 0.45620915 0.41563786],11,3,5,3,15,3,umap,17,12,"['time_encoding', 'timeline_index']","['z_score', None]",True,True,384,2,True,signature,2,10,1,"(512, 512)",0.1,0.0005,12,focal,2,True,5,Conv1d,,concatenation,64
0,,0.6522988677024841,0.5303512159381651,[0.77385314 0.45385906 0.36334144],0.5247052539400275,[0.78454681 0.4616041  0.32796486],0.5390298144909922,[0.76344708 0.44636964 0.40727273],,0.673892080783844,0.5641943112516058,[0.79067423 0.50686307 0.39504563],0.5623105098653512,[0.79097327 0.51956074 0.37639752],0.5669281704451328,[0.79037541 0.49477124 0.41563786],11,3,5,3,15,3,umap,17,12,"['time_encoding', 'timeline_index']","['z_score', None]",True,True,384,2,True,signature,2,10,1,"(512, 512)",0.1,0.0005,123,focal,2,True,5,Conv1d,,concatenation,64
