,loss,accuracy,f1,f1_scores,precision,precision_scores,recall,recall_scores,valid_loss,valid_accuracy,valid_f1,valid_f1_scores,valid_precision,valid_precision_scores,valid_recall,valid_recall_scores,k,shift,window_size,n,dimensions,sig_depth,method,input_channels,output_channels,features,standardise_method,include_features_in_path,include_features_in_input,embedding_dim,num_features,log_signature,num_heads,num_layers,lstm_hidden_dim,ffn_hidden_dim,dropout_rate,learning_rate,seed,loss_function,gamma,k_fold,n_splits,augmentation_type,hidden_dim_aug,comb_method,batch_size
0,,0.6298850774765015,0.5151318500399603,[0.75620836 0.44660194 0.34258525],0.5064557661258907,[0.79370629 0.42186354 0.30379747],0.5297478035831346,[0.7220937  0.47442244 0.39272727],,0.6631342172622681,0.5688107145252053,[0.77823942 0.50548741 0.42270531],0.5599212707299999,[0.80283954 0.49936224 0.37756203],0.5823254953558926,[0.75510204 0.51176471 0.48010974],20,3,5,6,15,3,umap,17,12,"['timeline_index', 'speaker']","[None, None]",True,False,384,0,True,10,1,384,"(256, 256)",0.2,0.0005,1,focal,2,True,5,Conv1d,,concatenation,64
0,,0.6310344934463501,0.5011074804172683,[0.763663   0.41179059 0.32786885],0.49761795332012104,[0.77398277 0.44109331 0.27777778],0.5132511400359238,[0.75361481 0.38613861 0.4       ],,0.6685934662818909,0.566830210439243,[0.78889738 0.48686515 0.42472811],0.5621314592994172,[0.797426   0.5245283  0.36444008],0.5812379821613144,[0.78054926 0.45424837 0.50891632],20,3,5,6,15,3,umap,17,12,"['timeline_index', 'speaker']","[None, None]",True,False,384,0,True,10,1,384,"(256, 256)",0.2,0.0005,12,focal,2,True,5,Conv1d,,concatenation,64
0,,0.6440613269805908,0.5168651074722576,[0.76914068 0.44519966 0.33625498],0.5123222712090275,[0.7788319  0.45884413 0.29929078],0.5252224262333695,[0.75968768 0.43234323 0.38363636],,0.6719653010368347,0.5642356342751654,[0.79009225 0.50033761 0.40227704],0.5610979620209197,[0.79259635 0.5174581  0.37323944],0.5693772159069389,[0.78760393 0.48431373 0.43621399],20,3,5,6,15,3,umap,17,12,"['timeline_index', 'speaker']","[None, None]",True,False,384,0,True,10,1,384,"(256, 256)",0.2,0.0005,123,focal,2,True,5,Conv1d,,concatenation,64
