,loss,accuracy,f1,f1_scores,precision,precision_scores,recall,recall_scores,valid_loss,valid_accuracy,valid_f1,valid_f1_scores,valid_precision,valid_precision_scores,valid_recall,valid_recall_scores,k,shift,window_size,n,dimensions,sig_depth,method,input_channels,output_channels,features,standardise_method,include_features_in_path,include_features_in_input,embedding_dim,num_features,log_signature,num_heads,num_layers,lstm_hidden_dim,ffn_hidden_dim,dropout_rate,learning_rate,seed,loss_function,gamma,k_fold,n_splits,augmentation_type,hidden_dim_aug,comb_method,batch_size
0,,0.6105363965034485,0.49921430562618907,[0.74070689 0.42290389 0.33403215],0.49108794465919586,[0.78267869 0.41930251 0.27128263],0.5213735433693746,[0.70300752 0.42656766 0.43454545],,0.6771034002304077,0.5938316658055419,[0.78715282 0.53005646 0.46428571],0.5821162229930242,[0.82414553 0.53882512 0.38337802],0.6211281220307053,[0.75333837 0.52156863 0.58847737],35,3,5,11,15,3,gaussian_random_projection,17,12,"['timeline_index', 'speaker']","[None, None]",True,False,384,0,True,10,1,384,"(256, 256)",0.2,0.0005,1,focal,2,True,5,Conv1d,,concatenation,64
0,,0.6337164640426636,0.5033293742602281,[0.7664723  0.40305893 0.34045689],0.5007172295282717,[0.77278072 0.44312562 0.28624535],0.5166343378120345,[0.76026605 0.36963696 0.42      ],,0.6787090301513672,0.577526686977839,[0.79684719 0.50424929 0.43148358],0.5739487278174534,[0.80420837 0.55023184 0.36740598],0.5925375911681545,[0.78961955 0.46535948 0.52263374],35,3,5,11,15,3,gaussian_random_projection,17,12,"['timeline_index', 'speaker']","[None, None]",True,False,384,0,True,10,1,384,"(256, 256)",0.2,0.0005,12,focal,2,True,5,Conv1d,,concatenation,64
0,,0.6402298808097839,0.5118657100400101,[0.76826417 0.42571307 0.34161989],0.5072605051261764,[0.77643237 0.43975374 0.30559541],0.520026677045958,[0.76026605 0.41254125 0.38727273],,0.6902697682380676,0.5927788413520907,[0.80111266 0.52289409 0.45432977],0.5887511237319489,[0.80406091 0.56198347 0.40020899],0.6041506863376352,[0.79818594 0.48888889 0.52537723],35,3,5,11,15,3,gaussian_random_projection,17,12,"['timeline_index', 'speaker']","[None, None]",True,False,384,0,True,10,1,384,"(256, 256)",0.2,0.0005,123,focal,2,True,5,Conv1d,,concatenation,64
