,loss,accuracy,f1,f1_scores,precision,precision_scores,recall,recall_scores,valid_loss,valid_accuracy,valid_f1,valid_f1_scores,valid_precision,valid_precision_scores,valid_recall,valid_recall_scores,k,shift,window_size,n,dimensions,sig_depth,method,input_channels,output_channels,features,standardise_method,include_features_in_path,include_features_in_input,embedding_dim,num_features,log_signature,swnu_hidden_dim,lstm_hidden_dim,ffn_hidden_dim,dropout_rate,learning_rate,seed,BiLSTM,loss_function,gamma,k_fold,n_splits,augmentation_type,hidden_dim_aug,comb_method,batch_size
0,,0.6256704926490784,0.5051665812648923,[0.75207592 0.42347148 0.33995234],0.4982723452274478,[0.77175898 0.42122449 0.30183357],0.5160684582049877,[0.73337189 0.42574257 0.38909091],,0.6713230609893799,0.5656196226190888,[0.78838069 0.51075091 0.39772727],0.5609744794451033,[0.79742268 0.51707971 0.36842105],0.5720717916796347,[0.77954145 0.50457516 0.43209877],110,3,5,36,15,3,gaussian_random_projection,17,,"['timeline_index', 'speaker']","[None, None]",True,False,384,0,True,"(12,)",384,"(256, 256)",0.2,0.0005,1,True,focal,2,True,5,Conv1d,,concatenation,64
0,,0.6122605204582214,0.5024854102888621,[0.74061693 0.42079411 0.3460452 ],0.49359868597827905,[0.78033942 0.41754671 0.28290993],0.5247631934969089,[0.70474263 0.42409241 0.44545455],,0.6729286909103394,0.5810663775855723,[0.78523141 0.53090172 0.427066  ],0.5729710100331945,[0.81117378 0.54926625 0.358473  ],0.6009143849583729,[0.76089695 0.51372549 0.52812071],110,3,5,36,15,3,gaussian_random_projection,17,,"['timeline_index', 'speaker']","[None, None]",True,False,384,0,True,"(12,)",384,"(256, 256)",0.2,0.0005,12,True,focal,2,True,5,Conv1d,,concatenation,64
0,,0.617241382598877,0.503752443712851,[0.74195984 0.43967611 0.32962138],0.4954951264803271,[0.77630332 0.43163752 0.27854454],0.5207274938020118,[0.71052632 0.4480198  0.40363636],,0.665542721748352,0.5711277904383747,[0.78063344 0.51345068 0.41929925],0.562567861163288,[0.80508701 0.52194463 0.36067194],0.5878453987905176,[0.75762157 0.50522876 0.50068587],110,3,5,36,15,3,gaussian_random_projection,17,,"['timeline_index', 'speaker']","[None, None]",True,False,384,0,True,"(12,)",384,"(256, 256)",0.2,0.0005,123,True,focal,2,True,5,Conv1d,,concatenation,64
