,loss,accuracy,f1,f1_scores,precision,precision_scores,recall,recall_scores,valid_loss,valid_accuracy,valid_f1,valid_f1_scores,valid_precision,valid_precision_scores,valid_recall,valid_recall_scores,k,shift,window_size,n,dimensions,sig_depth,method,input_channels,output_channels,features,standardise_method,include_features_in_path,include_features_in_input,embedding_dim,num_features,log_signature,num_heads,num_layers,lstm_hidden_dim,ffn_hidden_dim,dropout_rate,learning_rate,seed,loss_function,gamma,k_fold,n_splits,augmentation_type,hidden_dim_aug,comb_method,batch_size
0,,0.6204980611801147,0.5038259253386063,[0.75101795 0.43338954 0.32707029],0.4975959127971374,[0.7847463  0.44310345 0.26493799],0.5238115135978606,[0.7200694  0.42409241 0.42727273],,0.6631342172622681,0.5731274478020675,[0.77835724 0.50703259 0.43399252],0.5652098060009458,[0.80653877 0.53357401 0.35551664],0.5973374809457391,[0.75207861 0.48300654 0.5569273 ],35,3,5,11,15,3,umap,17,12,"['timeline_index', 'speaker']","[None, None]",True,False,384,0,True,10,1,384,"(512, 512)",0.1,0.0005,1,focal,2,True,5,Conv1d,,concatenation,64
0,,0.6312260627746582,0.5044599701281274,[0.7649919  0.41027913 0.33810888],0.5006119232389644,[0.77981376 0.4430622  0.27895981],0.5206090238867728,[0.75072296 0.3820132  0.42909091],,0.6700385212898254,0.5716524029844938,[0.79091259 0.49216524 0.43187938],0.5674358262600482,[0.80612245 0.54068858 0.35549645],0.5926562120046921,[0.77626606 0.45163399 0.55006859],35,3,5,11,15,3,umap,17,12,"['timeline_index', 'speaker']","[None, None]",True,False,384,0,True,10,1,384,"(512, 512)",0.1,0.0005,12,focal,2,True,5,Conv1d,,concatenation,64
0,,0.6362069249153137,0.5071122474177673,[0.76606986 0.42536998 0.32989691],0.5021701746783033,[0.77771156 0.43625325 0.29254571],0.5159899546924038,[0.75477154 0.4150165  0.37818182],,0.6693962812423706,0.5640963060848986,[0.78807863 0.49743063 0.40677966],0.5600400553805673,[0.79341164 0.52267819 0.36403034],0.5727439947172285,[0.78281683 0.4745098  0.46090535],35,3,5,11,15,3,umap,17,12,"['timeline_index', 'speaker']","[None, None]",True,False,384,0,True,10,1,384,"(512, 512)",0.1,0.0005,123,focal,2,True,5,Conv1d,,concatenation,64
