,loss,accuracy,f1,f1_scores,precision,precision_scores,recall,recall_scores,valid_loss,valid_accuracy,valid_f1,valid_f1_scores,valid_precision,valid_precision_scores,valid_recall,valid_recall_scores,k,shift,window_size,n,dimensions,sig_depth,method,input_channels,output_channels,features,standardise_method,include_features_in_path,include_features_in_input,embedding_dim,num_features,log_signature,num_heads,num_layers,ffn_hidden_dim,dropout_rate,learning_rate,seed,loss_function,gamma,k_fold,n_splits,augmentation_type,hidden_dim_aug,comb_method,batch_size
0,,0.6168582439422607,0.4904749565042416,[0.75073486 0.38640429 0.33428571],0.4868228598970969,[0.76329946 0.421875   0.27529412],0.5068224670934416,[0.73857721 0.35643564 0.42545455],,0.6899486184120178,0.5969154713599328,[0.80056108 0.52545969 0.46472564],0.5918408535245928,[0.81048283 0.57241911 0.39262062],0.6152577354673008,[0.79087931 0.48562092 0.56927298],110,3,5,36,15,3,umap,17,12,"['timeline_index', 'speaker']","[None, None]",True,False,384,0,True,10,1,"(256, 256)",0.2,0.0005,1,focal,2,True,5,Conv1d,,concatenation,64
0,,0.6300766468048096,0.5086018771466997,[0.7620313  0.40178971 0.36198463],0.5037455654405399,[0.77834741 0.43890518 0.29398411],0.5292521102891087,[0.74638519 0.37046205 0.47090909],,0.6891458034515381,0.6009851551000788,[0.79891445 0.53228022 0.4717608 ],0.5921453623343439,[0.82011144 0.56078148 0.39554318],0.6232278919798372,[0.77878559 0.50653595 0.58436214],110,3,5,36,15,3,umap,17,12,"['timeline_index', 'speaker']","[None, None]",True,False,384,0,True,10,1,"(256, 256)",0.2,0.0005,12,focal,2,True,5,Conv1d,,concatenation,64
0,,0.6241379380226135,0.5010331302785793,[0.75275544 0.4312115  0.31913246],0.49446021047884453,[0.77610565 0.42927228 0.2780027 ],0.5128276673821228,[0.73076923 0.43316832 0.37454545],,0.6820809245109558,0.589033636190497,[0.79409862 0.53355593 0.43944637],0.5802962222636886,[0.8163917  0.54539249 0.37910448],0.6059488816102573,[0.77299068 0.52222222 0.52263374],110,3,5,36,15,3,umap,17,12,"['timeline_index', 'speaker']","[None, None]",True,False,384,0,True,10,1,"(256, 256)",0.2,0.0005,123,focal,2,True,5,Conv1d,,concatenation,64
