,loss,accuracy,f1,f1_scores,precision,precision_scores,recall,recall_scores,valid_loss,valid_accuracy,valid_f1,valid_f1_scores,valid_precision,valid_precision_scores,valid_recall,valid_recall_scores,k,shift,window_size,n,dimensions,sig_depth,method,input_channels,output_channels,features,standardise_method,include_features_in_path,include_features_in_input,embedding_dim,num_features,log_signature,swnu_hidden_dim,lstm_hidden_dim,ffn_hidden_dim,dropout_rate,learning_rate,seed,BiLSTM,loss_function,gamma,k_fold,n_splits,augmentation_type,hidden_dim_aug,comb_method,batch_size
0,,0.6356321573257446,0.5206701483887061,[0.75951635 0.44181298 0.36068111],0.5121025049881472,[0.78494292 0.43734842 0.31401617],0.5352304559547915,[0.73568537 0.44636964 0.42363636],,0.665703296661377,0.5586190294653989,[0.78388747 0.51238032 0.3795893 ],0.55365201063022,[0.79589717 0.51767845 0.34738041],0.565935235548266,[0.77223482 0.50718954 0.41838134],80,3,5,26,15,3,gaussian_random_projection,17,,"['timeline_index', 'speaker']","[None, None]",True,False,384,0,True,"(12,)",384,"(512, 512)",0.2,0.0001,1,True,focal,2,True,5,Conv1d,,concatenation,64
0,,0.6429118514060974,0.5272757676025747,[0.76531826 0.45217391 0.36433513],0.5190861346379508,[0.78781384 0.45386534 0.31557923],0.5418252860566566,[0.74407172 0.45049505 0.43090909],,0.6729286909103394,0.5680171850681769,[0.79021157 0.51186101 0.40197897],0.5630533274143364,[0.79958731 0.52358168 0.36599099],0.5758409811112374,[0.78105316 0.50065359 0.44581619],80,3,5,26,15,3,gaussian_random_projection,17,,"['timeline_index', 'speaker']","[None, None]",True,False,384,0,True,"(12,)",384,"(512, 512)",0.2,0.0001,12,True,focal,2,True,5,Conv1d,,concatenation,64
0,,0.6365900635719299,0.5245564452219624,[0.76068633 0.45644891 0.35653409],0.5163779103448192,[0.79315756 0.46343537 0.29254079],0.5456009447098555,[0.73076923 0.44966997 0.45636364],,0.6616891622543335,0.56038441770779,[0.78197227 0.49386921 0.40531178],0.5543088398265993,[0.79732914 0.51564723 0.34995015],0.5741778192758584,[0.76719577 0.47385621 0.48148148],80,3,5,26,15,3,gaussian_random_projection,17,,"['timeline_index', 'speaker']","[None, None]",True,False,384,0,True,"(12,)",384,"(512, 512)",0.2,0.0001,123,True,focal,2,True,5,Conv1d,,concatenation,64
