,loss,accuracy,f1,f1_scores,precision,precision_scores,recall,recall_scores,valid_loss,valid_accuracy,valid_f1,valid_f1_scores,valid_precision,valid_precision_scores,valid_recall,valid_recall_scores,k,shift,window_size,n,dimensions,sig_depth,method,input_channels,output_channels,features,standardise_method,include_features_in_path,include_features_in_input,embedding_dim,num_features,log_signature,pooling,transformer_encoder_layers,num_heads,num_layers,ffn_hidden_dim,dropout_rate,learning_rate,seed,loss_function,gamma,k_fold,n_splits,augmentation_type,hidden_dim_aug,comb_method,batch_size
0,,0.6559386849403381,0.5298083054374841,[0.77881257 0.45122475 0.35938759],0.5258013318450699,[0.78383128 0.47085202 0.32272069],0.537493527837457,[0.77385772 0.43316832 0.40545455],,0.6726076006889343,0.5534797929016079,[0.79647336 0.4801406  0.38382542],0.5551088990360545,[0.78525955 0.51939163 0.36067551],0.5548560713723075,[0.80801209 0.44640523 0.41015089],20,3,5,6,15,3,umap,17,12,"['time_encoding', 'timeline_index']","['z_score', None]",True,True,384,2,True,signature,2,10,1,"(512, 512)",0.1,0.0005,1,focal,2,True,5,Conv1d,,concatenation,64
0,,0.6469348669052124,0.5273278429405645,[0.77075625 0.45347863 0.35774865],0.5202411510377619,[0.7893301  0.46081772 0.31057564],0.5404080853429473,[0.75303644 0.44636964 0.42181818],,0.6714836359024048,0.5656082382902855,[0.79011717 0.50984386 0.39686369],0.5611261094273269,[0.79886686 0.53036723 0.35414424],0.5745699651602754,[0.78155707 0.49084967 0.45130316],20,3,5,6,15,3,umap,17,12,"['time_encoding', 'timeline_index']","['z_score', None]",True,True,384,2,True,signature,2,10,1,"(512, 512)",0.1,0.0005,12,focal,2,True,5,Conv1d,,concatenation,64
0,,0.6551724076271057,0.5202659589921387,[0.7803551  0.43289652 0.34754626],0.5210133976441407,[0.7728304  0.47852148 0.31168831],0.52532318529713,[0.78802776 0.39521452 0.39272727],,0.6769428253173828,0.5589017542971186,[0.79851117 0.49236234 0.38583175],0.5612951912230201,[0.78660474 0.53929961 0.35798122],0.5607020311553977,[0.81078357 0.45294118 0.41838134],20,3,5,6,15,3,umap,17,12,"['time_encoding', 'timeline_index']","['z_score', None]",True,True,384,2,True,signature,2,10,1,"(512, 512)",0.1,0.0005,123,focal,2,True,5,Conv1d,,concatenation,64
