,loss,accuracy,f1,f1_scores,precision,precision_scores,recall,recall_scores,valid_loss,valid_accuracy,valid_f1,valid_f1_scores,valid_precision,valid_precision_scores,valid_recall,valid_recall_scores,k,shift,window_size,n,dimensions,sig_depth,method,input_channels,output_channels,features,standardise_method,include_features_in_path,include_features_in_input,embedding_dim,num_features,log_signature,swnu_hidden_dim,lstm_hidden_dim,ffn_hidden_dim,dropout_rate,learning_rate,seed,BiLSTM,loss_function,gamma,k_fold,n_splits,augmentation_type,hidden_dim_aug,comb_method,batch_size
0,,0.644444465637207,0.5322683059078481,[0.76623182 0.45905607 0.37151703],0.5227482507753082,[0.79570227 0.44909234 0.32345013],0.5482339934398298,[0.7388664  0.46947195 0.43636364],,0.6828837394714355,0.5881578285124248,[0.79542828 0.52355316 0.44549204],0.5803939915586239,[0.81115767 0.53952843 0.39049587],0.6024375182171634,[0.7802973  0.50849673 0.51851852],80,3,5,26,15,4,umap,17,,"['timeline_index', 'speaker']","[None, None]",True,False,384,0,True,"(10,)",384,"(256, 256)",0.1,0.0005,1,True,focal,2,True,5,Conv1d,,concatenation,64
0,,0.6099616885185242,0.5020404360706197,[0.74226172 0.41195741 0.35190217],0.49309784217425195,[0.78943937 0.40894309 0.28091106],0.5287768169529504,[0.70040486 0.4150165  0.47090909],,0.6631342172622681,0.582095901036451,[0.77576565 0.51458538 0.45593668],0.5697514067063557,[0.82264897 0.51610782 0.37049743],0.6132008358899115,[0.73393802 0.5130719  0.59259259],80,3,5,26,15,4,umap,17,,"['timeline_index', 'speaker']","[None, None]",True,False,384,0,True,"(10,)",384,"(256, 256)",0.1,0.0005,12,True,focal,2,True,5,Conv1d,,concatenation,64
0,,0.625095784664154,0.5094513960496888,[0.75413783 0.43551797 0.33869839],0.5026821710215816,[0.78607277 0.44666088 0.27531286],0.5298712826748262,[0.72469636 0.42491749 0.44      ],,0.6665061116218567,0.5752265651241321,[0.78430861 0.50416667 0.43720441],0.5681623037448317,[0.81236501 0.53777778 0.35434412],0.6010933317085407,[0.75812547 0.4745098  0.57064472],80,3,5,26,15,4,umap,17,,"['timeline_index', 'speaker']","[None, None]",True,False,384,0,True,"(10,)",384,"(256, 256)",0.1,0.0005,123,True,focal,2,True,5,Conv1d,,concatenation,64
