,loss,accuracy,f1,f1_scores,precision,precision_scores,recall,recall_scores,valid_loss,valid_accuracy,valid_f1,valid_f1_scores,valid_precision,valid_precision_scores,valid_recall,valid_recall_scores,k,shift,window_size,n,dimensions,sig_depth,method,input_channels,output_channels,features,standardise_method,include_features_in_path,include_features_in_input,embedding_dim,num_features,log_signature,pooling,swnu_hidden_dim,lstm_hidden_dim,ffn_hidden_dim,dropout_rate,learning_rate,seed,BiLSTM,loss_function,gamma,k_fold,n_splits,augmentation_type,hidden_dim_aug,comb_method,batch_size
0,,0.6329501867294312,0.5063554551944157,[0.76249084 0.41340782 0.3431677 ],0.5012143006346222,[0.77279477 0.43139013 0.29945799],0.5170469788447902,[0.75245807 0.39686469 0.40181818],,0.6639370322227478,0.5603014152406492,[0.7803011  0.50382696 0.39677619],0.5551988005471494,[0.79038511 0.51322034 0.36199095],0.5680666230827036,[0.77047115 0.49477124 0.43895748],11,3,5,3,15,3,umap,17,,"['time_encoding', 'timeline_index']","['z_score', None]",True,True,384,2,True,signature,"(12,)",384,"(256, 256)",0.2,0.001,1,True,focal,2,True,5,Conv1d,,concatenation,64
0,,0.6149425506591797,0.5047354766121394,[0.73560409 0.44992526 0.32867707],0.49686418835348967,[0.7795403  0.41120219 0.29985007],0.5188974363023346,[0.69635628 0.49669967 0.36363636],,0.6445086598396301,0.542317659141948,[0.76501442 0.49678801 0.36515054],0.5357104808960292,[0.79764835 0.46693502 0.34254808],0.5522037621633015,[0.73494583 0.53071895 0.3909465 ],11,3,5,3,15,3,umap,17,,"['time_encoding', 'timeline_index']","['z_score', None]",True,True,384,2,True,signature,"(12,)",384,"(256, 256)",0.2,0.001,12,True,focal,2,True,5,Conv1d,,concatenation,64
0,,0.6260536313056946,0.5008740714553234,[0.76227662 0.42471358 0.31563201],0.4940833980225707,[0.79287723 0.42126623 0.26810673],0.5152681485615305,[0.73395026 0.42821782 0.38363636],,0.6504495739936829,0.5355604208219084,[0.77084399 0.49748111 0.33835616],0.5334995167739135,[0.78265386 0.4799514  0.3378933 ],0.5381818022133408,[0.75938524 0.51633987 0.3388203 ],11,3,5,3,15,3,umap,17,,"['time_encoding', 'timeline_index']","['z_score', None]",True,True,384,2,True,signature,"(12,)",384,"(256, 256)",0.2,0.001,123,True,focal,2,True,5,Conv1d,,concatenation,64
