,loss,accuracy,f1,f1_scores,precision,precision_scores,recall,recall_scores,valid_loss,valid_accuracy,valid_f1,valid_f1_scores,valid_precision,valid_precision_scores,valid_recall,valid_recall_scores,k,shift,window_size,n,dimensions,sig_depth,method,input_channels,output_channels,features,standardise_method,include_features_in_path,include_features_in_input,embedding_dim,num_features,log_signature,swnu_hidden_dim,lstm_hidden_dim,ffn_hidden_dim,dropout_rate,learning_rate,seed,BiLSTM,loss_function,gamma,k_fold,n_splits,augmentation_type,hidden_dim_aug,comb_method,batch_size
0,,0.632758617401123,0.5207499137565624,[0.75729323 0.44281046 0.36214605],0.5113922088245032,[0.78884712 0.43851133 0.30681818],0.5390598238539875,[0.72816657 0.44719472 0.44181818],,0.6689145565032959,0.572209820777564,[0.78595318 0.50153113 0.42914515],0.5649310763848239,[0.80289093 0.523066   0.36883629],0.5881487299995444,[0.76971529 0.48169935 0.51303155],20,3,5,6,15,4,umap,17,,"['timeline_index', 'speaker']","[None, None]",True,False,384,0,True,"(10,)",384,"(256, 256)",0.2,0.0005,1,True,focal,2,True,5,Conv1d,,concatenation,64
0,,0.6266283392906189,0.5080150868744824,[0.75655431 0.4295246  0.33796635],0.5006224034339192,[0.78489276 0.43423272 0.28274174],0.5250361178396613,[0.73019086 0.42491749 0.42      ],,0.6682723164558411,0.5725246154234128,[0.78513146 0.51162791 0.42081448],0.5646853701997226,[0.80783582 0.52818372 0.35803657],0.590011642517089,[0.76366843 0.49607843 0.51028807],20,3,5,6,15,4,umap,17,,"['timeline_index', 'speaker']","[None, None]",True,False,384,0,True,"(10,)",384,"(256, 256)",0.2,0.0005,12,True,focal,2,True,5,Conv1d,,concatenation,64
0,,0.6346743106842041,0.5206668157147635,[0.75896057 0.44127517 0.36176471],0.5124176111286655,[0.78474367 0.44880546 0.3037037 ],0.5386946467926145,[0.73481781 0.4339934  0.44727273],,0.6676300764083862,0.5654287129164443,[0.78562357 0.49203049 0.41863208],0.5609250225767424,[0.79206146 0.52359882 0.36711479],0.57677007702944,[0.77928949 0.46405229 0.48696845],20,3,5,6,15,4,umap,17,,"['timeline_index', 'speaker']","[None, None]",True,False,384,0,True,"(10,)",384,"(256, 256)",0.2,0.0005,123,True,focal,2,True,5,Conv1d,,concatenation,64
