,loss,accuracy,f1,f1_scores,precision,precision_scores,recall,recall_scores,valid_loss,valid_accuracy,valid_f1,valid_f1_scores,valid_precision,valid_precision_scores,valid_recall,valid_recall_scores,k,shift,window_size,n,dimensions,sig_depth,method,input_channels,output_channels,features,standardise_method,include_features_in_path,include_features_in_input,embedding_dim,num_features,log_signature,pooling,swnu_hidden_dim,lstm_hidden_dim,ffn_hidden_dim,dropout_rate,learning_rate,seed,BiLSTM,loss_function,gamma,k_fold,n_splits,augmentation_type,hidden_dim_aug,comb_method,batch_size
0,,0.6314176321029663,0.5112090991192849,[0.76114697 0.43863179 0.33384853],0.5032968818797391,[0.79144552 0.42812255 0.29032258],0.5251599821636299,[0.73308271 0.44966997 0.39272727],,0.6607257723808289,0.5646752784275573,[0.77673448 0.51149425 0.4057971 ],0.5558473338810193,[0.80508245 0.5        0.36245955],0.5782499007833586,[0.75031494 0.52352941 0.46090535],20,3,5,6,15,4,umap,17,,"['time_encoding', 'timeline_index']","['z_score', None]",True,True,384,2,True,signature,"(10,)",384,"(256, 256)",0.2,0.0005,1,True,focal,2,True,5,Conv1d,,concatenation,64
0,,0.6289272308349609,0.517220489229243,[0.74908201 0.46230797 0.34027149],0.5139159455943855,[0.79532164 0.40768746 0.33873874],0.5278567399828473,[0.70792366 0.53382838 0.34181818],,0.650288999080658,0.5500763319446791,[0.7677453  0.49817518 0.38430851],0.5449948763498217,[0.7962111  0.46587031 0.37290323],0.5576574113870514,[0.74124465 0.53529412 0.39643347],20,3,5,6,15,4,umap,17,,"['time_encoding', 'timeline_index']","['z_score', None]",True,True,384,2,True,signature,"(10,)",384,"(256, 256)",0.2,0.0005,12,True,focal,2,True,5,Conv1d,,concatenation,64
0,,0.6454023122787476,0.5041536590540562,[0.77545767 0.4125     0.32450331],0.5048026980899295,[0.76711941 0.44941634 0.29787234],0.5071769779638462,[0.78397918 0.38118812 0.35636364],,0.6637765169143677,0.5454495165872512,[0.78645508 0.48026981 0.36962366],0.5462016921877987,[0.78011899 0.49616725 0.36231884],0.5451611646030154,[0.79289494 0.46535948 0.37722908],20,3,5,6,15,4,umap,17,,"['time_encoding', 'timeline_index']","['z_score', None]",True,True,384,2,True,signature,"(10,)",384,"(256, 256)",0.2,0.0005,123,True,focal,2,True,5,Conv1d,,concatenation,64
