,loss,accuracy,f1,f1_scores,precision,precision_scores,recall,recall_scores,valid_loss,valid_accuracy,valid_f1,valid_f1_scores,valid_precision,valid_precision_scores,valid_recall,valid_recall_scores,k,shift,window_size,n,dimensions,sig_depth,method,input_channels,output_channels,features,standardise_method,include_features_in_path,include_features_in_input,embedding_dim,num_features,log_signature,num_heads,num_layers,ffn_hidden_dim,dropout_rate,learning_rate,seed,loss_function,gamma,k_fold,n_splits,augmentation_type,hidden_dim_aug,comb_method,batch_size
0,,0.6398467421531677,0.5033551919952356,[0.76920821 0.43623361 0.30462375],0.5015591621353609,[0.78019036 0.42068966 0.30379747],0.5056519284085724,[0.75853094 0.4529703  0.30545455],,0.6860950589179993,0.5822998907657708,[0.79827345 0.52685751 0.42176871],0.5805132897399047,[0.80450358 0.51868271 0.41835358],0.5842244167900357,[0.79213908 0.53529412 0.42524005],35,3,5,11,15,3,gaussian_random_projection,17,12,"['timeline_index', 'speaker']","[None, None]",True,False,384,0,True,10,1,"(512, 512)",0.1,0.0001,1,focal,2,True,5,Conv1d,,concatenation,64
0,,0.6235632300376892,0.49797214757560165,[0.75352845 0.41958599 0.32080201],0.4923210619888511,[0.77482432 0.40538462 0.29675425],0.5057604274019073,[0.73337189 0.43481848 0.34909091],,0.6780667901039124,0.5864811256698997,[0.79043637 0.52667494 0.44233207],0.5777160030555757,[0.82089552 0.50118064 0.41107185],0.5985988908594988,[0.76215671 0.55490196 0.478738  ],35,3,5,11,15,3,gaussian_random_projection,17,12,"['timeline_index', 'speaker']","[None, None]",True,False,384,0,True,10,1,"(512, 512)",0.1,0.0001,12,focal,2,True,5,Conv1d,,concatenation,64
0,,0.6365900635719299,0.5107158094762131,[0.76361495 0.43050431 0.33802817],0.5053176937968665,[0.77757794 0.42787286 0.31050228],0.5180739999968765,[0.75014459 0.43316832 0.37090909],,0.679030179977417,0.5754504865535209,[0.79399032 0.51917989 0.41318124],0.5706634101670076,[0.802574   0.52543507 0.38398115],0.5819493778306933,[0.78558831 0.5130719  0.44718793],35,3,5,11,15,3,gaussian_random_projection,17,12,"['timeline_index', 'speaker']","[None, None]",True,False,384,0,True,10,1,"(512, 512)",0.1,0.0001,123,focal,2,True,5,Conv1d,,concatenation,64
