,loss,accuracy,f1,f1_scores,precision,precision_scores,recall,recall_scores,valid_loss,valid_accuracy,valid_f1,valid_f1_scores,valid_precision,valid_precision_scores,valid_recall,valid_recall_scores,k,shift,window_size,n,dimensions,sig_depth,method,input_channels,output_channels,features,standardise_method,include_features_in_path,include_features_in_input,embedding_dim,num_features,log_signature,pooling,swnu_hidden_dim,lstm_hidden_dim,ffn_hidden_dim,dropout_rate,learning_rate,seed,BiLSTM,loss_function,gamma,k_fold,n_splits,augmentation_type,hidden_dim_aug,comb_method,batch_size
0,,0.629118800163269,0.5110416204564645,[0.75274643 0.44403124 0.3363472 ],0.507826873747674,[0.78475055 0.4041977  0.33453237],0.5180021697947701,[0.72325043 0.49257426 0.33818182],,0.6673089265823364,0.5637259911247111,[0.78379431 0.51478053 0.39260313],0.5634164561116367,[0.80868167 0.47388675 0.40768095],0.567464187321019,[0.76039305 0.56339869 0.37860082],35,3,5,11,15,4,umap,17,,"['time_encoding', 'timeline_index']","['z_score', None]",True,True,384,2,True,signature,"(10,)",384,"(512, 512)",0.2,0.0005,1,True,focal,2,True,5,Conv1d,,concatenation,64
0,,0.6400383114814758,0.5016296618573249,[0.77048477 0.39213974 0.34226448],0.5015999367478691,[0.76209335 0.41651206 0.3261944 ],0.5031750294751859,[0.77906304 0.37046205 0.36      ],,0.6620102524757385,0.549434651595444,[0.78224897 0.48013582 0.38591917],0.5485972067453443,[0.77844311 0.49964664 0.36770186],0.5514064610755139,[0.78609221 0.4620915  0.40603567],35,3,5,11,15,4,umap,17,,"['time_encoding', 'timeline_index']","['z_score', None]",True,True,384,2,True,signature,"(10,)",384,"(512, 512)",0.2,0.0005,12,True,focal,2,True,5,Conv1d,,concatenation,64
0,,0.6377394795417786,0.5017093002488272,[0.7759324  0.39485359 0.33434191],0.498396106271407,[0.78185555 0.42706334 0.28626943],0.5130260735732336,[0.77009832 0.36716172 0.40181818],,0.6727681159973145,0.5600441815017131,[0.79221265 0.48552945 0.40239044],0.5605266044390894,[0.78486647 0.50675195 0.38996139],0.5604495296060811,[0.79969766 0.46601307 0.41563786],35,3,5,11,15,4,umap,17,,"['time_encoding', 'timeline_index']","['z_score', None]",True,True,384,2,True,signature,"(10,)",384,"(512, 512)",0.2,0.0005,123,True,focal,2,True,5,Conv1d,,concatenation,64
