,loss,accuracy,f1,f1_scores,precision,precision_scores,recall,recall_scores,valid_loss,valid_accuracy,valid_f1,valid_f1_scores,valid_precision,valid_precision_scores,valid_recall,valid_recall_scores,k,shift,window_size,n,dimensions,sig_depth,method,input_channels,output_channels,features,standardise_method,include_features_in_path,include_features_in_input,embedding_dim,num_features,log_signature,swnu_hidden_dim,lstm_hidden_dim,ffn_hidden_dim,dropout_rate,learning_rate,seed,BiLSTM,loss_function,gamma,k_fold,n_splits,augmentation_type,hidden_dim_aug,comb_method,batch_size
0,,0.6329501867294312,0.5166189164973694,[0.75487424 0.44336961 0.3516129 ],0.5090099080565278,[0.77767556 0.43341214 0.31594203],0.5278436357227395,[0.73337189 0.45379538 0.39636364],,0.6734104156494141,0.5658432210682077,[0.78968203 0.52278646 0.38506117],0.5614125957059919,[0.80062144 0.52075227 0.36286408],0.5713416779606219,[0.77903754 0.5248366  0.41015089],35,3,5,11,15,3,gaussian_random_projection,17,,"['timeline_index', 'speaker']","[None, None]",True,False,384,0,True,"(12,)",384,"(512, 512)",0.1,0.0001,1,True,focal,2,True,5,Conv1d,,concatenation,64
0,,0.6379310488700867,0.525770716888618,[0.76053381 0.45163934 0.36513899],0.5165405822454511,[0.78978511 0.44869707 0.31113956],0.5432701783770049,[0.73337189 0.45462046 0.44181818],,0.6705202460289001,0.5668060500480416,[0.78857434 0.50506415 0.40677966],0.5615747462625371,[0.79834753 0.52234637 0.36403034],0.5762772598751434,[0.77903754 0.48888889 0.46090535],35,3,5,11,15,3,gaussian_random_projection,17,,"['timeline_index', 'speaker']","[None, None]",True,False,384,0,True,"(12,)",384,"(512, 512)",0.1,0.0001,12,True,focal,2,True,5,Conv1d,,concatenation,64
0,,0.6339080333709717,0.5183274829234779,[0.75968297 0.4430433  0.35225619],0.5106319422365769,[0.78662124 0.45158526 0.29368932],0.5364490370378854,[0.73452863 0.43481848 0.44      ],,0.6669877767562866,0.5648317891990422,[0.78579611 0.49154298 0.41715629],0.5598936771206344,[0.79398148 0.52084857 0.36485098],0.5767019016111246,[0.77777778 0.46535948 0.48696845],35,3,5,11,15,3,gaussian_random_projection,17,,"['timeline_index', 'speaker']","[None, None]",True,False,384,0,True,"(12,)",384,"(512, 512)",0.1,0.0001,123,True,focal,2,True,5,Conv1d,,concatenation,64
