,loss,accuracy,f1,f1_scores,precision,precision_scores,recall,recall_scores,valid_loss,valid_accuracy,valid_f1,valid_f1_scores,valid_precision,valid_precision_scores,valid_recall,valid_recall_scores,k,shift,window_size,n,dimensions,sig_depth,method,input_channels,output_channels,features,standardise_method,include_features_in_path,include_features_in_input,embedding_dim,num_features,log_signature,num_heads,num_layers,ffn_hidden_dim,dropout_rate,learning_rate,seed,loss_function,gamma,k_fold,n_splits,augmentation_type,hidden_dim_aug,comb_method,batch_size
0,,0.6287356615066528,0.5076591528702215,[0.75639098 0.45351657 0.31306991],0.5004564200669933,[0.78790727 0.44453249 0.2689295 ],0.5215719194822895,[0.72729902 0.46287129 0.37454545],,0.6674695014953613,0.5702507473461181,[0.78382946 0.51888021 0.40804258],0.5617007989451744,[0.80961332 0.51686122 0.35862786],0.5846010832316465,[0.75963719 0.52091503 0.47325103],20,3,5,6,15,3,umap,17,12,"['timeline_index', 'speaker']","[None, None]",True,False,384,0,True,10,1,"(256, 256)",0.2,0.0005,1,focal,2,True,5,Conv1d,,concatenation,64
0,,0.6059386730194092,0.5020408806876744,[0.73409411 0.44563965 0.32638889],0.49330744982090985,[0.79891119 0.41696621 0.26404494],0.5282752624597336,[0.67900521 0.47854785 0.42727273],,0.6547848582267761,0.5693085170663016,[0.76980429 0.51088348 0.42723778],0.5576866641320298,[0.81620553 0.50062735 0.35622711],0.5945237903117352,[0.72839506 0.52156863 0.53360768],20,3,5,6,15,3,umap,17,12,"['timeline_index', 'speaker']","[None, None]",True,False,384,0,True,10,1,"(256, 256)",0.2,0.0005,12,focal,2,True,5,Conv1d,,concatenation,64
0,,0.6187739372253418,0.5034738865985532,[0.74734607 0.43742503 0.32565056],0.4951819842652285,[0.78571429 0.42435997 0.2754717 ],0.5206841858274897,[0.71255061 0.45132013 0.39818182],,0.6629736423492432,0.5669821958839413,[0.7815762  0.50899575 0.41037464],0.5579757622130067,[0.8105548  0.50949574 0.35387674],0.5838116865401853,[0.75459814 0.50849673 0.48834019],20,3,5,6,15,3,umap,17,12,"['timeline_index', 'speaker']","[None, None]",True,False,384,0,True,10,1,"(256, 256)",0.2,0.0005,123,focal,2,True,5,Conv1d,,concatenation,64
