,loss,accuracy,f1,f1_scores,precision,precision_scores,recall,recall_scores,valid_loss,valid_accuracy,valid_f1,valid_f1_scores,valid_precision,valid_precision_scores,valid_recall,valid_recall_scores,k,shift,window_size,n,dimensions,sig_depth,method,input_channels,output_channels,features,standardise_method,include_features_in_path,include_features_in_input,embedding_dim,num_features,log_signature,swnu_hidden_dim,lstm_hidden_dim,ffn_hidden_dim,dropout_rate,learning_rate,seed,BiLSTM,loss_function,gamma,k_fold,n_splits,augmentation_type,hidden_dim_aug,comb_method,batch_size
0,,0.6296935081481934,0.507625676725089,[0.75463856 0.43790323 0.33033524],0.5012061264808055,[0.77523635 0.42823344 0.30014859],0.5167998425059394,[0.735107   0.4480198  0.36727273],,0.6724470257759094,0.5709490212391118,[0.78982528 0.51111111 0.41191067],0.5642895871474424,[0.80576671 0.51111111 0.37599094],0.5803439620018104,[0.77450239 0.51111111 0.45541838],35,3,5,11,15,4,umap,17,,"['timeline_index', 'speaker']","[None, None]",True,False,384,0,True,"(10,)",384,"(256, 256)",0.2,0.0005,1,True,focal,2,True,5,Conv1d,,concatenation,64
0,,0.6375479102134705,0.518868726208413,[0.76779082 0.42966983 0.35914553],0.5162401714929686,[0.78948976 0.47547548 0.28375527],0.5427526159209327,[0.74725275 0.39191419 0.48909091],,0.6629736423492432,0.5685382750704581,[0.78462335 0.48298335 0.43800813],0.565339331866955,[0.80676071 0.5413961  0.34786118],0.5969456644111691,[0.76366843 0.43594771 0.59122085],35,3,5,11,15,4,umap,17,,"['timeline_index', 'speaker']","[None, None]",True,False,384,0,True,"(10,)",384,"(256, 256)",0.2,0.0005,12,True,focal,2,True,5,Conv1d,,concatenation,64
0,,0.6381226181983948,0.521836019104618,[0.76297834 0.4360838  0.36644592],0.51450248655695,[0.78319123 0.45252884 0.30778739],0.539100628397137,[0.74378253 0.42079208 0.45272727],,0.6645793318748474,0.5593549507482365,[0.78549696 0.48637168 0.40619621],0.5567073797116783,[0.79050778 0.53050193 0.34911243],0.5717218574672668,[0.78054926 0.44901961 0.48559671],35,3,5,11,15,4,umap,17,,"['timeline_index', 'speaker']","[None, None]",True,False,384,0,True,"(10,)",384,"(256, 256)",0.2,0.0005,123,True,focal,2,True,5,Conv1d,,concatenation,64
