,loss,accuracy,f1,f1_scores,precision,precision_scores,recall,recall_scores,valid_loss,valid_accuracy,valid_f1,valid_f1_scores,valid_precision,valid_precision_scores,valid_recall,valid_recall_scores,k,shift,window_size,n,dimensions,sig_depth,method,input_channels,output_channels,features,standardise_method,include_features_in_path,include_features_in_input,embedding_dim,num_features,log_signature,pooling,transformer_encoder_layers,num_heads,num_layers,ffn_hidden_dim,dropout_rate,learning_rate,seed,loss_function,gamma,k_fold,n_splits,augmentation_type,hidden_dim_aug,comb_method,batch_size
0,,0.6295019388198853,0.4690054361826294,[0.76558113 0.36175711 0.27967807],0.47843465396656887,[0.74386252 0.37837838 0.31306306],0.46262268563467096,[0.78860613 0.34653465 0.25272727],,0.6639370322227478,0.5267484502960474,[0.79257803 0.46425008 0.32341724],0.5368025080412342,[0.7735668  0.47257955 0.36426117],0.519855239763944,[0.81254724 0.45620915 0.29080933],11,3,5,3,15,3,umap,17,10,"['time_encoding', 'timeline_index']","['z_score', None]",True,True,384,2,True,signature,2,5,1,"(512, 512)",0.1,0.0005,1,focal,2,True,5,Conv1d,,concatenation,64
0,,0.6517241597175598,0.5006792126618734,[0.77881533 0.39359268 0.32962963],0.5098208962335058,[0.75168146 0.44193217 0.33584906],0.4954677781254124,[0.80798149 0.35478548 0.32363636],,0.6774245500564575,0.5395084249248067,[0.80287425 0.45253863 0.36311239],0.5550654859978401,[0.76512212 0.51767677 0.38239757],0.5307283407190037,[0.84454523 0.40196078 0.34567901],11,3,5,3,15,3,umap,17,10,"['time_encoding', 'timeline_index']","['z_score', None]",True,True,384,2,True,signature,2,5,1,"(512, 512)",0.1,0.0005,12,focal,2,True,5,Conv1d,,concatenation,64
0,,0.6567049622535706,0.49749732526211443,[0.78573419 0.41100917 0.29574861],0.5072087710612174,[0.75806452 0.46280992 0.30075188],0.49201544792998675,[0.81550029 0.36963696 0.29090909],,0.6676300764083862,0.5273377758048368,[0.79570929 0.44858474 0.3377193 ],0.5402138997699105,[0.76270795 0.4964314  0.36150235],0.5192394653334584,[0.83169564 0.40915033 0.31687243],11,3,5,3,15,3,umap,17,10,"['time_encoding', 'timeline_index']","['z_score', None]",True,True,384,2,True,signature,2,5,1,"(512, 512)",0.1,0.0005,123,focal,2,True,5,Conv1d,,concatenation,64
