,loss,accuracy,f1,f1_scores,precision,precision_scores,recall,recall_scores,valid_loss,valid_accuracy,valid_f1,valid_f1_scores,valid_precision,valid_precision_scores,valid_recall,valid_recall_scores,k,shift,window_size,n,dimensions,sig_depth,method,input_channels,output_channels,features,standardise_method,include_features_in_path,include_features_in_input,embedding_dim,num_features,log_signature,swnu_hidden_dim,lstm_hidden_dim,ffn_hidden_dim,dropout_rate,learning_rate,seed,BiLSTM,loss_function,gamma,k_fold,n_splits,augmentation_type,hidden_dim_aug,comb_method,batch_size
0,,0.6314176321029663,0.5162069311490722,[0.75276532 0.44602049 0.34983498],0.5087245041335072,[0.77908416 0.42684766 0.32024169],0.5268726051321153,[0.72816657 0.4669967  0.38545455],,0.6698779463768005,0.5606188284260919,[0.78799489 0.51502423 0.37883736],0.5566256615699038,[0.7990158  0.50926518 0.36159601],0.5653313726039113,[0.77727387 0.52091503 0.39780521],20,3,5,6,15,3,gaussian_random_projection,17,,"['timeline_index', 'speaker']","[None, None]",True,False,384,0,True,"(12,)",384,"(512, 512)",0.1,0.0001,1,True,focal,2,True,5,Conv1d,,concatenation,64
0,,0.6408045887947083,0.5241408223089825,[0.76398161 0.44659378 0.36184709],0.5165779018304961,[0.78434359 0.45540309 0.30998703],0.5391047843939976,[0.74465009 0.43811881 0.43454545],,0.6708413362503052,0.5669051856752647,[0.78929936 0.50271003 0.40870617],0.5618178536528563,[0.79824787 0.52180028 0.36540541],0.5763884703401251,[0.78054926 0.48496732 0.46364883],20,3,5,6,15,3,gaussian_random_projection,17,,"['timeline_index', 'speaker']","[None, None]",True,False,384,0,True,"(12,)",384,"(512, 512)",0.1,0.0001,12,True,focal,2,True,5,Conv1d,,concatenation,64
0,,0.6287356615066528,0.516960763777459,[0.75482509 0.43983402 0.35622318],0.5082103050559227,[0.78859483 0.44240401 0.29363208],0.5379499349587937,[0.7238288  0.43729373 0.45272727],,0.6639370322227478,0.5624343816768459,[0.78381148 0.49450549 0.40898618],0.55686630957009,[0.79708257 0.52098408 0.35253227],0.5761772473049577,[0.77097506 0.47058824 0.48696845],20,3,5,6,15,3,gaussian_random_projection,17,,"['timeline_index', 'speaker']","[None, None]",True,False,384,0,True,"(12,)",384,"(512, 512)",0.1,0.0001,123,True,focal,2,True,5,Conv1d,,concatenation,64
