,loss,accuracy,f1,f1_scores,precision,precision_scores,recall,recall_scores,valid_loss,valid_accuracy,valid_f1,valid_f1_scores,valid_precision,valid_precision_scores,valid_recall,valid_recall_scores,k,shift,window_size,n,dimensions,sig_depth,method,input_channels,output_channels,features,standardise_method,include_features_in_path,include_features_in_input,embedding_dim,num_features,log_signature,num_heads,num_layers,lstm_hidden_dim,ffn_hidden_dim,dropout_rate,learning_rate,seed,loss_function,gamma,k_fold,n_splits,augmentation_type,hidden_dim_aug,comb_method,batch_size
0,,0.6383141875267029,0.5158373798478819,[0.76566194 0.44020797 0.34164223],0.510841297356392,[0.78277946 0.46350365 0.28624079],0.5306851055261685,[0.74927704 0.41914191 0.42363636],,0.6663455367088318,0.5634757937406754,[0.78678066 0.49205252 0.4115942 ],0.5584908593809795,[0.79705274 0.52199413 0.3564257 ],0.5763659647672512,[0.77676997 0.46535948 0.48696845],11,3,5,3,15,4,umap,17,8,"['timeline_index', 'speaker']","[None, None]",True,False,384,0,True,6,1,384,"(512, 512)",0.2,0.0005,1,focal,2,True,5,Conv1d,,concatenation,64
0,,0.6431034207344055,0.5176924722982968,[0.76815398 0.43179844 0.353125  ],0.5134194087337084,[0.77470588 0.4559633  0.30958904],0.5275623565826797,[0.76171197 0.41006601 0.41090909],,0.6653821468353271,0.5509028144175788,[0.78801611 0.49140893 0.3732834 ],0.5493448206627846,[0.78742138 0.51811594 0.34249714],0.5553609646876584,[0.78861174 0.46732026 0.41015089],11,3,5,3,15,4,umap,17,8,"['timeline_index', 'speaker']","[None, None]",True,False,384,0,True,6,1,384,"(512, 512)",0.2,0.0005,12,focal,2,True,5,Conv1d,,concatenation,64
0,,0.6362069249153137,0.5122750338703548,[0.76523271 0.42290352 0.34868887],0.5097105012829871,[0.77721443 0.46620278 0.28571429],0.5292837432962498,[0.75361481 0.3869637  0.44727273],,0.6610468626022339,0.5492807229618473,[0.78648853 0.47536857 0.38598507],0.5490927847799301,[0.78688525 0.5283773  0.33201581],0.5596745694162438,[0.78609221 0.43202614 0.46090535],11,3,5,3,15,4,umap,17,8,"['timeline_index', 'speaker']","[None, None]",True,False,384,0,True,6,1,384,"(512, 512)",0.2,0.0005,123,focal,2,True,5,Conv1d,,concatenation,64
