,loss,accuracy,f1,f1_scores,precision,precision_scores,recall,recall_scores,valid_loss,valid_accuracy,valid_f1,valid_f1_scores,valid_precision,valid_precision_scores,valid_recall,valid_recall_scores,k,shift,window_size,n,dimensions,sig_depth,method,input_channels,output_channels,features,standardise_method,include_features_in_path,include_features_in_input,embedding_dim,num_features,log_signature,num_heads,num_layers,lstm_hidden_dim,ffn_hidden_dim,dropout_rate,learning_rate,seed,loss_function,gamma,k_fold,n_splits,augmentation_type,hidden_dim_aug,comb_method,batch_size
0,,0.629118800163269,0.5115009020440712,[0.75594793 0.43767997 0.34087481],0.5036387417135401,[0.78325581 0.4364233  0.29123711],0.5267776771893499,[0.73048005 0.43894389 0.41090909],,0.6718047261238098,0.5745510603936678,[0.78982357 0.48964088 0.44418872],0.567767871008889,[0.80171295 0.51903367 0.38255699],0.5903909437574756,[0.77828168 0.46339869 0.52949246],20,3,5,6,15,3,gaussian_random_projection,17,12,"['timeline_index', 'speaker']","[None, None]",True,False,384,0,True,10,1,384,"(256, 256)",0.2,0.0005,1,focal,2,True,5,Conv1d,,concatenation,64
0,,0.6199233531951904,0.5044333228054506,[0.75275305 0.42192258 0.33862434],0.49970415243327504,[0.78681804 0.44618215 0.26611227],0.5290449629115601,[0.72151533 0.40016502 0.46545455],,0.6579961180686951,0.5634821697542362,[0.77872671 0.48036788 0.43135192],0.5579413359998302,[0.80047885 0.52351581 0.34982935],0.588110196067453,[0.75812547 0.44379085 0.56241427],20,3,5,6,15,3,gaussian_random_projection,17,12,"['timeline_index', 'speaker']","[None, None]",True,False,384,0,True,10,1,384,"(256, 256)",0.2,0.0005,12,focal,2,True,5,Conv1d,,concatenation,64
0,,0.6314176321029663,0.5099408286451274,[0.75506555 0.4480571  0.32669983],0.5034454846611692,[0.77873387 0.43129771 0.30030488],0.519048985870247,[0.73279352 0.46617162 0.35818182],,0.6775851249694824,0.5800602414245891,[0.79030396 0.51960784 0.43026892],0.5732896920523696,[0.80485893 0.51960784 0.3954023 ],0.5892510639372347,[0.77626606 0.51960784 0.47187929],20,3,5,6,15,3,gaussian_random_projection,17,12,"['timeline_index', 'speaker']","[None, None]",True,False,384,0,True,10,1,384,"(256, 256)",0.2,0.0005,123,focal,2,True,5,Conv1d,,concatenation,64
