,loss,accuracy,f1,f1_scores,precision,precision_scores,recall,recall_scores,valid_loss,valid_accuracy,valid_f1,valid_f1_scores,valid_precision,valid_precision_scores,valid_recall,valid_recall_scores,k,shift,window_size,n,dimensions,sig_depth,method,input_channels,output_channels,features,standardise_method,include_features_in_path,include_features_in_input,embedding_dim,num_features,log_signature,swnu_hidden_dim,lstm_hidden_dim,ffn_hidden_dim,dropout_rate,learning_rate,seed,BiLSTM,loss_function,gamma,k_fold,n_splits,augmentation_type,hidden_dim_aug,comb_method,batch_size
0,,0.6298850774765015,0.5171847458364222,[0.75224955 0.43837754 0.36092715],0.5094319584897311,[0.78130841 0.41568047 0.33130699],0.5284449104251084,[0.72527473 0.46369637 0.39636364],,0.6904303431510925,0.5987022537553995,[0.79761905 0.54876879 0.44971893],0.5900001011756765,[0.81989891 0.53725736 0.41284404],0.6103764962775234,[0.77651801 0.56078431 0.49382716],110,3,5,36,15,4,umap,17,,"['timeline_index', 'speaker']","[None, None]",True,False,384,0,True,"(10,)",384,"(256, 256)",0.1,0.0005,1,True,focal,2,True,5,Conv1d,,concatenation,64
0,,0.632758617401123,0.5162666212585194,[0.76016622 0.42243646 0.36619718],0.5100368491196997,[0.78079268 0.45046729 0.29885057],0.5370061818211896,[0.7406015  0.39768977 0.47272727],,0.676300585269928,0.5840146971751745,[0.79184411 0.50972075 0.45047923],0.5782762553337227,[0.81164021 0.55504234 0.36814621],0.6081598071327297,[0.77299068 0.47124183 0.58024691],110,3,5,36,15,4,umap,17,,"['timeline_index', 'speaker']","[None, None]",True,False,384,0,True,"(10,)",384,"(256, 256)",0.1,0.0005,12,True,focal,2,True,5,Conv1d,,concatenation,64
0,,0.6093869805335999,0.5031678091682082,[0.73908347 0.43022791 0.34019204],0.49425497019434356,[0.79225935 0.41737781 0.27312775],0.529133452385146,[0.69259688 0.44389439 0.45090909],,0.668432891368866,0.5747021075233792,[0.78353185 0.51240231 0.42817216],0.566932009514635,[0.80585885 0.53361642 0.36132075],0.5935321179226148,[0.76240867 0.49281046 0.52537723],110,3,5,36,15,4,umap,17,,"['timeline_index', 'speaker']","[None, None]",True,False,384,0,True,"(10,)",384,"(256, 256)",0.1,0.0005,123,True,focal,2,True,5,Conv1d,,concatenation,64
