,loss,accuracy,f1,f1_scores,precision,precision_scores,recall,recall_scores,valid_loss,valid_accuracy,valid_f1,valid_f1_scores,valid_precision,valid_precision_scores,valid_recall,valid_recall_scores,k,shift,window_size,n,dimensions,sig_depth,method,input_channels,output_channels,features,standardise_method,include_features_in_path,include_features_in_input,embedding_dim,num_features,log_signature,num_heads,num_layers,ffn_hidden_dim,dropout_rate,learning_rate,seed,loss_function,gamma,k_fold,n_splits,augmentation_type,hidden_dim_aug,comb_method,batch_size
0,,0.6298850774765015,0.49892186008547723,[0.76050974 0.41188609 0.32436975],0.49472457092982053,[0.77055506 0.41205615 0.3015625 ],0.5044494079251766,[0.75072296 0.41171617 0.35090909],,0.679030179977417,0.5731120344104823,[0.79550051 0.50580816 0.41802743],0.5703163604183256,[0.79812326 0.51382333 0.39900249],0.576630542477622,[0.79289494 0.49803922 0.43895748],20,3,5,6,15,3,gaussian_random_projection,17,12,"['timeline_index', 'speaker']","[None, None]",True,False,384,0,True,10,1,"(512, 512)",0.1,0.0001,1,focal,2,True,5,Conv1d,,concatenation,64
0,,0.6287356615066528,0.4996321640706158,[0.75875201 0.41364606 0.32649842],0.4950473437185871,[0.76877412 0.42806708 0.28830084],0.5085055023720996,[0.74898785 0.40016502 0.37636364],,0.6827231645584106,0.5821125337177083,[0.79893306 0.50503694 0.4423676 ],0.5767240581735131,[0.80558402 0.51933702 0.40525114],0.5902875827971792,[0.79239103 0.49150327 0.48696845],20,3,5,6,15,3,gaussian_random_projection,17,12,"['timeline_index', 'speaker']","[None, None]",True,False,384,0,True,10,1,"(512, 512)",0.1,0.0001,12,focal,2,True,5,Conv1d,,concatenation,64
0,,0.6423371434211731,0.5113635567305286,[0.76813075 0.43693322 0.3290267 ],0.5081444448839464,[0.77525773 0.43657331 0.31260229],0.5152333532948435,[0.7611336  0.43729373 0.34727273],,0.6787090301513672,0.5718874456520734,[0.79344262 0.51342282 0.4087969 ],0.5695369968193132,[0.79424388 0.52758621 0.38678091],0.5753711635545851,[0.79264298 0.5        0.43347051],20,3,5,6,15,3,gaussian_random_projection,17,12,"['timeline_index', 'speaker']","[None, None]",True,False,384,0,True,10,1,"(512, 512)",0.1,0.0001,123,focal,2,True,5,Conv1d,,concatenation,64
