,loss,accuracy,f1,f1_scores,precision,precision_scores,recall,recall_scores,valid_loss,valid_accuracy,valid_f1,valid_f1_scores,valid_precision,valid_precision_scores,valid_recall,valid_recall_scores,k,dimensions,sig_depth,method,input_channels,output_channels,features,standardise_method,include_features_in_path,include_features_in_input,embedding_dim,num_features,log_signature,num_heads,num_layers,ffn_hidden_dim,dropout_rate,learning_rate,seed,loss_function,gamma,k_fold,n_splits,augmentation_type,hidden_dim_aug,comb_method,batch_size
0,,0.6159003973007202,0.4702217724755533,[0.75662935 0.40836408 0.24567189],0.46725839669892605,[0.77117117 0.40586797 0.22473605],0.4748086584251254,[0.7426258  0.41089109 0.27090909],,0.6759794354438782,0.5701579375313189,[0.79503106 0.50360701 0.41183575],0.5662093636841076,[0.8        0.5307748  0.36785329],0.5789908281556793,[0.79012346 0.47908497 0.46776406],35,15,3,umap,17,12,"['timeline_index', 'speaker']","[None, None]",True,False,384,0,True,10,1,"(256, 256)",0.1,0.0005,1,focal,2,True,5,Conv1d,,concatenation,64
0,,0.6201149225234985,0.5050043449805456,[0.7494343  0.42612245 0.33945628],0.4966101530446127,[0.7833491  0.42164782 0.28483354],0.5230091221961988,[0.7183343  0.43069307 0.42      ],,0.6692357063293457,0.5725686702559897,[0.78582514 0.51217072 0.41971014],0.5645310059129903,[0.80733457 0.52280463 0.36345382],0.5879878425993167,[0.7654321  0.50196078 0.49657064],35,15,3,umap,17,12,"['timeline_index', 'speaker']","[None, None]",True,False,384,0,True,10,1,"(256, 256)",0.1,0.0005,12,focal,2,True,5,Conv1d,,concatenation,64
0,,0.6189655065536499,0.5016376050703752,[0.74807779 0.42376857 0.33306645],0.4938866228122776,[0.78141732 0.40267459 0.29756795],0.5142810938120995,[0.71746674 0.44719472 0.37818182],,0.665703296661377,0.5724251356896876,[0.77948052 0.51308901 0.42470588],0.5632950452456563,[0.804342   0.51376147 0.37178167],0.5879090182026171,[0.75610985 0.5124183  0.4951989 ],35,15,3,umap,17,12,"['timeline_index', 'speaker']","[None, None]",True,False,384,0,True,10,1,"(256, 256)",0.1,0.0005,123,focal,2,True,5,Conv1d,,concatenation,64
