,loss,accuracy,f1,f1_scores,precision,precision_scores,recall,recall_scores,valid_loss,valid_accuracy,valid_f1,valid_f1_scores,valid_precision,valid_precision_scores,valid_recall,valid_recall_scores,k,dimensions,sig_depth,method,input_channels,output_channels,features,standardise_method,include_features_in_path,include_features_in_input,embedding_dim,num_features,log_signature,num_heads,num_layers,ffn_hidden_dim,dropout_rate,learning_rate,seed,loss_function,gamma,k_fold,n_splits,augmentation_type,hidden_dim_aug,comb_method,batch_size
0,,0.6821673512458801,0.576070948651514,[0.79411289 0.51393189 0.42016807],0.5722665471247091,[0.7963023  0.53647276 0.38402458],0.5829887349290696,[0.79193548 0.49320883 0.46382189],,0.676886796951294,0.5625954115312028,[0.79373624 0.5144607  0.3795893 ],0.5601816059085926,[0.79626902 0.53807829 0.3461975 ],0.568052969908733,[0.79121951 0.4928292  0.42011019],35,15,3,umap,17,12,"['timeline_index', 'speaker']","[None, None]",True,False,384,0,True,10,1,"(512, 512)",0.1,0.0005,1,focal,2,True,5,Conv1d,,concatenation,64
0,,0.6695038676261902,0.5620964620090497,[0.7844546  0.5109553  0.39087948],0.5569075979419157,[0.79431217 0.52807971 0.34833091],0.5716714492557325,[0.77483871 0.49490662 0.44526902],,0.6624214053153992,0.5586606897053105,[0.78023212 0.49833666 0.39741329],0.551457910489129,[0.79887554 0.50883152 0.34666667],0.5720899113330246,[0.76243902 0.48826597 0.46556474],35,15,3,umap,17,12,"['timeline_index', 'speaker']","[None, None]",True,False,384,0,True,10,1,"(512, 512)",0.1,0.0005,12,focal,2,True,5,Conv1d,,concatenation,64
0,,0.6603695154190063,0.5585301948439612,[0.77422561 0.50732524 0.39403974],0.550625882660747,[0.79570991 0.50041288 0.35575486],0.5699535495630572,[0.75387097 0.51443124 0.44155844],,0.6595911979675293,0.5566538580048691,[0.77801481 0.49390635 0.39804042],0.5485586290999189,[0.80124063 0.48611111 0.35832415],0.5685705448755545,[0.75609756 0.50195567 0.4476584 ],35,15,3,umap,17,12,"['timeline_index', 'speaker']","[None, None]",True,False,384,0,True,10,1,"(512, 512)",0.1,0.0005,123,focal,2,True,5,Conv1d,,concatenation,64
