,loss,accuracy,f1,f1_scores,precision,precision_scores,recall,recall_scores,valid_loss,valid_accuracy,valid_f1,valid_f1_scores,valid_precision,valid_precision_scores,valid_recall,valid_recall_scores,k,dimensions,sig_depth,method,input_channels,output_channels,features,standardise_method,include_features_in_path,include_features_in_input,embedding_dim,num_features,log_signature,num_heads,num_layers,ffn_hidden_dim,dropout_rate,learning_rate,seed,loss_function,gamma,k_fold,n_splits,augmentation_type,hidden_dim_aug,comb_method,batch_size
0,,0.7062487006187439,0.6046015413370479,[0.80968523 0.55354059 0.45057881],0.6022757759141603,[0.81033926 0.56326889 0.43321918],0.6075208759225252,[0.80903226 0.54414261 0.46938776],,0.6957547068595886,0.5896761431128795,[0.80390482 0.53466003 0.43046358],0.5877210981520329,[0.8043956  0.54422687 0.41454082],0.5921655883879192,[0.80341463 0.52542373 0.4476584 ],80,15,3,gaussian_random_projection,17,12,"['timeline_index', 'speaker']","[None, None]",True,False,384,0,True,10,1,"(512, 512)",0.2,0.0001,1,focal,2,True,5,Conv1d,,concatenation,64
0,,0.6966992020606995,0.6032748507008904,[0.79663533 0.56140351 0.45178571],0.5969880128848605,[0.81505231 0.54045562 0.43545611],0.6108202533984731,[0.77903226 0.58404075 0.46938776],,0.6845911741256714,0.5861698373885461,[0.79247164 0.53079087 0.435247  ],0.5808463083965997,[0.81034922 0.50990991 0.42227979],0.5926188952958091,[0.77536585 0.55345502 0.44903581],80,15,3,gaussian_random_projection,17,12,"['timeline_index', 'speaker']","[None, None]",True,False,384,0,True,10,1,"(512, 512)",0.2,0.0001,12,focal,2,True,5,Conv1d,,concatenation,64
0,,0.7187045812606812,0.6189681387196089,[0.81813827 0.56562923 0.47313692],0.6191192748084356,[0.80999052 0.60346487 0.44390244],0.6217343946376204,[0.82645161 0.53225806 0.50649351],,0.702515721321106,0.5960989035004847,[0.81020036 0.54170958 0.43638677],0.5947875166519517,[0.80677146 0.57215373 0.40543735],0.6001506392772505,[0.81365854 0.51434159 0.47245179],80,15,3,gaussian_random_projection,17,12,"['timeline_index', 'speaker']","[None, None]",True,False,384,0,True,10,1,"(512, 512)",0.2,0.0001,123,focal,2,True,5,Conv1d,,concatenation,64
