,loss,accuracy,f1,f1_scores,precision,precision_scores,recall,recall_scores,valid_loss,valid_accuracy,valid_f1,valid_f1_scores,valid_precision,valid_precision_scores,valid_recall,valid_recall_scores,k,dimensions,sig_depth,method,input_channels,output_channels,features,standardise_method,include_features_in_path,embedding_dim,num_features,log_signature,num_heads,num_layers,ffn_hidden_dim,dropout_rate,learning_rate,seed,loss_function,gamma,k_fold,n_splits,augmentation_type,hidden_dim_aug,comb_method,batch_size
0,,0.659954309463501,0.5399452006149831,[0.78213543 0.46687417 0.37082601],0.5395815729027768,[0.77629488 0.49019608 0.35225376],0.5417336071641189,[0.78806452 0.44567063 0.39146568],,0.6592767238616943,0.5356309471689383,[0.78381947 0.44815588 0.37491749],0.5374104995495917,[0.77168518 0.48059701 0.3599493 ],0.5357811690274391,[0.79634146 0.41981747 0.39118457],20,15,4,gaussian_random_projection,15,8,"['timeline_index', 'speaker']","[None, None]",False,384,2,True,6,1,"(256, 256)",0.2,0.001,1,focal,2,True,5,Conv1d,,concatenation,64
0,,0.659123957157135,0.5262227498377782,[0.78566959 0.43879473 0.35420394],0.532442512150391,[0.7627582  0.49260042 0.34196891],0.5243108924384695,[0.81       0.39558574 0.36734694],,0.646855354309082,0.5098039499787023,[0.77691034 0.41983351 0.332668  ],0.5159758950962423,[0.75424897 0.4719284  0.32175032],0.5078082355424608,[0.80097561 0.37809648 0.34435262],20,15,4,gaussian_random_projection,15,8,"['timeline_index', 'speaker']","[None, None]",False,384,2,True,6,1,"(256, 256)",0.2,0.001,12,focal,2,True,5,Conv1d,,concatenation,64
0,,0.6416857242584229,0.5329492092190299,[0.76324503 0.46935484 0.36624776],0.5286002741442534,[0.78401361 0.44700461 0.35478261],0.5386949254157597,[0.74354839 0.49405772 0.37847866],,0.6363207697868347,0.5278722742208363,[0.75938524 0.46428571 0.35994587],0.5241205279542512,[0.78530485 0.43333333 0.3537234 ],0.5338377119308383,[0.73512195 0.5        0.36639118],20,15,4,gaussian_random_projection,15,8,"['timeline_index', 'speaker']","[None, None]",False,384,2,True,6,1,"(256, 256)",0.2,0.001,123,focal,2,True,5,Conv1d,,concatenation,64
