,loss,accuracy,f1,f1_scores,precision,precision_scores,recall,recall_scores,valid_loss,valid_accuracy,valid_f1,valid_f1_scores,valid_precision,valid_precision_scores,valid_recall,valid_recall_scores,k,dimensions,sig_depth,method,input_channels,output_channels,features,standardise_method,include_features_in_path,include_features_in_input,embedding_dim,num_features,log_signature,num_heads,num_layers,ffn_hidden_dim,dropout_rate,learning_rate,seed,loss_function,gamma,k_fold,n_splits,augmentation_type,hidden_dim_aug,comb_method,batch_size
0,,0.6543492078781128,0.5552688419103305,[0.77243216 0.49799197 0.3953824 ],0.5488325825030672,[0.79807362 0.52492944 0.32349469],0.5768067004545298,[0.7483871  0.47368421 0.50834879],,0.6477987170219421,0.5455603231093481,[0.77074153 0.47852761 0.38741183],0.5391825999796706,[0.79651314 0.50142857 0.31960609],0.5653160072292697,[0.74658537 0.45762712 0.49173554],11,15,4,umap,17,8,"['timeline_index', 'speaker']","[None, None]",True,False,384,0,True,6,1,"(512, 512)",0.2,0.0005,1,focal,2,True,5,Conv1d,,concatenation,64
0,,0.6722025871276855,0.5559922085403419,[0.78850169 0.50133097 0.37814397],0.555079778104593,[0.78509754 0.52509294 0.35504886],0.5586715532022347,[0.79193548 0.47962649 0.40445269],,0.6679245233535767,0.5473179776495042,[0.7879743  0.4897541  0.36422553],0.5472032443340827,[0.78332128 0.5143472  0.34394125],0.5490469147690389,[0.79268293 0.46740548 0.38705234],11,15,4,umap,17,8,"['timeline_index', 'speaker']","[None, None]",True,False,384,0,True,6,1,"(512, 512)",0.2,0.0005,12,focal,2,True,5,Conv1d,,concatenation,64
0,,0.6595391035079956,0.5507208144722785,[0.77895423 0.48514851 0.3880597 ],0.5465225836488633,[0.78677196 0.51628352 0.33651226],0.5623671768444991,[0.77129032 0.45755518 0.45825603],,0.6572327017784119,0.5493365616611706,[0.77951002 0.4737931  0.39470656],0.5443069443237029,[0.79105977 0.50292826 0.33893281],0.5628644116561738,[0.76829268 0.44784876 0.47245179],11,15,4,umap,17,8,"['timeline_index', 'speaker']","[None, None]",True,False,384,0,True,6,1,"(512, 512)",0.2,0.0005,123,focal,2,True,5,Conv1d,,concatenation,64
