,loss,accuracy,f1,f1_scores,precision,precision_scores,recall,recall_scores,valid_loss,valid_accuracy,valid_f1,valid_f1_scores,valid_precision,valid_precision_scores,valid_recall,valid_recall_scores,k,dimensions,sig_depth,method,input_channels,output_channels,features,standardise_method,include_features_in_path,include_features_in_input,embedding_dim,num_features,log_signature,num_heads,num_layers,ffn_hidden_dim,dropout_rate,learning_rate,seed,loss_function,gamma,k_fold,n_splits,augmentation_type,hidden_dim_aug,comb_method,batch_size
0,,0.6624454855918884,0.5488373557114223,[0.77750531 0.49900675 0.37      ],0.5528361462483788,[0.7882002  0.46900672 0.40130152],0.5478106451717899,[0.76709677 0.53310696 0.3432282 ],,0.6683962345123291,0.5502470657433991,[0.78681644 0.5001523  0.36377246],0.5547742033582451,[0.79655086 0.46941109 0.39836066],0.5490766343406427,[0.77731707 0.53520209 0.33471074],35,15,3,gaussian_random_projection,17,12,"['timeline_index', 'speaker']","[None, None]",True,False,384,0,True,10,1,"(512, 512)",0.1,0.0001,1,focal,2,True,5,Conv1d,,concatenation,64
0,,0.6740710139274597,0.5622389976998103,[0.78648034 0.51423855 0.38599811],0.5622091352060344,[0.79240341 0.50040161 0.39382239],0.5626621014202872,[0.78064516 0.52886248 0.37847866],,0.6720125675201416,0.5577227762867715,[0.78933203 0.49234694 0.39148936],0.559085720272598,[0.79185076 0.48189763 0.40350877],0.5567513366536253,[0.78682927 0.50325945 0.38016529],35,15,3,gaussian_random_projection,17,12,"['timeline_index', 'speaker']","[None, None]",True,False,384,0,True,10,1,"(512, 512)",0.1,0.0001,12,focal,2,True,5,Conv1d,,concatenation,64
0,,0.6832053065299988,0.5741449116294159,[0.79638593 0.5141844  0.41186441],0.5712571848212534,[0.796643   0.5380334  0.37909516],0.5797746145842192,[0.79612903 0.49235993 0.45083488],,0.6751572489738464,0.5614642803028891,[0.79338843 0.48572388 0.40528053],0.560279100733606,[0.79069767 0.5010395  0.38910013],0.5634264645080534,[0.79609756 0.47131682 0.42286501],35,15,3,gaussian_random_projection,17,12,"['timeline_index', 'speaker']","[None, None]",True,False,384,0,True,10,1,"(512, 512)",0.1,0.0001,123,focal,2,True,5,Conv1d,,concatenation,64
