,loss,accuracy,f1,f1_scores,precision,precision_scores,recall,recall_scores,valid_loss,valid_accuracy,valid_f1,valid_f1_scores,valid_precision,valid_precision_scores,valid_recall,valid_recall_scores,k,dimensions,sig_depth,method,input_channels,output_channels,features,standardise_method,include_features_in_path,embedding_dim,num_features,log_signature,num_heads,num_layers,ffn_hidden_dim,dropout_rate,learning_rate,seed,loss_function,gamma,k_fold,n_splits,augmentation_type,hidden_dim_aug,comb_method,batch_size
0,,0.6686734557151794,0.5437044927276768,[0.7868748  0.49107532 0.35316336],0.5469517362246278,[0.77721838 0.50402145 0.35961538],0.5408301860642389,[0.79677419 0.47877759 0.34693878],,0.6635220050811768,0.5336531075599024,[0.78708278 0.47753186 0.33634468],0.5363092953261046,[0.77780424 0.49171271 0.33941094],0.5313549075516831,[0.79658537 0.46414602 0.33333333],20,15,4,umap,16,8,['timeline_index'],[None],True,384,1,True,6,1,"(512, 512)",0.1,0.0005,1,focal,2,True,5,Conv1d,,concatenation,64
0,,0.6829977035522461,0.563479223818753,[0.79597058 0.51804124 0.37642586],0.5664897882912275,[0.78915663 0.52434783 0.38596491],0.5607115715556171,[0.80290323 0.51188455 0.36734694],,0.6702830195426941,0.5472495926819817,[0.78821675 0.49819495 0.35533708],0.5492262779608531,[0.7835623  0.50165235 0.36246418],0.5453988512979833,[0.79292683 0.49478488 0.34848485],20,15,4,umap,16,8,['timeline_index'],[None],True,384,1,True,6,1,"(512, 512)",0.1,0.0005,12,focal,2,True,5,Conv1d,,concatenation,64
0,,0.6628606915473938,0.5461559735573657,[0.77870872 0.51615509 0.34360411],0.5438662445825809,[0.79343823 0.49229584 0.34586466],0.549444621188497,[0.76451613 0.54244482 0.34137291],,0.6669811606407166,0.5519937684369949,[0.78299776 0.51702786 0.35595568],0.549516786752818,[0.79827674 0.49233491 0.35793872],0.555538575362695,[0.76829268 0.54432855 0.35399449],20,15,4,umap,16,8,['timeline_index'],[None],True,384,1,True,6,1,"(512, 512)",0.1,0.0005,123,focal,2,True,5,Conv1d,,concatenation,64
