,loss,accuracy,f1,f1_scores,precision,precision_scores,recall,recall_scores,valid_loss,valid_accuracy,valid_f1,valid_f1_scores,valid_precision,valid_precision_scores,valid_recall,valid_recall_scores,k,dimensions,sig_depth,method,input_channels,output_channels,features,standardise_method,include_features_in_path,include_features_in_input,embedding_dim,num_features,log_signature,num_heads,num_layers,ffn_hidden_dim,dropout_rate,learning_rate,seed,loss_function,gamma,k_fold,n_splits,augmentation_type,hidden_dim_aug,comb_method,batch_size
0,,0.6695038676261902,0.5609524059614192,[0.78452323 0.49866429 0.39966969],0.5573063101748655,[0.78745531 0.52434457 0.36011905],0.5686581661527089,[0.7816129  0.475382   0.44897959],,0.6680817604064941,0.5543036607037021,[0.78650591 0.48646797 0.38993711],0.5522951120891407,[0.78545366 0.51263538 0.3587963 ],0.5591334877640263,[0.78756098 0.46284224 0.42699725],20,15,3,umap,17,12,"['timeline_index', 'speaker']","[None, None]",True,False,384,0,True,10,1,"(512, 512)",0.2,0.0005,1,focal,2,True,5,Conv1d,,concatenation,64
0,,0.6711646318435669,0.5587305906687846,[0.78721696 0.49678604 0.39218877],0.5580312395236131,[0.78381836 0.541      0.34927536],0.5656741455650017,[0.79064516 0.45925297 0.4471243 ],,0.6715408563613892,0.5565856968199345,[0.7900304  0.49440559 0.3853211 ],0.555784506957483,[0.78763636 0.5331825  0.34653465],0.5624032976556559,[0.79243902 0.46088657 0.4338843 ],20,15,3,umap,17,12,"['timeline_index', 'speaker']","[None, None]",True,False,384,0,True,10,1,"(512, 512)",0.2,0.0005,12,focal,2,True,5,Conv1d,,concatenation,64
0,,0.6680506467819214,0.5566296488276516,[0.78485093 0.48841355 0.39662447],0.554022461984229,[0.784219   0.51407129 0.36377709],0.5622238986658099,[0.78548387 0.46519525 0.43599258],,0.6617924571037292,0.5459762034107897,[0.78498961 0.47292666 0.38001234],0.5431686493784552,[0.78681696 0.49855491 0.34413408],0.5524058629350073,[0.78317073 0.44980443 0.42424242],20,15,3,umap,17,12,"['timeline_index', 'speaker']","[None, None]",True,False,384,0,True,10,1,"(512, 512)",0.2,0.0005,123,focal,2,True,5,Conv1d,,concatenation,64
