,loss,accuracy,f1,f1_scores,precision,precision_scores,recall,recall_scores,valid_loss,valid_accuracy,valid_f1,valid_f1_scores,valid_precision,valid_precision_scores,valid_recall,valid_recall_scores,k,dimensions,sig_depth,method,input_channels,output_channels,features,standardise_method,include_features_in_path,include_features_in_input,embedding_dim,num_features,log_signature,pooling,num_heads,num_layers,ffn_hidden_dim,dropout_rate,learning_rate,seed,loss_function,gamma,k_fold,n_splits,augmentation_type,hidden_dim_aug,comb_method,batch_size
0,,0.6409961581230164,0.5050144731941689,[0.77285796 0.39671683 0.34546863],0.5042696179600237,[0.76843911 0.44342508 0.30094467],0.5138977905887755,[0.77732794 0.35891089 0.40545455],,0.6724470257759094,0.5583595187932344,[0.79303483 0.4850214  0.39702233],0.5597509479205557,[0.78309998 0.53375196 0.36240091],0.5622089713800472,[0.80322499 0.44444444 0.43895748],5,15,3,umap,17,12,"['time_encoding', 'timeline_index']","['z_score', None]",True,True,384,2,True,signature,10,1,"(128, 128)",0.1,0.0005,1,focal,2,True,5,Conv1d,,concatenation,64
0,,0.6185823678970337,0.5045778684353851,[0.74105909 0.45884924 0.31382528],0.4981572397792824,[0.78966307 0.410691   0.29411765],0.5180856662878549,[0.69809138 0.51980198 0.33636364],,0.6461143493652344,0.540021199158483,[0.77091763 0.48633712 0.36280884],0.5344354742359416,[0.79983749 0.45859873 0.34487021],0.5481264110582504,[0.74401612 0.51764706 0.38271605],5,15,3,umap,17,12,"['time_encoding', 'timeline_index']","['z_score', None]",True,True,384,2,True,signature,10,1,"(128, 128)",0.1,0.0005,12,focal,2,True,5,Conv1d,,concatenation,64
0,,0.6296935081481934,0.501158114014396,[0.76378649 0.40635452 0.33333333],0.49524628433147516,[0.77918171 0.41186441 0.29469274],0.5112047722990922,[0.74898785 0.4009901  0.38363636],,0.6592806577682495,0.5465522987776509,[0.7836569  0.48266667 0.37333333],0.5431335968229697,[0.78936605 0.49251701 0.34751773],0.5515081752865755,[0.77802973 0.47320261 0.40329218],5,15,3,umap,17,12,"['time_encoding', 'timeline_index']","['z_score', None]",True,True,384,2,True,signature,10,1,"(128, 128)",0.1,0.0005,123,focal,2,True,5,Conv1d,,concatenation,64
