,loss,accuracy,f1,f1_scores,precision,precision_scores,recall,recall_scores,valid_loss,valid_accuracy,valid_f1,valid_f1_scores,valid_precision,valid_precision_scores,valid_recall,valid_recall_scores,k,dimensions,sig_depth,method,input_channels,output_channels,features,standardise_method,include_features_in_path,include_features_in_input,embedding_dim,num_features,log_signature,pooling,num_heads,num_layers,ffn_hidden_dim,dropout_rate,learning_rate,seed,loss_function,gamma,k_fold,n_splits,augmentation_type,hidden_dim_aug,comb_method,batch_size
0,,0.6306513547897339,0.5106362428783869,[0.75402025 0.43934681 0.33854167],0.5055084488290156,[0.7771639  0.41544118 0.32392027],0.5176440749916519,[0.73221515 0.46617162 0.35454545],,0.6676300764083862,0.560044298127608,[0.78454604 0.52       0.37558685],0.5560270882831025,[0.8024236  0.49820359 0.36745407],0.5651087869990246,[0.76744772 0.54379085 0.38408779],5,15,3,umap,17,12,"['time_encoding', 'timeline_index']","['z_score', None]",True,True,384,2,True,signature,10,1,"(256, 256)",0.2,0.0005,1,focal,2,True,5,Conv1d,,concatenation,64
0,,0.6323754787445068,0.5061864538724526,[0.7589338  0.41676842 0.34285714],0.5024534790542442,[0.76884273 0.41124498 0.32727273],0.5105730943250485,[0.74927704 0.42244224 0.36      ],,0.6693962812423706,0.5579081764633068,[0.7876625  0.51529791 0.37076412],0.5548268620946109,[0.797008   0.50793651 0.35953608],0.561375167350891,[0.77853364 0.52287582 0.38271605],5,15,3,umap,17,12,"['time_encoding', 'timeline_index']","['z_score', None]",True,True,384,2,True,signature,10,1,"(256, 256)",0.2,0.0005,12,focal,2,True,5,Conv1d,,concatenation,64
0,,0.6151341199874878,0.4963939475052981,[0.74406096 0.41100324 0.33411765],0.4888913478542003,[0.76970634 0.4031746  0.2937931 ],0.5088280152480257,[0.7200694  0.41914191 0.38727273],,0.6671483516693115,0.5697692518356872,[0.78167186 0.51896717 0.40866873],0.5617174586446018,[0.80615797 0.50653391 0.3724605 ],0.5811101395290627,[0.75862938 0.53202614 0.4526749 ],5,15,3,umap,17,12,"['time_encoding', 'timeline_index']","['z_score', None]",True,True,384,2,True,signature,10,1,"(256, 256)",0.2,0.0005,123,focal,2,True,5,Conv1d,,concatenation,64
