,loss,accuracy,f1,f1_scores,precision,precision_scores,recall,recall_scores,valid_loss,valid_accuracy,valid_f1,valid_f1_scores,valid_precision,valid_precision_scores,valid_recall,valid_recall_scores,k,dimensions,sig_depth,method,input_channels,output_channels,features,standardise_method,include_features_in_path,include_features_in_input,embedding_dim,num_features,log_signature,pooling,num_heads,num_layers,ffn_hidden_dim,dropout_rate,learning_rate,seed,loss_function,gamma,k_fold,n_splits,augmentation_type,hidden_dim_aug,comb_method,batch_size
0,,0.6406130194664001,0.5182248189115332,[0.77043145 0.41760138 0.36664162],0.5116371607106971,[0.78487849 0.43761302 0.31241997],0.533160982957752,[0.75650665 0.39933993 0.44363636],,0.666024386882782,0.5609386482608726,[0.78486514 0.50314882 0.39480198],0.5555459640732802,[0.79657499 0.51042367 0.35963923],0.5690529160909906,[0.77349458 0.49607843 0.43758573],20,15,3,umap,17,12,"['time_encoding', 'timeline_index']","['z_score', None]",True,True,384,2,True,signature,10,1,"(512, 512)",0.1,0.0005,1,focal,2,True,5,Conv1d,,concatenation,64
0,,0.6206896305084229,0.5057176273346443,[0.74636268 0.42158385 0.34920635],0.49881420736532195,[0.77531941 0.39809384 0.32302937],0.515836945753569,[0.71949104 0.4480198  0.38      ],,0.6710019111633301,0.5702816660251468,[0.78654559 0.50758075 0.41671865],0.5642734711853218,[0.7987013  0.51196809 0.38215103],0.5787280618694666,[0.77475435 0.50326797 0.45816187],20,15,3,umap,17,12,"['time_encoding', 'timeline_index']","['z_score', None]",True,True,384,2,True,signature,10,1,"(512, 512)",0.1,0.0005,12,focal,2,True,5,Conv1d,,concatenation,64
0,,0.6398467421531677,0.520701290046584,[0.76265297 0.4717482  0.3277027 ],0.5136554707067552,[0.79848149 0.43649123 0.30599369],0.5319434233764614,[0.72990168 0.51320132 0.35272727],,0.6673089265823364,0.5668850727188031,[0.77980473 0.5129647  0.40788579],0.563726378479925,[0.79554391 0.49132256 0.40431267],0.5709333939337052,[0.76467624 0.53660131 0.41152263],20,15,3,umap,17,12,"['time_encoding', 'timeline_index']","['z_score', None]",True,True,384,2,True,signature,10,1,"(512, 512)",0.1,0.0005,123,focal,2,True,5,Conv1d,,concatenation,64
