,loss,accuracy,f1,f1_scores,precision,precision_scores,recall,recall_scores,valid_loss,valid_accuracy,valid_f1,valid_f1_scores,valid_precision,valid_precision_scores,valid_recall,valid_recall_scores,k,dimensions,sig_depth,method,input_channels,output_channels,features,standardise_method,include_features_in_path,include_features_in_input,embedding_dim,num_features,log_signature,num_heads,num_layers,ffn_hidden_dim,dropout_rate,learning_rate,seed,loss_function,gamma,k_fold,n_splits,augmentation_type,hidden_dim_aug,comb_method,batch_size
0,,0.6145594120025635,0.4740040536023984,[0.75197195 0.38280616 0.28723404],0.47213753687984245,[0.75974026 0.37639553 0.28027682],0.4761151002318276,[0.7443609  0.38943894 0.29454545],,0.6722864508628845,0.5615362650655985,[0.790939   0.50260078 0.39106901],0.5601355526610557,[0.79455886 0.5        0.3858478 ],0.5630047355018825,[0.78735198 0.50522876 0.39643347],20,15,3,gaussian_random_projection,17,12,"['timeline_index', 'speaker']","[None, None]",True,False,384,0,True,10,1,"(512, 512)",0.1,0.0001,1,focal,2,True,5,Conv1d,,concatenation,64
0,,0.6252873539924622,0.4773227212419951,[0.75879828 0.38641189 0.28675799],0.4789993374045938,[0.75084938 0.39807524 0.28807339],0.4759281266472512,[0.76691729 0.37541254 0.28545455],,0.6783879399299622,0.5657739610186253,[0.79278158 0.50591017 0.39863014],0.5682733844150133,[0.78332514 0.5234102  0.39808482],0.5637295247317035,[0.80246914 0.48954248 0.39917695],20,15,3,gaussian_random_projection,17,12,"['timeline_index', 'speaker']","[None, None]",True,False,384,0,True,10,1,"(512, 512)",0.1,0.0001,12,focal,2,True,5,Conv1d,,concatenation,64
0,,0.6260536313056946,0.5028010188930824,[0.75439119 0.42381512 0.33019675],0.49750803475770383,[0.77730061 0.40343028 0.31179321],0.5100240833799979,[0.73279352 0.44636964 0.35090909],,0.6719653010368347,0.5750302320252111,[0.78389885 0.52187799 0.41931385],0.5680390972055308,[0.80327869 0.51030606 0.39053254],0.5840313079964495,[0.7654321  0.53398693 0.4526749 ],20,15,3,gaussian_random_projection,17,12,"['timeline_index', 'speaker']","[None, None]",True,False,384,0,True,10,1,"(512, 512)",0.1,0.0001,123,focal,2,True,5,Conv1d,,concatenation,64
