,loss,accuracy,f1,f1_scores,precision,precision_scores,recall,recall_scores,valid_loss,valid_accuracy,valid_f1,valid_f1_scores,valid_precision,valid_precision_scores,valid_recall,valid_recall_scores,k,dimensions,sig_depth,method,input_channels,output_channels,features,standardise_method,include_features_in_path,include_features_in_input,embedding_dim,num_features,log_signature,num_heads,num_layers,ffn_hidden_dim,dropout_rate,learning_rate,seed,loss_function,gamma,k_fold,n_splits,augmentation_type,hidden_dim_aug,comb_method,batch_size
0,,0.6751089692115784,0.5610037931152382,[0.79271798 0.48633627 0.40395713],0.5612053053191065,[0.78494624 0.5351682  0.36350148],0.5669537480063797,[0.80064516 0.44567063 0.45454545],,0.6619496941566467,0.5422392399279419,[0.78615515 0.46389185 0.37667072],0.5425782519470698,[0.78020658 0.51057165 0.33695652],0.5480749872181343,[0.79219512 0.42503259 0.42699725],11,15,4,gaussian_random_projection,17,8,"['timeline_index', 'speaker']","[None, None]",True,False,384,0,True,12,1,"(256, 256)",0.2,0.0005,1,focal,2,True,5,Conv1d,,concatenation,64
0,,0.6641063094139099,0.5574501683491317,[0.7810709  0.49934412 0.39193548],0.5515584110625452,[0.79314932 0.51487827 0.34664765],0.5683031940975186,[0.76935484 0.48471986 0.45083488],,0.6632075309753418,0.5531570247241561,[0.78460967 0.48803505 0.38682635],0.5478427866360996,[0.79613357 0.50523378 0.34216102],0.5634289748901345,[0.77341463 0.47196871 0.44490358],11,15,4,gaussian_random_projection,17,8,"['timeline_index', 'speaker']","[None, None]",True,False,384,0,True,12,1,"(256, 256)",0.2,0.0005,12,focal,2,True,5,Conv1d,,concatenation,64
0,,0.6651442646980286,0.5556771748807013,[0.7845953  0.4933687  0.38906752],0.5506486469063797,[0.79392338 0.51476015 0.34326241],0.5660492244435975,[0.77548387 0.47368421 0.44897959],,0.6556603908538818,0.5439580218994549,[0.77838105 0.47693885 0.37655417],0.5396690562942383,[0.78771229 0.50107681 0.33021807],0.5541014594410062,[0.76926829 0.45501956 0.43801653],11,15,4,gaussian_random_projection,17,8,"['timeline_index', 'speaker']","[None, None]",True,False,384,0,True,12,1,"(256, 256)",0.2,0.0005,123,focal,2,True,5,Conv1d,,concatenation,64
