,loss,accuracy,f1,f1_scores,precision,precision_scores,recall,recall_scores,valid_loss,valid_accuracy,valid_f1,valid_f1_scores,valid_precision,valid_precision_scores,valid_recall,valid_recall_scores,k,dimensions,sig_depth,method,input_channels,output_channels,features,standardise_method,include_features_in_path,include_features_in_input,embedding_dim,num_features,log_signature,num_heads,num_layers,ffn_hidden_dim,dropout_rate,learning_rate,seed,loss_function,gamma,k_fold,n_splits,augmentation_type,hidden_dim_aug,comb_method,batch_size
0,,0.6381226181983948,0.5143764137661121,[0.76373788 0.43744607 0.34194529],0.509475570084934,[0.77628435 0.45840868 0.29373368],0.526332751840829,[0.75159051 0.41831683 0.40909091],,0.6742132306098938,0.5662338768871117,[0.79445495 0.49337055 0.41087613],0.5637058880651773,[0.79475542 0.52919162 0.36717063],0.5742128401429158,[0.7941547  0.4620915  0.46639232],11,15,3,umap,17,12,"['timeline_index', 'speaker']","[None, None]",True,False,384,0,True,10,1,"(256, 256)",0.2,0.001,1,focal,2,True,5,Conv1d,,concatenation,64
0,,0.6243295073509216,0.5123194958591454,[0.75072331 0.44920635 0.33702882],0.5031721319040304,[0.79285944 0.43272171 0.28393524],0.5314606486675272,[0.71283979 0.4669967  0.41454545],,0.6640976071357727,0.5643659537059968,[0.78030401 0.52056555 0.39222829],0.5564625722349462,[0.80552575 0.51201011 0.35185185],0.5763660745505336,[0.75661376 0.52941176 0.4430727 ],11,15,3,umap,17,12,"['timeline_index', 'speaker']","[None, None]",True,False,384,0,True,10,1,"(256, 256)",0.2,0.001,12,focal,2,True,5,Conv1d,,concatenation,64
0,,0.6434866189956665,0.5231731163589978,[0.76505936 0.44540728 0.35905271],0.5180758404154312,[0.7756315  0.4689781  0.30961792],0.5353788935862932,[0.75477154 0.42409241 0.42727273],,0.6687540411949158,0.5616347111520891,[0.78903007 0.48261178 0.41326229],0.5598105585727117,[0.7879397  0.52795031 0.36354167],0.5711019661636946,[0.79012346 0.44444444 0.478738  ],11,15,3,umap,17,12,"['timeline_index', 'speaker']","[None, None]",True,False,384,0,True,10,1,"(256, 256)",0.2,0.001,123,focal,2,True,5,Conv1d,,concatenation,64
