,loss,accuracy,f1,f1_scores,precision,precision_scores,recall,recall_scores,valid_loss,valid_accuracy,valid_f1,valid_f1_scores,valid_precision,valid_precision_scores,valid_recall,valid_recall_scores,k,dimensions,sig_depth,method,input_channels,output_channels,features,standardise_method,include_features_in_path,include_features_in_input,embedding_dim,num_features,log_signature,num_heads,num_layers,ffn_hidden_dim,dropout_rate,learning_rate,seed,loss_function,gamma,k_fold,n_splits,augmentation_type,hidden_dim_aug,comb_method,batch_size
0,,0.7014739513397217,0.6032053460248646,[0.80347199 0.56519916 0.44094488],0.5972208065742403,[0.8160346  0.55840928 0.41721854],0.6103263290190285,[0.79129032 0.5721562  0.46753247],,0.7007861733436584,0.6020441806791956,[0.80613254 0.55051813 0.44948187],0.5962110943399552,[0.81745236 0.54697555 0.42420538],0.6090634312551709,[0.79512195 0.55410691 0.47796143],110,15,3,gaussian_random_projection,17,12,"['timeline_index', 'speaker']","[None, None]",True,False,384,0,True,10,1,"(512, 512)",0.1,0.0001,1,focal,2,True,5,Conv1d,,concatenation,64
0,,0.6873572468757629,0.5890009207806771,[0.79098497 0.56393963 0.41207815],0.5816013042079616,[0.81972318 0.52985075 0.39522998],0.5991122443729768,[0.76419355 0.60271647 0.43042672],,0.6792452931404114,0.5810588438391671,[0.78597553 0.54489733 0.41230366],0.5735758738205234,[0.8137895  0.51417004 0.39276808],0.5911383121244447,[0.76       0.57953064 0.4338843 ],110,15,3,gaussian_random_projection,17,12,"['timeline_index', 'speaker']","[None, None]",True,False,384,0,True,10,1,"(512, 512)",0.1,0.0001,12,focal,2,True,5,Conv1d,,concatenation,64
0,,0.7130994200706482,0.6106658458414075,[0.81455133 0.57339647 0.44404973],0.6080284571261946,[0.8165316  0.58165939 0.42589438],0.6139225210071682,[0.81258065 0.56536503 0.46382189],,0.7073899507522583,0.6060093251987572,[0.81100419 0.5675501  0.43947368],0.6013315486091838,[0.82051922 0.56282051 0.42065491],0.611374085679396,[0.80170732 0.57235984 0.4600551 ],110,15,3,gaussian_random_projection,17,12,"['timeline_index', 'speaker']","[None, None]",True,False,384,0,True,10,1,"(512, 512)",0.1,0.0001,123,focal,2,True,5,Conv1d,,concatenation,64
