,loss,accuracy,f1,f1_scores,precision,precision_scores,recall,recall_scores,valid_loss,valid_accuracy,valid_f1,valid_f1_scores,valid_precision,valid_precision_scores,valid_recall,valid_recall_scores,k,dimensions,sig_depth,method,input_channels,output_channels,features,standardise_method,include_features_in_path,embedding_dim,num_features,log_signature,num_heads,num_layers,ffn_hidden_dim,dropout_rate,learning_rate,seed,loss_function,gamma,k_fold,n_splits,augmentation_type,hidden_dim_aug,comb_method,batch_size
0,,0.6805065274238586,0.5514933038081453,[0.79605881 0.49211356 0.36630754],0.5616931204623129,[0.77261688 0.52449568 0.3879668 ],0.5438013235854613,[0.82096774 0.46349745 0.34693878],,0.6710692048072815,0.537780851940887,[0.7926322  0.47563487 0.34507549],0.5453204841919904,[0.77288528 0.50217391 0.36090226],0.5319177502818376,[0.81341463 0.4517601  0.33057851],20,15,4,umap,15,8,"['timeline_index', 'speaker']","[None, None]",False,384,2,True,6,1,"(128, 128)",0.2,0.001,1,focal,2,True,5,Conv1d,,concatenation,64
0,,0.6692962646484375,0.5490619680826856,[0.78771569 0.48018868 0.37928154],0.552905287866717,[0.77339136 0.5403397  0.3449848 ],0.551939736227876,[0.80258065 0.43208829 0.42115028],,0.6704402565956116,0.5528297220087678,[0.79016512 0.47771836 0.39060569],0.554146047586496,[0.78103407 0.52714398 0.35426009],0.557180175439411,[0.7995122  0.43676662 0.43526171],20,15,4,umap,15,8,"['timeline_index', 'speaker']","[None, None]",False,384,2,True,6,1,"(128, 128)",0.2,0.001,12,focal,2,True,5,Conv1d,,concatenation,64
0,,0.6734482049942017,0.5522361516691913,[0.79281014 0.49695917 0.36693915],0.552404247427383,[0.78888534 0.5088968  0.3594306 ],0.5523703477377987,[0.79677419 0.48556876 0.37476809],,0.6674528121948242,0.5427680044933203,[0.78967773 0.48416139 0.35446489],0.5436617832551415,[0.78454502 0.49556314 0.35087719],0.542092420255072,[0.79487805 0.47327249 0.35812672],20,15,4,umap,15,8,"['timeline_index', 'speaker']","[None, None]",False,384,2,True,6,1,"(128, 128)",0.2,0.001,123,focal,2,True,5,Conv1d,,concatenation,64
