,loss,accuracy,f1,f1_scores,precision,precision_scores,recall,recall_scores,valid_loss,valid_accuracy,valid_f1,valid_f1_scores,valid_precision,valid_precision_scores,valid_recall,valid_recall_scores,k,dimensions,sig_depth,method,input_channels,output_channels,features,standardise_method,include_features_in_path,include_features_in_input,embedding_dim,num_features,log_signature,num_heads,num_layers,ffn_hidden_dim,dropout_rate,learning_rate,seed,loss_function,gamma,k_fold,n_splits,augmentation_type,hidden_dim_aug,comb_method,batch_size
0,,0.6386973261833191,0.5233999331084299,[0.7605086  0.45552453 0.35416667],0.5150913641804876,[0.78772854 0.44092664 0.31661891],0.5360157640980986,[0.735107   0.47112211 0.40181818],,0.6575144529342651,0.5526785600084168,[0.77900128 0.48543046 0.39360394],0.5468907560590549,[0.79198125 0.49194631 0.3567447 ],0.5614941175372755,[0.76643991 0.47908497 0.43895748],5,15,4,gaussian_random_projection,17,8,"['timeline_index', 'speaker']","[None, None]",True,False,384,0,True,6,1,"(256, 256)",0.1,0.0005,1,focal,2,True,5,Conv1d,,concatenation,64
0,,0.6339080333709717,0.5222724457448762,[0.75771721 0.45303408 0.35606604],0.5136951995952,[0.79044926 0.45644891 0.29418743],0.5427224197260675,[0.7275882  0.44966997 0.45090909],,0.6607257723808289,0.5565715915484444,[0.7823635  0.49453552 0.39281576],0.5513819671051496,[0.79624315 0.51788269 0.34002006],0.5690608753789581,[0.76895944 0.47320261 0.46502058],5,15,4,gaussian_random_projection,17,8,"['timeline_index', 'speaker']","[None, None]",True,False,384,0,True,6,1,"(256, 256)",0.1,0.0005,12,focal,2,True,5,Conv1d,,concatenation,64
0,,0.636781632900238,0.5215762100585961,[0.75816602 0.46216107 0.34440154],0.5131849841933652,[0.78669154 0.45353455 0.29932886],0.5360711473113766,[0.73163678 0.47112211 0.40545455],,0.6652215719223022,0.5655685388007798,[0.78196259 0.49882982 0.4159132 ],0.5589966656244963,[0.79541308 0.51060917 0.37096774],0.576597387926364,[0.76895944 0.4875817  0.47325103],5,15,4,gaussian_random_projection,17,8,"['timeline_index', 'speaker']","[None, None]",True,False,384,0,True,6,1,"(256, 256)",0.1,0.0005,123,focal,2,True,5,Conv1d,,concatenation,64
