,loss,accuracy,f1,f1_scores,precision,precision_scores,recall,recall_scores,valid_loss,valid_accuracy,valid_f1,valid_f1_scores,valid_precision,valid_precision_scores,valid_recall,valid_recall_scores,k,dimensions,sig_depth,method,input_channels,output_channels,features,standardise_method,include_features_in_path,include_features_in_input,embedding_dim,num_features,log_signature,num_heads,num_layers,ffn_hidden_dim,dropout_rate,learning_rate,seed,loss_function,gamma,k_fold,n_splits,augmentation_type,hidden_dim_aug,comb_method,batch_size
0,,0.6657670736312866,0.5533783835219402,[0.78452323 0.49280576 0.38280616],0.5504711747061781,[0.78745531 0.52390057 0.34005764],0.5615520052750226,[0.7816129  0.46519525 0.43784787],,0.6584905385971069,0.5434016487360597,[0.78208589 0.47433265 0.37378641],0.540083172761378,[0.78691358 0.49927954 0.3340564 ],0.5511065339052111,[0.77731707 0.4517601  0.42424242],5,15,4,gaussian_random_projection,17,8,"['timeline_index', 'speaker']","[None, None]",True,False,384,0,True,6,1,"(512, 512)",0.2,0.0005,1,focal,2,True,5,Conv1d,,concatenation,64
0,,0.6580859422683716,0.5483962813246674,[0.7786658  0.48490311 0.38161994],0.5443995625495496,[0.78752887 0.51681076 0.32885906],0.5604172454596903,[0.77       0.45670628 0.45454545],,0.6564465165138245,0.5456935337001371,[0.77984477 0.4697286  0.38750723],0.5418769227450053,[0.78790142 0.50373134 0.33399801],0.5578032673395145,[0.77195122 0.44002608 0.46143251],5,15,4,gaussian_random_projection,17,8,"['timeline_index', 'speaker']","[None, None]",True,False,384,0,True,6,1,"(512, 512)",0.2,0.0005,12,focal,2,True,5,Conv1d,,concatenation,64
0,,0.6595391035079956,0.5531641470048588,[0.77912701 0.4885159  0.39184953],0.5471134335292106,[0.79291917 0.5092081  0.33921303],0.5663560241197884,[0.76580645 0.46943973 0.46382189],,0.6507861614227295,0.5453574914309259,[0.77315737 0.46954747 0.39336764],0.5390145178068692,[0.78967447 0.4911032  0.33626588],0.5603169023759801,[0.75731707 0.44980443 0.4738292 ],5,15,4,gaussian_random_projection,17,8,"['timeline_index', 'speaker']","[None, None]",True,False,384,0,True,6,1,"(512, 512)",0.2,0.0005,123,focal,2,True,5,Conv1d,,concatenation,64
