,loss,accuracy,f1,f1_scores,precision,precision_scores,recall,recall_scores,valid_loss,valid_accuracy,valid_f1,valid_f1_scores,valid_precision,valid_precision_scores,valid_recall,valid_recall_scores,k,dimensions,sig_depth,method,input_channels,output_channels,features,standardise_method,include_features_in_path,include_features_in_input,embedding_dim,num_features,log_signature,pooling,num_heads,num_layers,ffn_hidden_dim,dropout_rate,learning_rate,seed,loss_function,gamma,k_fold,n_splits,augmentation_type,hidden_dim_aug,comb_method,batch_size
0,,0.6411877274513245,0.5027718999825975,[0.7726683  0.40438079 0.33126661],0.5021292791923067,[0.7703363  0.4130809  0.32297064],0.5036846877284605,[0.77501446 0.3960396  0.34      ],,0.6824020743370056,0.5724193459828318,[0.79777834 0.5208265  0.3986532 ],0.5712131894809073,[0.79939287 0.52271231 0.39153439],0.5737200778802606,[0.79617032 0.51895425 0.40603567],35,15,3,umap,17,10,"['time_encoding', 'timeline_index']","['z_score', None]",True,True,384,2,True,signature,5,1,"(128, 128)",0.1,0.0005,1,focal,2,True,5,Conv1d,,concatenation,64
0,,0.5982758402824402,0.4710431326961108,[0.73751108 0.35175032 0.323868  ],0.4647458575949473,[0.75423216 0.35979292 0.28021248],0.48307036545181403,[0.72151533 0.34405941 0.38363636],,0.6761400103569031,0.5828641942513805,[0.78883745 0.51075091 0.44900422],0.5745209994392725,[0.80562122 0.51707971 0.40086207],0.5958673181206638,[0.77273873 0.50457516 0.51028807],35,15,3,umap,17,10,"['time_encoding', 'timeline_index']","['z_score', None]",True,True,384,2,True,signature,5,1,"(128, 128)",0.1,0.0005,12,focal,2,True,5,Conv1d,,concatenation,64
0,,0.6402298808097839,0.4903865537715338,[0.77941387 0.37996546 0.31178034],0.4910775772416205,[0.77070964 0.39855072 0.30397237],0.49045108328068204,[0.78831695 0.3630363  0.32      ],,0.6777456402778625,0.5677252725953499,[0.79274611 0.48297872 0.42745098],0.5709321411038704,[0.77664975 0.52790698 0.4082397 ],0.5677271731737963,[0.80952381 0.44509804 0.44855967],35,15,3,umap,17,10,"['time_encoding', 'timeline_index']","['z_score', None]",True,True,384,2,True,signature,5,1,"(128, 128)",0.1,0.0005,123,focal,2,True,5,Conv1d,,concatenation,64
