,loss,accuracy,f1,f1_scores,precision,precision_scores,recall,recall_scores,valid_loss,valid_accuracy,valid_f1,valid_f1_scores,valid_precision,valid_precision_scores,valid_recall,valid_recall_scores,k,dimensions,sig_depth,method,input_channels,output_channels,features,standardise_method,include_features_in_path,num_features,embedding_dim,log_signature,num_heads,num_layers,ffn_hidden_dim,dropout_rate,learning_rate,seed,loss_function,gamma,k_fold,n_splits,augmentation_type,hidden_dim_aug,comb_method,batch_size
0,,0.6601619124412537,0.549993562235967,[0.78060725 0.48387097 0.38550247],0.5447101701620602,[0.79015202 0.49731183 0.34666667],0.5588550450277349,[0.77129032 0.47113752 0.43413729],,0.654716968536377,0.5396739017128764,[0.7795858  0.46883289 0.37060302],0.5352800913933852,[0.78813559 0.47705803 0.34064665],0.5461473904684848,[0.77121951 0.46088657 0.40633609],20,15,4,gaussian_random_projection,15,8,['timeline_index'],[None],False,1,384,True,6,1,"(256, 256)",0.1,0.001,1,focal,2,True,5,Conv1d,,concatenation,64
0,,0.6825824975967407,0.5547849977603913,[0.80062647 0.48626374 0.37746479],0.5626814904451445,[0.77808219 0.527833   0.38212928],0.5493976457692198,[0.82451613 0.45076401 0.3729128 ],,0.674371063709259,0.5345213479637004,[0.79830548 0.468341   0.33691756],0.5448392807414658,[0.77125966 0.51198763 0.35127055],0.5275200108579792,[0.82731707 0.4315515  0.32369146],20,15,4,gaussian_random_projection,15,8,['timeline_index'],[None],False,1,384,True,6,1,"(256, 256)",0.1,0.001,12,focal,2,True,5,Conv1d,,concatenation,64
0,,0.6520655751228333,0.5516847857529686,[0.76977808 0.5064884  0.37878788],0.5430140656840863,[0.81056011 0.47179487 0.34668721],0.5656774109551214,[0.73290323 0.5466893  0.4174397 ],,0.6451258063316345,0.5449905263242082,[0.76518167 0.49209663 0.37769328],0.5370393854414187,[0.80780699 0.4535459  0.34976526],0.5583690786103505,[0.72682927 0.53780965 0.41046832],20,15,4,gaussian_random_projection,15,8,['timeline_index'],[None],False,1,384,True,6,1,"(256, 256)",0.1,0.001,123,focal,2,True,5,Conv1d,,concatenation,64
