,loss,accuracy,f1,f1_scores,precision,precision_scores,recall,recall_scores,valid_loss,valid_accuracy,valid_f1,valid_f1_scores,valid_precision,valid_precision_scores,valid_recall,valid_recall_scores,k,dimensions,sig_depth,method,input_channels,output_channels,features,standardise_method,include_features_in_path,include_features_in_input,embedding_dim,num_features,log_signature,num_heads,num_layers,ffn_hidden_dim,dropout_rate,learning_rate,seed,loss_function,gamma,k_fold,n_splits,augmentation_type,hidden_dim_aug,comb_method,batch_size
0,,0.6555947661399841,0.5489301622638837,[0.7752996  0.50742469 0.36406619],0.5415139803407586,[0.80089409 0.5072095  0.31643836],0.5625006063545962,[0.75129032 0.50764007 0.42857143],,0.650943398475647,0.5455975720692802,[0.7733736  0.48689384 0.37652528],0.5379640731041386,[0.79880426 0.48945982 0.32562814],0.5600492717599711,[0.7495122  0.48435463 0.44628099],5,15,3,umap,17,12,"['timeline_index', 'speaker']","[None, None]",True,False,384,0,True,10,1,"(256, 256)",0.1,0.001,1,focal,2,True,5,Conv1d,,concatenation,64
0,,0.6553871631622314,0.547256133449268,[0.77589023 0.47953216 0.386346  ],0.5426504073793774,[0.78590338 0.51004785 0.332     ],0.5601858122474178,[0.76612903 0.4524618  0.4619666 ],,0.652515709400177,0.5400206080962039,[0.77891618 0.46423562 0.37691002],0.5369045880112057,[0.78855286 0.50227618 0.31988473],0.5532471268068248,[0.7695122  0.4315515  0.45867769],5,15,3,umap,17,12,"['timeline_index', 'speaker']","[None, None]",True,False,384,0,True,10,1,"(256, 256)",0.1,0.001,12,focal,2,True,5,Conv1d,,concatenation,64
0,,0.6618227362632751,0.5504730075466777,[0.78345499 0.48170449 0.38625954],0.548714947835864,[0.78792822 0.53007136 0.32814527],0.5632820530589145,[0.77903226 0.44142615 0.46938776],,0.6608490347862244,0.5496414691623873,[0.78460782 0.47137809 0.3929385 ],0.546879408928776,[0.79102628 0.51466049 0.33495146],0.5627700820857272,[0.77829268 0.43481095 0.47520661],5,15,3,umap,17,12,"['timeline_index', 'speaker']","[None, None]",True,False,384,0,True,10,1,"(256, 256)",0.1,0.001,123,focal,2,True,5,Conv1d,,concatenation,64
