,loss,accuracy,f1,f1_scores,precision,precision_scores,recall,recall_scores,valid_loss,valid_accuracy,valid_f1,valid_f1_scores,valid_precision,valid_precision_scores,valid_recall,valid_recall_scores,k,dimensions,sig_depth,method,input_channels,output_channels,features,standardise_method,include_features_in_path,include_features_in_input,embedding_dim,num_features,log_signature,num_heads,num_layers,ffn_hidden_dim,dropout_rate,learning_rate,seed,loss_function,gamma,k_fold,n_splits,augmentation_type,hidden_dim_aug,comb_method,batch_size
0,,0.6436781883239746,0.5222311166779937,[0.76469722 0.45409836 0.34789777],0.5163012698660258,[0.77951337 0.45114007 0.31825038],0.5303886166522956,[0.75043378 0.45709571 0.38363636],,0.6679511666297913,0.5619011205485053,[0.78517398 0.48921833 0.41131105],0.5591923263490935,[0.78576836 0.50486787 0.38694075],0.5660159262607649,[0.7845805  0.4745098  0.43895748],11,15,4,gaussian_random_projection,17,8,"['timeline_index', 'speaker']","[None, None]",True,False,384,0,True,6,1,"(256, 256)",0.1,0.0005,1,focal,2,True,5,Conv1d,,concatenation,64
0,,0.6394636034965515,0.5233967953475287,[0.76324454 0.45606866 0.35087719],0.5149995643824691,[0.79094293 0.45182186 0.3022339 ],0.538666110682786,[0.73742047 0.46039604 0.41818182],,0.6685934662818909,0.565428832040912,[0.78477456 0.51102204 0.4004899 ],0.5600405232010548,[0.79585492 0.52254098 0.36172566],0.5741860530220319,[0.77399849 0.5        0.44855967],11,15,4,gaussian_random_projection,17,8,"['timeline_index', 'speaker']","[None, None]",True,False,384,0,True,6,1,"(256, 256)",0.1,0.0005,12,focal,2,True,5,Conv1d,,concatenation,64
0,,0.640421450138092,0.5191970195187564,[0.76430477 0.45174538 0.34154091],0.512340361487177,[0.78406326 0.44971382 0.30324401],0.530074036900509,[0.74551764 0.45379538 0.39090909],,0.671162486076355,0.5683078243411642,[0.7881022  0.5        0.41682127],0.5633469077188037,[0.79527963 0.51525659 0.3795045 ],0.5763170563149814,[0.78105316 0.48562092 0.46227709],11,15,4,gaussian_random_projection,17,8,"['timeline_index', 'speaker']","[None, None]",True,False,384,0,True,6,1,"(256, 256)",0.1,0.0005,123,focal,2,True,5,Conv1d,,concatenation,64
