,loss,accuracy,f1,f1_scores,precision,precision_scores,recall,recall_scores,valid_loss,valid_accuracy,valid_f1,valid_f1_scores,valid_precision,valid_precision_scores,valid_recall,valid_recall_scores,k,dimensions,sig_depth,method,input_channels,output_channels,features,standardise_method,include_features_in_path,include_features_in_input,embedding_dim,num_features,log_signature,num_heads,num_layers,ffn_hidden_dim,dropout_rate,learning_rate,seed,loss_function,gamma,k_fold,n_splits,augmentation_type,hidden_dim_aug,comb_method,batch_size
0,,0.6614075303077698,0.554739083913578,[0.77690289 0.5072021  0.38011227],0.549048508079588,[0.79038718 0.52201258 0.33474576],0.5655943167512413,[0.76387097 0.49320883 0.43970315],,0.6586477756500244,0.5497259186255683,[0.77979948 0.48178138 0.3875969 ],0.5442341417815179,[0.7916562  0.4993007  0.34174553],0.5604669631878471,[0.76829268 0.4654498  0.4476584 ],20,15,4,gaussian_random_projection,17,8,"['timeline_index', 'speaker']","[None, None]",True,False,384,0,True,12,1,"(512, 512)",0.2,0.0005,1,focal,2,True,5,Conv1d,,concatenation,64
0,,0.6624454855918884,0.5512828849972639,[0.78355189 0.47892543 0.39137134],0.5493814820551437,[0.78648034 0.52701325 0.33465086],0.5635892202227395,[0.78064516 0.43887946 0.47124304],,0.6663522124290466,0.5544013513132167,[0.78789358 0.47553957 0.3997709 ],0.553708462704411,[0.78847093 0.53049759 0.34215686],0.5663109784933229,[0.78731707 0.43089961 0.48071625],20,15,4,gaussian_random_projection,17,8,"['timeline_index', 'speaker']","[None, None]",True,False,384,0,True,12,1,"(512, 512)",0.2,0.0005,12,focal,2,True,5,Conv1d,,concatenation,64
0,,0.6653518676757812,0.5568714444130718,[0.78317362 0.4896861  0.39775461],0.5526585356062008,[0.78868171 0.51901141 0.35028249],0.5671169020162471,[0.77774194 0.46349745 0.46011132],,0.6569182276725769,0.5470246917440953,[0.77892664 0.47058824 0.3915592 ],0.5428578529824404,[0.78628231 0.50147493 0.34081633],0.5583493138410648,[0.77170732 0.44328553 0.4600551 ],20,15,4,gaussian_random_projection,17,8,"['timeline_index', 'speaker']","[None, None]",True,False,384,0,True,12,1,"(512, 512)",0.2,0.0005,123,focal,2,True,5,Conv1d,,concatenation,64
