,loss,accuracy,f1,f1_scores,precision,precision_scores,recall,recall_scores,valid_loss,valid_accuracy,valid_f1,valid_f1_scores,valid_precision,valid_precision_scores,valid_recall,valid_recall_scores,k,dimensions,sig_depth,method,input_channels,output_channels,features,standardise_method,include_features_in_path,include_features_in_input,embedding_dim,num_features,log_signature,num_heads,num_layers,ffn_hidden_dim,dropout_rate,learning_rate,seed,loss_function,gamma,k_fold,n_splits,augmentation_type,hidden_dim_aug,comb_method,batch_size
0,,0.6365900635719299,0.5183461043950958,[0.76153502 0.44989775 0.34360555],0.5104916238018785,[0.78728002 0.4460665  0.29812834],0.5322234664183596,[0.73742047 0.45379538 0.40545455],,0.662813127040863,0.5605209325907441,[0.78096463 0.50426789 0.39633028],0.5539666871266711,[0.79768786 0.50659631 0.35761589],0.5704444740859306,[0.76492819 0.50196078 0.44444444],5,15,4,umap,17,8,"['timeline_index', 'speaker']","[None, None]",True,False,384,0,True,6,1,"(256, 256)",0.1,0.0005,1,focal,2,True,5,Conv1d,,concatenation,64
0,,0.6300766468048096,0.5131213672869315,[0.75568182 0.43767763 0.34600465],0.50498913029623,[0.78235294 0.43085532 0.30175913],0.5269810827236571,[0.73076923 0.44471947 0.40545455],,0.6647399067878723,0.5608480527576835,[0.782196   0.50971353 0.39063463],0.5549656395857353,[0.7967076  0.51360319 0.35458613],0.5696427267752094,[0.76820358 0.50588235 0.43484225],5,15,4,umap,17,8,"['timeline_index', 'speaker']","[None, None]",True,False,384,0,True,6,1,"(256, 256)",0.1,0.0005,12,focal,2,True,5,Conv1d,,concatenation,64
0,,0.6323754787445068,0.5093763567035773,[0.75958395 0.44214019 0.32640493],0.5029182557129692,[0.78117359 0.44453711 0.28304406],0.5214597012043599,[0.73915558 0.43976898 0.38545455],,0.6608863472938538,0.5513469717460174,[0.78364652 0.48497129 0.3854231 ],0.547391057949095,[0.78986435 0.50174703 0.3505618 ],0.5582634699970523,[0.77752583 0.46928105 0.42798354],5,15,4,umap,17,8,"['timeline_index', 'speaker']","[None, None]",True,False,384,0,True,6,1,"(256, 256)",0.1,0.0005,123,focal,2,True,5,Conv1d,,concatenation,64
