,loss,accuracy,f1,f1_scores,precision,precision_scores,recall,recall_scores,valid_loss,valid_accuracy,valid_f1,valid_f1_scores,valid_precision,valid_precision_scores,valid_recall,valid_recall_scores,k,dimensions,sig_depth,method,input_channels,output_channels,features,standardise_method,include_features_in_path,include_features_in_input,embedding_dim,num_features,log_signature,num_heads,num_layers,ffn_hidden_dim,dropout_rate,learning_rate,seed,loss_function,gamma,k_fold,n_splits,augmentation_type,hidden_dim_aug,comb_method,batch_size
0,,0.6335248947143555,0.513818969887997,[0.76136364 0.44298065 0.33711262],0.5062641254158617,[0.78823529 0.44207067 0.28848642],0.5285375570524086,[0.73626374 0.44389439 0.40545455],,0.676300585269928,0.5771086773321755,[0.79035345 0.5129238  0.42804878],0.5710744168577061,[0.80067218 0.52726018 0.38529089],0.5870417302723558,[0.7802973  0.49934641 0.48148148],20,15,4,umap,17,8,"['timeline_index', 'speaker']","[None, None]",True,False,384,0,True,6,1,"(512, 512)",0.2,0.0005,1,focal,2,True,5,Conv1d,,concatenation,64
0,,0.6350574493408203,0.5222456141981405,[0.76181846 0.4489126  0.35600579],0.5131826608534412,[0.79734429 0.44653061 0.29567308],0.5426387225188685,[0.72932331 0.45132013 0.44727273],,0.6626525521278381,0.5612298237357473,[0.78218457 0.49897471 0.40253019],0.5555612908364557,[0.79722658 0.52292264 0.34653465],0.5749778649457039,[0.76769967 0.47712418 0.48010974],20,15,4,umap,17,8,"['timeline_index', 'speaker']","[None, None]",True,False,384,0,True,6,1,"(512, 512)",0.2,0.0005,12,focal,2,True,5,Conv1d,,concatenation,64
0,,0.6415708661079407,0.5214987338608953,[0.76703037 0.4386423  0.35882353],0.5159379801401772,[0.78249097 0.4640884  0.30123457],0.5372156105142035,[0.75216888 0.41584158 0.44363636],,0.6721258759498596,0.5669895683749911,[0.79106737 0.49270203 0.4171993 ],0.5650699078803026,[0.79226687 0.54104769 0.36189516],0.5782048347459697,[0.7898715  0.45228758 0.49245542],20,15,4,umap,17,8,"['timeline_index', 'speaker']","[None, None]",True,False,384,0,True,6,1,"(512, 512)",0.2,0.0005,123,focal,2,True,5,Conv1d,,concatenation,64
