,loss,accuracy,f1,f1_scores,precision,precision_scores,recall,recall_scores,valid_loss,valid_accuracy,valid_f1,valid_f1_scores,valid_precision,valid_precision_scores,valid_recall,valid_recall_scores,k,dimensions,sig_depth,method,input_channels,output_channels,features,standardise_method,include_features_in_path,include_features_in_input,embedding_dim,num_features,log_signature,pooling,num_heads,num_layers,ffn_hidden_dim,dropout_rate,learning_rate,seed,loss_function,gamma,k_fold,n_splits,augmentation_type,hidden_dim_aug,comb_method,batch_size
0,,0.623180091381073,0.5057089505801469,[0.75066944 0.41566014 0.35079727],0.4979439159151258,[0.77297794 0.4196804  0.3011734 ],0.520442888129183,[0.72961249 0.41171617 0.42      ],,0.6671483516693115,0.5643079282692413,[0.78465697 0.51320509 0.39506173],0.5577629078614897,[0.80210526 0.51203643 0.35914703],0.5737627286854384,[0.76795163 0.51437908 0.43895748],11,15,4,umap,17,8,"['time_encoding', 'timeline_index']","['z_score', None]",True,True,384,2,True,signature,6,1,"(256, 256)",0.1,0.0005,1,focal,2,True,5,Conv1d,,concatenation,64
0,,0.634482741355896,0.5237774742414542,[0.75463667 0.47072419 0.34597156],0.5142842435799454,[0.79551282 0.44147399 0.30586592],0.5400210530017721,[0.71775593 0.50412541 0.39818182],,0.6665061116218567,0.5678763880512232,[0.78124595 0.51790281 0.4044804 ],0.5602936703000926,[0.80383795 0.5068836  0.37015945],0.5783723640347771,[0.75988914 0.52941176 0.44581619],11,15,4,umap,17,8,"['time_encoding', 'timeline_index']","['z_score', None]",True,True,384,2,True,signature,6,1,"(256, 256)",0.1,0.0005,12,focal,2,True,5,Conv1d,,concatenation,64
0,,0.6329501867294312,0.5175904243267219,[0.75681342 0.44320446 0.35275339],0.5092770600445414,[0.78478261 0.42868157 0.314367  ],0.5304444290582905,[0.73076923 0.45874587 0.40181818],,0.6636159420013428,0.5618951735844131,[0.77948189 0.51054313 0.3956605 ],0.5557308610042339,[0.79788918 0.499375   0.3699284 ],0.5697890129988895,[0.76190476 0.52222222 0.42524005],11,15,4,umap,17,8,"['time_encoding', 'timeline_index']","['z_score', None]",True,True,384,2,True,signature,6,1,"(256, 256)",0.1,0.0005,123,focal,2,True,5,Conv1d,,concatenation,64
