,loss,accuracy,f1,f1_scores,precision,precision_scores,recall,recall_scores,valid_loss,valid_accuracy,valid_f1,valid_f1_scores,valid_precision,valid_precision_scores,valid_recall,valid_recall_scores,k,dimensions,sig_depth,method,input_channels,output_channels,features,standardise_method,include_features_in_path,include_features_in_input,embedding_dim,num_features,log_signature,pooling,swnu_hidden_dim,ffn_hidden_dim,dropout_rate,learning_rate,seed,BiLSTM,loss_function,gamma,k_fold,n_splits,augmentation_type,hidden_dim_aug,comb_method,batch_size
0,,0.6295019388198853,0.4807730049582291,[0.76273612 0.39982616 0.27975673],0.4817500797582496,[0.75495751 0.42240588 0.26788686],0.4809806394173252,[0.77067669 0.37953795 0.29272727],,0.6803147196769714,0.5737889144262877,[0.79072651 0.50596491 0.42467532],0.5759308200462174,[0.77837442 0.54621212 0.40320592],0.5744261490604473,[0.80347695 0.47124183 0.44855967],35,15,3,gaussian_random_projection,17,,"['time_encoding', 'timeline_index']","['z_score', None]",True,True,384,2,True,signature,"(12,)","(256, 256)",0.2,0.001,1,True,focal,2,True,5,Conv1d,,concatenation,64
0,,0.6013410091400146,0.4758434592596568,[0.73121171 0.40261237 0.29370629],0.4719833023491895,[0.75641422 0.3767074  0.28282828],0.4818107501901144,[0.70763447 0.43234323 0.30545455],,0.6724470257759094,0.5789439435479697,[0.78296881 0.52118912 0.4326739 ],0.5714620027272292,[0.80494944 0.50490196 0.40453461],0.5885797940575407,[0.76215671 0.53856209 0.46502058],35,15,3,gaussian_random_projection,17,,"['time_encoding', 'timeline_index']","['z_score', None]",True,True,384,2,True,signature,"(12,)","(256, 256)",0.2,0.001,12,True,focal,2,True,5,Conv1d,,concatenation,64
0,,0.6157088279724121,0.4874939626648507,[0.74922049 0.40836408 0.30489731],0.4817775159035413,[0.7699115  0.40586797 0.26955307],0.4971375575961297,[0.72961249 0.41089109 0.35090909],,0.6734104156494141,0.5753289335436812,[0.78181818 0.5297542  0.41441441],0.5698253025393478,[0.79484509 0.52432778 0.39030303],0.5820688220418483,[0.76921139 0.53529412 0.44170096],35,15,3,gaussian_random_projection,17,,"['time_encoding', 'timeline_index']","['z_score', None]",True,True,384,2,True,signature,"(12,)","(256, 256)",0.2,0.001,123,True,focal,2,True,5,Conv1d,,concatenation,64
