,loss,accuracy,f1,f1_scores,precision,precision_scores,recall,recall_scores,valid_loss,valid_accuracy,valid_f1,valid_f1_scores,valid_precision,valid_precision_scores,valid_recall,valid_recall_scores,k,dimensions,sig_depth,method,input_channels,output_channels,features,standardise_method,include_features_in_path,include_features_in_input,embedding_dim,num_features,log_signature,swnu_hidden_dim,ffn_hidden_dim,dropout_rate,learning_rate,seed,BiLSTM,loss_function,gamma,k_fold,n_splits,augmentation_type,hidden_dim_aug,comb_method,batch_size
0,,0.6371647715568542,0.5195715003769267,[0.76675684 0.44970414 0.34225352],0.5128335918912565,[0.79818523 0.4610052  0.27931034],0.5394905783233037,[0.73770966 0.43894389 0.44181818],,0.666024386882782,0.5636255254445701,[0.78613306 0.4910683  0.41367521],0.5594393936319416,[0.79546041 0.5290566  0.35380117],0.5777114137836205,[0.77702192 0.45816993 0.49794239],5,15,3,umap,17,,"['timeline_index', 'speaker']","[None, None]",True,False,384,0,True,"(12,)","(512, 512)",0.2,0.0005,1,True,focal,2,True,5,Conv1d,,concatenation,64
0,,0.6350574493408203,0.5249848656111085,[0.76044357 0.45958145 0.35492958],0.5159193431855501,[0.80096    0.45714286 0.28965517],0.5480189418594839,[0.7238288  0.4620462  0.45818182],,0.6573538780212402,0.5567378363113582,[0.77704366 0.50431321 0.38885665],0.5496282820613408,[0.79973333 0.51212938 0.33702213],0.5706238599692278,[0.75560595 0.49673203 0.45953361],5,15,3,umap,17,,"['timeline_index', 'speaker']","[None, None]",True,False,384,0,True,"(12,)","(512, 512)",0.2,0.0005,12,True,focal,2,True,5,Conv1d,,concatenation,64
0,,0.6335248947143555,0.5146774612202981,[0.76190476 0.43298969 0.34913793],0.5083353608615843,[0.7847946  0.4516129  0.28859857],0.5326573617454284,[0.74031232 0.41584158 0.44181818],,0.6661849617958069,0.5636540861947059,[0.78672986 0.49896623 0.40526617],0.5585312641339852,[0.80015633 0.52769679 0.34774067],0.5775152859497709,[0.77374654 0.47320261 0.48559671],5,15,3,umap,17,,"['timeline_index', 'speaker']","[None, None]",True,False,384,0,True,"(12,)","(512, 512)",0.2,0.0005,123,True,focal,2,True,5,Conv1d,,concatenation,64
