,loss,accuracy,f1,f1_scores,precision,precision_scores,recall,recall_scores,valid_loss,valid_accuracy,valid_f1,valid_f1_scores,valid_precision,valid_precision_scores,valid_recall,valid_recall_scores,k,dimensions,sig_depth,method,input_channels,output_channels,features,standardise_method,include_features_in_path,include_features_in_input,embedding_dim,num_features,log_signature,pooling,swnu_hidden_dim,ffn_hidden_dim,dropout_rate,learning_rate,seed,BiLSTM,loss_function,gamma,k_fold,n_splits,augmentation_type,hidden_dim_aug,comb_method,batch_size
0,,0.6340996026992798,0.5125774527545418,[0.7603625  0.44196613 0.33540373],0.5056829713252589,[0.78185151 0.44251447 0.29268293],0.5247231831338136,[0.74002313 0.44141914 0.39272727],,0.6597623825073242,0.5501959828622683,[0.78339488 0.48476733 0.38242574],0.5457479274680745,[0.79196704 0.49691146 0.34836528],0.5573590753173697,[0.7750063  0.47320261 0.42386831],5,15,3,umap,17,,"['time_encoding', 'timeline_index']","['z_score', None]",True,True,384,2,True,signature,"(12,)","(128, 128)",0.1,0.0005,1,True,focal,2,True,5,Conv1d,,concatenation,64
0,,0.6279693245887756,0.5112246294931695,[0.75372907 0.46082949 0.31911532],0.5029290692793226,[0.79562982 0.43103448 0.28212291],0.5261143511690671,[0.71602082 0.4950495  0.36727273],,0.6507707238197327,0.541572098598,[0.77353167 0.48545572 0.3657289 ],0.5367890066231835,[0.78767302 0.48017903 0.34251497],0.5476856860714108,[0.75988914 0.49084967 0.39231824],5,15,3,umap,17,,"['time_encoding', 'timeline_index']","['z_score', None]",True,True,384,2,True,signature,"(12,)","(128, 128)",0.1,0.0005,12,True,focal,2,True,5,Conv1d,,concatenation,64
0,,0.6222222447395325,0.5108818610594359,[0.74581431 0.44444444 0.34238683],0.5029758093416596,[0.78727506 0.40887041 0.31278195],0.5244941741137676,[0.70850202 0.48679868 0.37818182],,0.6591200828552246,0.5511083064831649,[0.77894192 0.50966937 0.36471363],0.5461584069780833,[0.80037214 0.48747017 0.35063291],0.5575296236464408,[0.75862938 0.53398693 0.37997257],5,15,3,umap,17,,"['time_encoding', 'timeline_index']","['z_score', None]",True,True,384,2,True,signature,"(12,)","(128, 128)",0.1,0.0005,123,True,focal,2,True,5,Conv1d,,concatenation,64
