,loss,accuracy,f1,f1_scores,precision,precision_scores,recall,recall_scores,valid_loss,valid_accuracy,valid_f1,valid_f1_scores,valid_precision,valid_precision_scores,valid_recall,valid_recall_scores,k,dimensions,sig_depth,method,input_channels,output_channels,features,standardise_method,include_features_in_path,include_features_in_input,embedding_dim,num_features,log_signature,swnu_hidden_dim,ffn_hidden_dim,dropout_rate,learning_rate,seed,BiLSTM,loss_function,gamma,k_fold,n_splits,augmentation_type,hidden_dim_aug,comb_method,batch_size
0,,0.6298850774765015,0.5122923994187152,[0.75635277 0.43732018 0.34320425],0.5043866544852449,[0.78279703 0.43570844 0.2946545 ],0.5271632565222977,[0.73163678 0.43894389 0.41090909],,0.6681117415428162,0.5683682926985898,[0.78425318 0.50984252 0.41100917],0.5613268214383987,[0.80126183 0.51185771 0.37086093],0.5789000373812075,[0.76795163 0.50784314 0.46090535],5,15,3,gaussian_random_projection,17,,"['timeline_index', 'speaker']","[None, None]",True,False,384,0,True,"(12,)","(512, 512)",0.1,0.0001,1,True,focal,2,True,5,Conv1d,,concatenation,64
0,,0.6312260627746582,0.5165102461425461,[0.75757576 0.44155844 0.35039654],0.5086426606784343,[0.78709476 0.44851064 0.29032258],0.535609175145392,[0.73019086 0.43481848 0.44181818],,0.6624919772148132,0.559520033904322,[0.78184143 0.49811321 0.39860546],0.5545912139107737,[0.79381979 0.52418773 0.34576613],0.5717455157646049,[0.7702192  0.4745098  0.47050754],5,15,3,gaussian_random_projection,17,,"['timeline_index', 'speaker']","[None, None]",True,False,384,0,True,"(12,)","(512, 512)",0.1,0.0001,12,True,focal,2,True,5,Conv1d,,concatenation,64
0,,0.6339080333709717,0.5142859059918107,[0.75940741 0.43387568 0.34957463],0.5071816368124347,[0.77855407 0.43881857 0.30417227],0.5270439559861134,[0.74117987 0.4290429  0.41090909],,0.6701990962028503,0.5636375504170393,[0.7886611  0.49728261 0.40496894],0.5599949743589592,[0.79227053 0.51768034 0.37003405],0.570234568450151,[0.7850844  0.47843137 0.44718793],5,15,3,gaussian_random_projection,17,,"['timeline_index', 'speaker']","[None, None]",True,False,384,0,True,"(12,)","(512, 512)",0.1,0.0001,123,True,focal,2,True,5,Conv1d,,concatenation,64
