,loss,accuracy,f1,f1_scores,precision,precision_scores,recall,recall_scores,valid_loss,valid_accuracy,valid_f1,valid_f1_scores,valid_precision,valid_precision_scores,valid_recall,valid_recall_scores,k,dimensions,sig_depth,method,input_channels,output_channels,features,standardise_method,include_features_in_path,include_features_in_input,embedding_dim,num_features,log_signature,pooling,swnu_hidden_dim,ffn_hidden_dim,dropout_rate,learning_rate,seed,BiLSTM,loss_function,gamma,k_fold,n_splits,augmentation_type,hidden_dim_aug,comb_method,batch_size
0,,0.6354405879974365,0.508926072031245,[0.76066628 0.42676768 0.33934426],0.5044253086204881,[0.76875369 0.43556701 0.30895522],0.5158092402646858,[0.75274725 0.41831683 0.37636364],,0.6668272614479065,0.559467047435956,[0.78303673 0.50067751 0.39468691],0.5568032542620317,[0.784522   0.51969058 0.36619718],0.5641823807712386,[0.78155707 0.48300654 0.42798354],11,15,4,umap,17,,"['time_encoding', 'timeline_index']","['z_score', None]",True,True,384,2,True,signature,"(10,)","(256, 256)",0.1,0.001,1,True,focal,2,True,5,Conv1d,,concatenation,64
0,,0.6159003973007202,0.5106338533016946,[0.73973866 0.44427245 0.34789045],0.5004599204232978,[0.78962914 0.41836735 0.29338327],0.5322159977709743,[0.69577791 0.47359736 0.42727273],,0.6499679088592529,0.5529900289184748,[0.77009688 0.49789576 0.39097744],0.5442819085388138,[0.80158081 0.49326491 0.338     ],0.5690853021592724,[0.74099269 0.50261438 0.46364883],11,15,4,umap,17,,"['time_encoding', 'timeline_index']","['z_score', None]",True,True,384,2,True,signature,"(10,)","(256, 256)",0.1,0.001,12,True,focal,2,True,5,Conv1d,,concatenation,64
0,,0.6337164640426636,0.5168726527646522,[0.75215746 0.4691358  0.3293247 ],0.5144920611991596,[0.78932316 0.41893645 0.33521657],0.5249913204160208,[0.7183343  0.5330033  0.32363636],,0.6570327281951904,0.5480668895476961,[0.77539416 0.5045208  0.36428571],0.5480392372183247,[0.7959671  0.46812081 0.38002981],0.550903653642527,[0.7558579  0.54705882 0.34979424],11,15,4,umap,17,,"['time_encoding', 'timeline_index']","['z_score', None]",True,True,384,2,True,signature,"(10,)","(256, 256)",0.1,0.001,123,True,focal,2,True,5,Conv1d,,concatenation,64
