,loss,accuracy,f1,f1_scores,precision,precision_scores,recall,recall_scores,valid_loss,valid_accuracy,valid_f1,valid_f1_scores,valid_precision,valid_precision_scores,valid_recall,valid_recall_scores,k,dimensions,sig_depth,method,input_channels,output_channels,features,standardise_method,include_features_in_path,include_features_in_input,embedding_dim,num_features,log_signature,pooling,swnu_hidden_dim,ffn_hidden_dim,dropout_rate,learning_rate,seed,BiLSTM,loss_function,gamma,k_fold,n_splits,augmentation_type,hidden_dim_aug,comb_method,batch_size
0,,0.6178160905838013,0.501858482463989,[0.74110761 0.4333203  0.33114754],0.4945824208155587,[0.77035881 0.41189591 0.30149254],0.5127883222098959,[0.71399653 0.45709571 0.36727273],,0.6624919772148132,0.5616630788447404,[0.77847114 0.51819322 0.38832487],0.5545519496132569,[0.80419017 0.49819059 0.36127509],0.5713228501277055,[0.75434618 0.53986928 0.41975309],5,15,4,umap,17,,"['time_encoding', 'timeline_index']","['z_score', None]",True,True,384,2,True,signature,"(10,)","(512, 512)",0.1,0.0005,1,True,focal,2,True,5,Conv1d,,concatenation,64
0,,0.619157075881958,0.5121290896904135,[0.74283071 0.45620716 0.3373494 ],0.5023711026783456,[0.79557464 0.42362093 0.28791774],0.5327142031727753,[0.69664546 0.49422442 0.40727273],,0.6486833691596985,0.5498725204348109,[0.76931148 0.4957852  0.38452088],0.5416680163134341,[0.80224289 0.47459653 0.34816463],0.5624288672945174,[0.73897707 0.51895425 0.42935528],5,15,4,umap,17,,"['time_encoding', 'timeline_index']","['z_score', None]",True,True,384,2,True,signature,"(10,)","(512, 512)",0.1,0.0005,12,True,focal,2,True,5,Conv1d,,concatenation,64
0,,0.6356321573257446,0.5213691371506565,[0.75287356 0.47647723 0.33475662],0.5142796260123098,[0.78915663 0.43806228 0.31561997],0.5328070279555428,[0.71978022 0.52227723 0.35636364],,0.6584778428077698,0.5499105405132726,[0.77846791 0.50676507 0.36449864],0.5462777580560608,[0.80021282 0.47851336 0.3601071 ],0.5551447465131457,[0.75787352 0.53856209 0.36899863],5,15,4,umap,17,,"['time_encoding', 'timeline_index']","['z_score', None]",True,True,384,2,True,signature,"(10,)","(512, 512)",0.1,0.0005,123,True,focal,2,True,5,Conv1d,,concatenation,64
