,loss,accuracy,f1,f1_scores,precision,precision_scores,recall,recall_scores,valid_loss,valid_accuracy,valid_f1,valid_f1_scores,valid_precision,valid_precision_scores,valid_recall,valid_recall_scores,k,dimensions,sig_depth,method,input_channels,output_channels,features,standardise_method,include_features_in_path,include_features_in_input,embedding_dim,num_features,log_signature,swnu_hidden_dim,ffn_hidden_dim,dropout_rate,learning_rate,seed,BiLSTM,loss_function,gamma,k_fold,n_splits,augmentation_type,hidden_dim_aug,comb_method,batch_size
0,,0.6333333253860474,0.5169639026010882,[0.75922039 0.44256348 0.34910784],0.5084611684229355,[0.7882939  0.43262411 0.30446549],0.5314254531294657,[0.73221515 0.4529703  0.40909091],,0.6701990962028503,0.5680107210220772,[0.78621045 0.51731952 0.4005022 ],0.5616249086651558,[0.80315375 0.51250802 0.36921296],0.5765917340873249,[0.76996725 0.52222222 0.43758573],11,15,3,gaussian_random_projection,17,,"['timeline_index', 'speaker']","[None, None]",True,False,384,0,True,"(12,)","(512, 512)",0.1,0.0001,1,True,focal,2,True,5,Conv1d,,concatenation,64
0,,0.649808406829834,0.52386976998555,[0.7722368  0.45070423 0.34866828],0.5197216178899366,[0.77882353 0.4668435  0.31349782],0.5313771307726493,[0.76576056 0.43564356 0.39272727],,0.6754977703094482,0.5635097222449594,[0.79401032 0.50991114 0.38660771],0.5619366293754889,[0.79311212 0.53438395 0.35831382],0.5674151141938256,[0.79491056 0.4875817  0.41975309],11,15,3,gaussian_random_projection,17,,"['timeline_index', 'speaker']","[None, None]",True,False,384,0,True,"(12,)","(512, 512)",0.1,0.0001,12,True,focal,2,True,5,Conv1d,,concatenation,64
0,,0.6406130194664001,0.5190402513952285,[0.765625   0.43892165 0.3525741 ],0.5126419522269932,[0.7808178  0.44836489 0.30874317],0.5305964078189195,[0.75101215 0.42986799 0.41090909],,0.6714836359024048,0.5639409389846404,[0.78939394 0.49915226 0.40327662],0.5609425331838851,[0.7911921  0.51867512 0.37296037],0.5692023860298577,[0.78760393 0.48104575 0.43895748],11,15,3,gaussian_random_projection,17,,"['timeline_index', 'speaker']","[None, None]",True,False,384,0,True,"(12,)","(512, 512)",0.1,0.0001,123,True,focal,2,True,5,Conv1d,,concatenation,64
