,loss,accuracy,f1,f1_scores,precision,precision_scores,recall,recall_scores,valid_loss,valid_accuracy,valid_f1,valid_f1_scores,valid_precision,valid_precision_scores,valid_recall,valid_recall_scores,k,dimensions,sig_depth,method,input_channels,output_channels,features,standardise_method,include_features_in_path,include_features_in_input,embedding_dim,num_features,log_signature,pooling,swnu_hidden_dim,ffn_hidden_dim,dropout_rate,learning_rate,seed,BiLSTM,loss_function,gamma,k_fold,n_splits,augmentation_type,hidden_dim_aug,comb_method,batch_size
0,,0.6153256893157959,0.49632048004969476,[0.74259955 0.42693974 0.31942215],0.4890905785859851,[0.77291211 0.40844009 0.28591954],0.5078626000251848,[0.7145749  0.44719472 0.36181818],,0.6642581820487976,0.5680940076265034,[0.77724255 0.52023847 0.40680101],0.5601563611190297,[0.80414871 0.50030175 0.37601863],0.5789937923043017,[0.75207861 0.54183007 0.4430727 ],20,15,4,umap,17,,"['time_encoding', 'timeline_index']","['z_score', None]",True,True,384,2,True,signature,"(10,)","(256, 256)",0.2,0.001,1,True,focal,2,True,5,Conv1d,,concatenation,64
0,,0.600191593170166,0.486747442222184,[0.72599462 0.39333862 0.34090909],0.47946752627366757,[0.75185874 0.37862595 0.30791789],0.49763662890291344,[0.70185078 0.40924092 0.38181818],,0.6563904881477356,0.5594075616222707,[0.77361202 0.50632111 0.39828955],0.5508495787612971,[0.80330982 0.49020808 0.35903084],0.5722496954886207,[0.74603175 0.52352941 0.44718793],20,15,4,umap,17,,"['time_encoding', 'timeline_index']","['z_score', None]",True,True,384,2,True,signature,"(10,)","(256, 256)",0.2,0.001,12,True,focal,2,True,5,Conv1d,,concatenation,64
0,,0.615517258644104,0.5051367340485582,[0.73216229 0.47487002 0.3083779 ],0.5011627678253324,[0.79159664 0.40944411 0.30244755],0.5202521565054133,[0.6810295  0.56518152 0.31454545],,0.6544637084007263,0.5585188028819905,[0.76853694 0.51843251 0.38858696],0.5542430358234774,[0.81148459 0.46631854 0.38492598],0.5686283841382919,[0.72990678 0.58366013 0.39231824],20,15,4,umap,17,,"['time_encoding', 'timeline_index']","['z_score', None]",True,True,384,2,True,signature,"(10,)","(256, 256)",0.2,0.001,123,True,focal,2,True,5,Conv1d,,concatenation,64
