,loss,accuracy,f1,f1_scores,precision,precision_scores,recall,recall_scores,valid_loss,valid_accuracy,valid_f1,valid_f1_scores,valid_precision,valid_precision_scores,valid_recall,valid_recall_scores,k,dimensions,sig_depth,method,input_channels,output_channels,features,standardise_method,include_features_in_path,include_features_in_input,embedding_dim,num_features,log_signature,swnu_hidden_dim,ffn_hidden_dim,dropout_rate,learning_rate,seed,BiLSTM,loss_function,gamma,k_fold,n_splits,augmentation_type,hidden_dim_aug,comb_method,batch_size
0,,0.6287356615066528,0.4930588459334489,[0.76160991 0.42324649 0.29432014],0.4892631112419534,[0.77684211 0.41153546 0.27941176],0.49783873933952094,[0.74696356 0.43564356 0.31090909],,0.6894669532775879,0.5823688419221914,[0.80116147 0.53337675 0.41256831],0.5817473461871812,[0.80288462 0.53147307 0.41088435],0.5830019799414965,[0.7994457  0.53529412 0.41426612],35,15,3,umap,17,,"['timeline_index', 'speaker']","[None, None]",True,False,384,0,True,"(12,)","(512, 512)",0.2,0.0001,1,True,focal,2,True,5,Conv1d,,concatenation,64
0,,0.6178160905838013,0.48407960314562204,[0.75473373 0.3977591  0.29974598],0.47974620043077815,[0.77256208 0.38616939 0.28050713],0.48986461572704404,[0.73770966 0.41006601 0.32181818],,0.6685934662818909,0.5633134203845536,[0.78600613 0.50419626 0.39973788],0.5591872877472929,[0.79679006 0.49808673 0.38268507],0.5681163549095908,[0.7755102  0.51045752 0.41838134],35,15,3,umap,17,,"['timeline_index', 'speaker']","[None, None]",True,False,384,0,True,"(12,)","(512, 512)",0.2,0.0001,12,True,focal,2,True,5,Conv1d,,concatenation,64
0,,0.6254789233207703,0.4892442409148472,[0.75911554 0.40621169 0.3024055 ],0.4859951344072749,[0.7689113  0.40242915 0.28664495],0.493210743283698,[0.74956622 0.41006601 0.32      ],,0.6758188605308533,0.567421496261228,[0.79434058 0.50116628 0.40675763],0.5647303191460095,[0.79655435 0.51121686 0.38641975],0.570999209011451,[0.79213908 0.49150327 0.42935528],35,15,3,umap,17,,"['timeline_index', 'speaker']","[None, None]",True,False,384,0,True,"(12,)","(512, 512)",0.2,0.0001,123,True,focal,2,True,5,Conv1d,,concatenation,64
