,loss,accuracy,f1,f1_scores,precision,precision_scores,recall,recall_scores,valid_loss,valid_accuracy,valid_f1,valid_f1_scores,valid_precision,valid_precision_scores,valid_recall,valid_recall_scores,k,dimensions,sig_depth,method,input_channels,output_channels,features,standardise_method,include_features_in_path,include_features_in_input,embedding_dim,num_features,log_signature,swnu_hidden_dim,ffn_hidden_dim,dropout_rate,learning_rate,seed,BiLSTM,loss_function,gamma,k_fold,n_splits,augmentation_type,hidden_dim_aug,comb_method,batch_size
0,,0.638505756855011,0.5143828411234016,[0.76644256 0.42052222 0.35618375],0.5129535742310072,[0.7748227  0.47270855 0.29132948],0.5317121492369018,[0.75824176 0.37871287 0.45818182],,0.6623314023017883,0.5541794743580947,[0.78569636 0.46239762 0.41444444],0.5560080785446156,[0.78255436 0.53719723 0.34827264],0.5688019515076262,[0.78886369 0.40588235 0.51165981],20,15,3,gaussian_random_projection,17,,"['timeline_index', 'speaker']","[None, None]",True,False,384,0,True,"(12,)","(512, 512)",0.2,0.0005,1,True,focal,2,True,5,Conv1d,,concatenation,64
0,,0.6293103694915771,0.5202247742388871,[0.75384381 0.45388933 0.35294118],0.5104054530165933,[0.79588557 0.44149766 0.29383313],0.5416119009240427,[0.71602082 0.4669967  0.44181818],,0.6645793318748474,0.5678983544341626,[0.77945932 0.51388889 0.41034685],0.5600125312718375,[0.80090377 0.52008032 0.3590535 ],0.5819048058180748,[0.75913328 0.50784314 0.478738  ],20,15,3,gaussian_random_projection,17,,"['timeline_index', 'speaker']","[None, None]",True,False,384,0,True,"(12,)","(512, 512)",0.2,0.0005,12,True,focal,2,True,5,Conv1d,,concatenation,64
0,,0.642145574092865,0.5193271752889747,[0.76738749 0.42831858 0.36227545],0.5150888230587757,[0.77554637 0.46183206 0.30788804],0.5329128100780003,[0.7593985  0.39933993 0.44      ],,0.6767822504043579,0.5711086015424219,[0.79509018 0.48561151 0.43262411],0.5701992657337683,[0.79053549 0.54       0.38006231],0.5809772468658245,[0.79969766 0.44117647 0.50205761],20,15,3,gaussian_random_projection,17,,"['timeline_index', 'speaker']","[None, None]",True,False,384,0,True,"(12,)","(512, 512)",0.2,0.0005,123,True,focal,2,True,5,Conv1d,,concatenation,64
