,loss,accuracy,f1,f1_scores,precision,precision_scores,recall,recall_scores,valid_loss,valid_accuracy,valid_f1,valid_f1_scores,valid_precision,valid_precision_scores,valid_recall,valid_recall_scores,k,dimensions,sig_depth,method,input_channels,output_channels,features,standardise_method,include_features_in_path,include_features_in_input,embedding_dim,num_features,log_signature,swnu_hidden_dim,ffn_hidden_dim,dropout_rate,learning_rate,seed,BiLSTM,loss_function,gamma,k_fold,n_splits,augmentation_type,hidden_dim_aug,comb_method,batch_size
0,,0.6323754787445068,0.5130238385931337,[0.76357111 0.43280378 0.34269663],0.5070106850119315,[0.79064726 0.45120859 0.2791762 ],0.5325886585188305,[0.73828803 0.41584158 0.44363636],,0.6596018075942993,0.5577317865533974,[0.77970866 0.48780488 0.40568182],0.5532277061598597,[0.7910293  0.52238806 0.34626576],0.5719785856729523,[0.76870748 0.45751634 0.48971193],11,15,3,umap,17,,"['timeline_index', 'speaker']","[None, None]",True,False,384,0,True,"(12,)","(512, 512)",0.2,0.001,1,True,focal,2,True,5,Conv1d,,concatenation,64
0,,0.6237547993659973,0.5102873347793401,[0.7518797  0.42736486 0.35161744],0.5025405102441086,[0.78320802 0.43771626 0.28669725],0.5316661509991369,[0.72296125 0.41749175 0.45454545],,0.6621708273887634,0.5647243052779194,[0.77985462 0.51273458 0.40158371],0.5573644298745333,[0.8042838  0.5261348  0.34167469],0.5812780530593582,[0.75686571 0.5        0.48696845],11,15,3,umap,17,,"['timeline_index', 'speaker']","[None, None]",True,False,384,0,True,"(12,)","(512, 512)",0.2,0.001,12,True,focal,2,True,5,Conv1d,,concatenation,64
0,,0.6342911720275879,0.5094915939083149,[0.76098418 0.42397915 0.34351145],0.504892978300978,[0.77091988 0.44770642 0.29605263],0.5210108344553368,[0.75130133 0.40264026 0.40909091],,0.668432891368866,0.5584292949832168,[0.78878177 0.48062016 0.40588596],0.5574470530836608,[0.78397213 0.52140673 0.36696231],0.5644830222898487,[0.79365079 0.44575163 0.45404664],11,15,3,umap,17,,"['timeline_index', 'speaker']","[None, None]",True,False,384,0,True,"(12,)","(512, 512)",0.2,0.001,123,True,focal,2,True,5,Conv1d,,concatenation,64
