,loss,accuracy,f1,f1_scores,precision,precision_scores,recall,recall_scores,valid_loss,valid_accuracy,valid_f1,valid_f1_scores,valid_precision,valid_precision_scores,valid_recall,valid_recall_scores,k,dimensions,sig_depth,method,input_channels,output_channels,features,standardise_method,include_features_in_path,include_features_in_input,embedding_dim,num_features,log_signature,swnu_hidden_dim,ffn_hidden_dim,dropout_rate,learning_rate,seed,BiLSTM,loss_function,gamma,k_fold,n_splits,augmentation_type,hidden_dim_aug,comb_method,batch_size
0,,0.6438697576522827,0.5118694457825242,[0.76809888 0.456917   0.31059246],0.5090620561771318,[0.78190533 0.43854325 0.30673759],0.5154048961865533,[0.75477154 0.47689769 0.31454545],,0.6719653010368347,0.5594676768596659,[0.78949362 0.50631272 0.38259669],0.559417766305847,[0.79139241 0.50160359 0.3852573 ],0.5595625355766449,[0.78760393 0.51111111 0.37997257],20,15,3,umap,17,,"['timeline_index', 'speaker']","[None, None]",True,False,384,0,True,"(12,)","(256, 256)",0.2,0.0005,1,True,focal,2,True,5,Conv1d,,concatenation,64
0,,0.6316092014312744,0.5141237911502181,[0.76060561 0.43374486 0.34802091],0.5058639231032458,[0.78960473 0.43267652 0.29531052],0.5307053070836291,[0.73366108 0.43481848 0.42363636],,0.6679511666297913,0.567281951288683,[0.78528394 0.50486741 0.41169451],0.5608694837332345,[0.7993215  0.51897861 0.36430834],0.5788284037894993,[0.77173091 0.49150327 0.47325103],20,15,3,umap,17,,"['timeline_index', 'speaker']","[None, None]",True,False,384,0,True,"(12,)","(256, 256)",0.2,0.0005,12,True,focal,2,True,5,Conv1d,,concatenation,64
0,,0.6452107429504395,0.5182324990989184,[0.7710668  0.42753313 0.35609756],0.5139548537793696,[0.77615001 0.44365572 0.32205882],0.5255909373470603,[0.76604974 0.41254125 0.39818182],,0.6782273650169373,0.5699927736177147,[0.79411398 0.49494597 0.42091837],0.5699148931495448,[0.78617284 0.53024645 0.39332539],0.5729814559568683,[0.80221718 0.46405229 0.4526749 ],20,15,3,umap,17,,"['timeline_index', 'speaker']","[None, None]",True,False,384,0,True,"(12,)","(256, 256)",0.2,0.0005,123,True,focal,2,True,5,Conv1d,,concatenation,64
