,loss,accuracy,f1,f1_scores,precision,precision_scores,recall,recall_scores,valid_loss,valid_accuracy,valid_f1,valid_f1_scores,valid_precision,valid_precision_scores,valid_recall,valid_recall_scores,k,dimensions,sig_depth,method,input_channels,output_channels,features,standardise_method,include_features_in_path,include_features_in_input,embedding_dim,num_features,log_signature,swnu_hidden_dim,ffn_hidden_dim,dropout_rate,learning_rate,seed,BiLSTM,loss_function,gamma,k_fold,n_splits,augmentation_type,hidden_dim_aug,comb_method,batch_size
0,,0.6093869805335999,0.48185217567168714,[0.74435303 0.40855874 0.29264476],0.4759542879391036,[0.77099473 0.4        0.25686813],0.49232759481847554,[0.71949104 0.41749175 0.34      ],,0.6963711977005005,0.6043803339948277,[0.80238126 0.5634715  0.44728824],0.5952424539055899,[0.82490687 0.55840822 0.40241228],0.6177033227557142,[0.78105316 0.56862745 0.50342936],80,15,3,umap,17,,"['timeline_index', 'speaker']","[None, None]",True,False,384,0,True,"(12,)","(256, 256)",0.2,0.0005,1,True,focal,2,True,5,Conv1d,,concatenation,64
0,,0.6166666746139526,0.4999493034486613,[0.7484344  0.43052392 0.32088959],0.4922598121050375,[0.79313694 0.39873418 0.28490832],0.5145321779141477,[0.70850202 0.46782178 0.36727273],,0.6851316690444946,0.5900679250380804,[0.79516506 0.54573935 0.42929936],0.5819962929216194,[0.82120805 0.52406739 0.40071344],0.600760413904931,[0.7707231  0.56928105 0.46227709],80,15,3,umap,17,,"['timeline_index', 'speaker']","[None, None]",True,False,384,0,True,"(12,)","(256, 256)",0.2,0.0005,12,True,focal,2,True,5,Conv1d,,concatenation,64
0,,0.6333333253860474,0.4989821853891924,[0.76447426 0.41474654 0.31772575],0.49550113085114367,[0.77110915 0.4212766  0.29411765],0.503940986926917,[0.75795257 0.40841584 0.34545455],,0.6878612637519836,0.5807748473617801,[0.80105369 0.52364633 0.41762452],0.5795883471401352,[0.79765176 0.55043228 0.390681  ],0.5841302776254534,[0.80448476 0.49934641 0.44855967],80,15,3,umap,17,,"['timeline_index', 'speaker']","[None, None]",True,False,384,0,True,"(12,)","(256, 256)",0.2,0.0005,123,True,focal,2,True,5,Conv1d,,concatenation,64
