,loss,accuracy,f1,f1_scores,precision,precision_scores,recall,recall_scores,valid_loss,valid_accuracy,valid_f1,valid_f1_scores,valid_precision,valid_precision_scores,valid_recall,valid_recall_scores,k,dimensions,sig_depth,method,input_channels,output_channels,features,standardise_method,include_features_in_path,include_features_in_input,embedding_dim,num_features,log_signature,swnu_hidden_dim,ffn_hidden_dim,dropout_rate,learning_rate,seed,BiLSTM,loss_function,gamma,k_fold,n_splits,augmentation_type,hidden_dim_aug,comb_method,batch_size
0,,0.6296935081481934,0.5087461597542243,[0.75446429 0.44112903 0.33064516],0.50187335220694,[0.77713059 0.43138801 0.29710145],0.5190433705024639,[0.73308271 0.45132013 0.37272727],,0.6737315058708191,0.5753628726466946,[0.7870737  0.51114809 0.42786683],0.5691474407155656,[0.79818653 0.52067797 0.38857783],0.5847404531085411,[0.77626606 0.50196078 0.47599451],35,15,3,gaussian_random_projection,17,,"['timeline_index', 'speaker']","[None, None]",True,False,384,0,True,"(12,)","(256, 256)",0.2,0.0005,1,True,focal,2,True,5,Conv1d,,concatenation,64
0,,0.6325670480728149,0.5148383689232515,[0.75558867 0.44426624 0.34466019],0.5073844025055098,[0.7795203  0.43213729 0.31049563],0.5258170478702006,[0.73308271 0.45709571 0.38727273],,0.6761400103569031,0.5780608448928387,[0.78924456 0.51627754 0.42866044],0.5715375892941218,[0.80239521 0.51952349 0.39269406],0.5871563989107302,[0.77651801 0.5130719  0.47187929],35,15,3,gaussian_random_projection,17,,"['timeline_index', 'speaker']","[None, None]",True,False,384,0,True,"(12,)","(256, 256)",0.2,0.0005,12,True,focal,2,True,5,Conv1d,,concatenation,64
0,,0.6365900635719299,0.5084345687122284,[0.76554745 0.41929825 0.34045802],0.504660626240536,[0.77299528 0.44756554 0.29342105],0.5193619142133994,[0.75824176 0.39438944 0.40545455],,0.6793513298034668,0.5767044605832456,[0.79453787 0.51341808 0.42215743],0.5743245413857165,[0.79746193 0.55837174 0.36713996],0.5877897386663856,[0.79163517 0.4751634  0.49657064],35,15,3,gaussian_random_projection,17,,"['timeline_index', 'speaker']","[None, None]",True,False,384,0,True,"(12,)","(256, 256)",0.2,0.0005,123,True,focal,2,True,5,Conv1d,,concatenation,64
