,accuracy,f1,f1_scores,precision,precision_scores,recall,recall_scores,seed,loss,gamma,k_fold
0,0.6014911532402039,0.5600268900435648,[0.69509412 0.42495966],0.5603291559823198,[0.6915437  0.42911461],0.5597827913222838,[0.69868119 0.42088439],1,focal,2,True
0,0.6201304793357849,0.5435932486729234,[0.73049458 0.35669192],0.5578015086507664,[0.67795778 0.43764524],0.5464350258806508,[0.7918578  0.30101225],12,focal,2,True
0,0.6005591750144958,0.5480953842560705,[0.70207146 0.39411931],0.5506954945287221,[0.68151147 0.41987952],0.5476238953678767,[0.72391055 0.37133724],123,focal,2,True
