,accuracy,f1,f1_scores,precision,precision_scores,recall,recall_scores,seed,loss,gamma,k_fold
0,0.6303821206092834,0.5912498739320242,[0.71772242 0.46477733],0.5918787417046056,[0.71275092 0.47100656],0.5907372350227036,[0.72276376 0.45871071],1,cross_entropy,,True
0,0.6361603140830994,0.5787225031682864,[0.73427716 0.42316785],0.5870914993895775,[0.69906687 0.47511612],0.5773411266514494,[0.77322248 0.38145978],12,cross_entropy,,True
0,0.6359739303588867,0.6061648849417258,[0.71451542 0.49781435],0.6050064065354369,[0.72889949 0.48111332],0.6082023211937848,[0.70068807 0.51571657],123,cross_entropy,,True
