,accuracy,f1,f1_scores,precision,precision_scores,recall,recall_scores,seed,loss,gamma,k_fold
0,0.6287045478820801,0.5890269991896736,[0.71672355 0.46133045],0.5897424454848934,[0.71106095 0.46842394],0.5884628261963997,[0.72247706 0.45444859],1,focal,2,True
0,0.6242311000823975,0.5792025895608329,[0.71685393 0.44155125],0.5812696528390329,[0.70264317 0.45989613],0.5781325607425474,[0.73165138 0.42461375],12,focal,2,True
0,0.6095060706138611,0.5592263744289631,[0.7080953  0.41035744],0.5618843772785117,[0.68880455 0.4349642 ],0.558441714159331,[0.72849771 0.38838572],123,focal,2,True
