,accuracy,f1,f1_scores,precision,precision_scores,recall,recall_scores,seed,loss,gamma,k_fold
0,0.6383970379829407,0.6018720402714344,[0.72246066 0.48128342],0.6020541747021025,[0.72101656 0.48309179],0.6016995480050638,[0.72391055 0.47948855],1,cross_entropy,,True
0,0.6383970379829407,0.5629563551783631,[0.74453516 0.38137755],0.5817423851725927,[0.68850463 0.47498014],0.5645433097662188,[0.81049312 0.3185935 ],12,cross_entropy,,True
0,0.6350419521331787,0.5983775395724293,[0.71972516 0.47702991],0.5985019215203852,[0.7186964  0.47830745],0.598258035465534,[0.72075688 0.47575919],123,cross_entropy,,True
