,accuracy,f1,f1_scores,precision,precision_scores,recall,recall_scores,seed,loss,gamma,k_fold
0,0.6175209879875183,0.5644337018541887,[0.71649627 0.41237113],0.5686435500515996,[0.69146667 0.44582043],0.563498399871941,[0.74340596 0.38359084],1,cross_entropy,,True
0,0.6236719489097595,0.5884261251428424,[0.70886806 0.46798419],0.5880330571112146,[0.71308384 0.46298227],0.5888985999032226,[0.70470183 0.47309536],12,cross_entropy,,True
0,0.6259086728096008,0.5405917881398921,[0.73856975 0.34261382],0.5607501952798307,[0.6767725  0.44472789],0.545711409359069,[0.8127867  0.27863612],123,cross_entropy,,True
