,loss,accuracy,f1,f1_scores,precision,precision_scores,recall,recall_scores,valid_loss,valid_accuracy,valid_f1,valid_f1_scores,valid_precision,valid_precision_scores,valid_recall,valid_recall_scores,hidden_dim,dropout_rate,learning_rate,seed,loss_function,gamma,k_fold,n_splits,batch_size,input_dim
0,,0.6529356837272644,0.6306803393696474,[0.72134092 0.54001976],0.6289971956284917,[0.75453976 0.50345463],0.6366262836460681,[0.69094037 0.5823122 ],,0.7905378341674805,0.7801454666334298,[0.82794508 0.73234585],0.7779147207117753,[0.84192749 0.71390195],0.7830937751957354,[0.81441952 0.75176803],"(512, 512)",0.1,0.0005,1,focal,2,True,5,64,768
0,,0.6512581706047058,0.62108248041252,[0.72801279 0.51415217],0.6199725000649852,[0.73842524 0.50151976],0.6226636541817169,[0.71788991 0.5274374 ],,0.7928292155265808,0.7819384835677601,[0.83067093 0.73320604],0.7802370795895067,[0.84039233 0.72008183],0.7839946984398786,[0.82117186 0.74681754],"(512, 512)",0.1,0.0005,12,focal,2,True,5,64,768
0,,0.6536812782287598,0.6229785367701612,[0.73056845 0.51538863],0.6219987807101508,[0.73914319 0.50485437],0.6242811184889023,[0.72219037 0.52637187],,0.7886507511138916,0.776542291450982,[0.82855893 0.72452565],0.7759026087116496,[0.83183315 0.71997207],0.7772237946637492,[0.82531039 0.7291372 ],"(512, 512)",0.1,0.0005,123,focal,2,True,5,64,768
