,loss,accuracy,f1,f1_scores,precision,precision_scores,recall,recall_scores,valid_loss,valid_accuracy,valid_f1,valid_f1_scores,valid_precision,valid_precision_scores,valid_recall,valid_recall_scores,hidden_dim,dropout_rate,learning_rate,seed,loss_function,gamma,k_fold,n_splits,batch_size
0,,0.616775393486023,0.5828973404205438,[0.70176965 0.46402503],0.5822653444346628,[0.71021726 0.45431343],0.5838407686235599,[0.69352064 0.4741609 ],,0.6469874382019043,0.6271323941529996,[0.7131749  0.54108989],0.6267389711001587,[0.71718062 0.53629733],0.6275912807697983,[0.70921368 0.54596888],"(256, 256)",0.5,0.0001,1,focal,2,True,5,64
0,,0.6164026260375977,0.5821040014751981,[0.70182556 0.46238245],0.5815226415666549,[0.70943175 0.45361353],0.5829389018685879,[0.69438073 0.47149707],,0.6500875949859619,0.630528115256622,[0.71553802 0.54551821],0.6300889062875126,[0.7199559  0.54022191],0.6310467069048753,[0.71117404 0.55091938],"(256, 256)",0.5,0.0001,12,focal,2,True,5,64
0,,0.6190121173858643,0.5817677359868167,[0.70657479 0.45696068],0.5816702184036352,[0.70759057 0.45574987],0.5818699350662045,[0.70556193 0.45817794],,0.6496832370758057,0.6274082811789113,[0.71850969 0.53630687],0.6278971166644454,[0.71456269 0.54123154],0.6269857743934769,[0.72250054 0.531471  ],"(256, 256)",0.5,0.0001,123,focal,2,True,5,64
