,loss,accuracy,f1,f1_scores,precision,precision_scores,recall,recall_scores,valid_loss,valid_accuracy,valid_f1,valid_f1_scores,valid_precision,valid_precision_scores,valid_recall,valid_recall_scores,hidden_dim,dropout_rate,learning_rate,seed,loss_function,gamma,k_fold,n_splits,batch_size,input_dim
0,,0.6341099739074707,0.601902304212406,[0.71513568 0.48866892],0.6010752939407364,[0.724067   0.47808359],0.6030778179116587,[0.70642202 0.49973362],,0.800646960735321,0.7905880574685695,[0.83648425 0.74469187],0.7884181261552418,[0.8493489  0.72748735],0.793366664746258,[0.82400349 0.76272984],"(128, 128)",0.5,0.001,1,focal,2,True,5,64,768
0,,0.631127655506134,0.604173808332145,[0.70746489 0.50088272],0.6029078933984335,[0.73024107 0.47557471],0.6075511045099294,[0.68606651 0.5290357 ],,0.7982208132743835,0.7890113769316667,[0.83309176 0.74493099],0.7861000918015686,[0.8533577  0.71884249],0.7933752526698044,[0.81376606 0.77298444],"(128, 128)",0.5,0.001,12,focal,2,True,5,64,768
0,,0.6357874870300293,0.6087230870476835,[0.71162928 0.50581689],0.6073680777885941,[0.73327251 0.48146365],0.6119960574164316,[0.69122706 0.53276505],,0.7910769581794739,0.7814512075417308,[0.82731729 0.73558512],0.7786816685695903,[0.84675029 0.71061305],0.7855662499379975,[0.80875626 0.76237624],"(128, 128)",0.5,0.001,123,focal,2,True,5,64,768
