,loss,accuracy,f1,f1_scores,precision,precision_scores,recall,recall_scores,valid_loss,valid_accuracy,valid_f1,valid_f1_scores,valid_precision,valid_precision_scores,valid_recall,valid_recall_scores,num_layers,bidirectional,hidden_dim,dropout_rate,learning_rate,seed,loss_function,gamma,k_fold,n_splits,batch_size
0,1.1944626797648037,0.5662536025047302,0.5364470278591165,[0.41890166 0.6539924 ],0.6142310314089454,[0.7008547  0.52760736],0.5793624772313297,[0.29872495 0.86      ],0.4707305908203125,0.725978672504425,0.7137849385557627,[0.77286136 0.65470852],0.7110278925619835,[0.81875    0.60330579],0.7237649249643991,[0.73184358 0.71568627],1,True,384,0.5,0.001,1,focal,2,False,,64
0,0.32609391913694497,0.5614871382713318,0.5374779541446209,[0.43209877 0.64285714],0.5979393974755431,[0.67049808 0.52538071],0.5733806921675774,[0.31876138 0.828     ],0.24891474843025208,0.7188612222671509,0.7183475646116955,[0.73037543 0.7063197 ],0.7537293833385861,[0.93859649 0.56886228],0.7645689560740497,[0.59776536 0.93137255],1,True,384,0.5,0.001,12,focal,2,False,,64
0,0.3701408382724313,0.5605338215827942,0.5554663894243452,[0.50800427 0.60292851],0.571451409142661,[0.61340206 0.52950076],0.5667577413479052,[0.43351548 0.7       ],0.23166809976100922,0.7010676264762878,0.6908852802514405,[0.74698795 0.63478261],0.6903850081699346,[0.81045752 0.5703125 ],0.7042118523387009,[0.69273743 0.71568627],1,True,384,0.5,0.001,123,focal,2,False,,64
