,loss,accuracy,f1,f1_scores,precision,precision_scores,recall,recall_scores,valid_loss,valid_accuracy,valid_f1,valid_f1_scores,valid_precision,valid_precision_scores,valid_recall,valid_recall_scores,num_layers,bidirectional,hidden_dim,dropout_rate,learning_rate,seed,loss_function,gamma,k_fold,n_splits,batch_size
0,0.6409887426039752,0.5338417291641235,0.5319891062866944,[0.50254323 0.56143498],0.539033756697014,[0.56912442 0.50894309],0.5379544626593806,[0.44990893 0.626     ],0.5163097500801086,0.7473309636116028,0.7106915502965445,[0.81364829 0.60773481],0.7317646321594184,[0.76732673 0.69620253],0.7025687369920035,[0.86592179 0.53921569],1,True,300,0.5,0.0001,1,focal,2,False,,64
0,0.52986419376205,0.5309818983078003,0.5199531215120172,[0.44719101 0.59271523],0.5446137150620475,[0.58357771 0.50564972],0.5392386156648452,[0.36247723 0.716     ],0.35966763496398924,0.7224199175834656,0.6882751166230514,[0.79144385 0.58510638],0.6992546213476446,[0.75897436 0.63953488],0.6830156643663052,[0.82681564 0.53921569],1,True,300,0.5,0.0001,12,focal,2,False,,64
0,0.6022172429982353,0.5290753245353699,0.5290646106421805,[0.52681992 0.5313093 ],0.5304853590052145,[0.55555556 0.50541516],0.5304553734061931,[0.50091075 0.56      ],0.543472272157669,0.7366548180580139,0.6900119260584376,[0.81025641 0.56976744],0.7244075829383886,[0.74881517 0.7       ],0.6815368605542775,[0.88268156 0.48039216],1,True,300,0.5,0.0001,123,focal,2,False,,64
