,loss,accuracy,f1,f1_scores,precision,precision_scores,recall,recall_scores,valid_loss,valid_accuracy,valid_f1,valid_f1_scores,valid_precision,valid_precision_scores,valid_recall,valid_recall_scores,k,shift,window_size,n,dimensions,sig_depth,method,input_channels,output_channels,features,standardise_method,include_features_in_path,include_features_in_input,embedding_dim,num_features,log_signature,pooling,swnu_hidden_dim,lstm_hidden_dim,ffn_hidden_dim,dropout_rate,learning_rate,seed,BiLSTM,loss_function,gamma,k_fold,n_splits,augmentation_type,hidden_dim_aug,comb_method,batch_size
0,,0.6838769912719727,0.6733074824070084,[0.73206951 0.61454545],0.6755704659985278,[0.81527094 0.53587   ],0.6922879356820615,[0.66427752 0.72029835],,0.8281439542770386,0.8230730851259327,[0.85302594 0.79312023],0.8194040589891146,[0.90597453 0.73283358],0.8350698140418018,[0.80592464 0.86421499],35,3,5,11,15,3,gaussian_random_projection,17,,"['time_encoding', 'timeline_index']","['z_score', None]",True,True,384,2,True,signature,"(12,)",384,"(256, 256)",0.2,0.001,1,True,focal,2,True,5,Conv1d,,concatenation,64
0,,0.6848089694976807,0.670872138053096,[0.73859947 0.6031448 ],0.6702094951471174,[0.80140892 0.53901007],0.6847614074039678,[0.68491972 0.68460309],,0.8342094421386719,0.8280423270452957,[0.86060743 0.79547722],0.8238922233744994,[0.89699976 0.75078468],0.8364401847659018,[0.82705293 0.84582744],35,3,5,11,15,3,gaussian_random_projection,17,,"['time_encoding', 'timeline_index']","['z_score', None]",True,True,384,2,True,signature,"(12,)",384,"(256, 256)",0.2,0.001,12,True,focal,2,True,5,Conv1d,,concatenation,64
0,,0.6816402673721313,0.6661118029296571,[0.73811714 0.59410646],0.6647963294304757,[0.79334212 0.53625054],0.6780182942476038,[0.69008028 0.66595631],,0.8338050842285156,0.8283890138451326,[0.85887604 0.79790198],0.8243144475056408,[0.90496864 0.74366025],0.8389650342885364,[0.81725114 0.86067893],35,3,5,11,15,3,gaussian_random_projection,17,,"['time_encoding', 'timeline_index']","['z_score', None]",True,True,384,2,True,signature,"(12,)",384,"(256, 256)",0.2,0.001,123,True,focal,2,True,5,Conv1d,,concatenation,64
