,loss,accuracy,f1,f1_scores,precision,precision_scores,recall,recall_scores,valid_loss,valid_accuracy,valid_f1,valid_f1_scores,valid_precision,valid_precision_scores,valid_recall,valid_recall_scores,k,shift,window_size,n,dimensions,sig_depth,method,input_channels,output_channels,features,standardise_method,include_features_in_path,include_features_in_input,embedding_dim,num_features,log_signature,pooling,swnu_hidden_dim,lstm_hidden_dim,ffn_hidden_dim,dropout_rate,learning_rate,seed,BiLSTM,loss_function,gamma,k_fold,n_splits,augmentation_type,hidden_dim_aug,comb_method,batch_size
0,,0.6961789131164551,0.6742834492883434,[0.75873298 0.58983392],0.6715826917161487,[0.78427173 0.55889366],0.6796028425948102,[0.73480505 0.62440064],,0.7511793971061707,0.7368192010680139,[0.79829545 0.67534295],0.7363596555762497,[0.80092085 0.67179846],0.7373061247376255,[0.79568721 0.67892504],11,3,5,3,15,3,umap,17,,"['time_encoding', 'timeline_index']","['z_score', None]",True,True,384,2,True,signature,"(12,)",384,"(512, 512)",0.1,0.0001,1,True,focal,2,True,5,Conv1d,,concatenation,64
0,,0.6969245076179504,0.6706625641800061,[0.76366279 0.57766234],0.6690390286557202,[0.77446934 0.56360872],0.6727942030030353,[0.75315367 0.59243474],,0.7372961044311523,0.7195956178619047,[0.79004632 0.64914491],0.7213545843075355,[0.78154305 0.66116612],0.7181448498492069,[0.79873666 0.63755304],11,3,5,3,15,3,umap,17,,"['time_encoding', 'timeline_index']","['z_score', None]",True,True,384,2,True,signature,"(12,)",384,"(512, 512)",0.1,0.0001,12,True,focal,2,True,5,Conv1d,,concatenation,64
0,,0.6935694217681885,0.6694579416948763,[0.75873202 0.58018386],0.6671728563015191,[0.77720986 0.55713585],0.6731667414085526,[0.74111239 0.6052211 ],,0.7304219007492065,0.7141322474545864,[0.78237214 0.64589235],0.7142500913704645,[0.78169167 0.64680851],0.7140162922537392,[0.7830538  0.64497878],11,3,5,3,15,3,umap,17,,"['time_encoding', 'timeline_index']","['z_score', None]",True,True,384,2,True,signature,"(12,)",384,"(512, 512)",0.1,0.0001,123,True,focal,2,True,5,Conv1d,,concatenation,64
