,loss,accuracy,f1,f1_scores,precision,precision_scores,recall,recall_scores,valid_loss,valid_accuracy,valid_f1,valid_f1_scores,valid_precision,valid_precision_scores,valid_recall,valid_recall_scores,k,shift,window_size,n,dimensions,sig_depth,method,input_channels,output_channels,features,standardise_method,include_features_in_path,include_features_in_input,embedding_dim,num_features,log_signature,swnu_hidden_dim,lstm_hidden_dim,ffn_hidden_dim,dropout_rate,learning_rate,seed,BiLSTM,loss_function,gamma,k_fold,n_splits,augmentation_type,hidden_dim_aug,comb_method,batch_size
0,,0.7002795934677124,0.6808107268125916,[0.75964126 0.6019802 ],0.6778743376697932,[0.79356652 0.56218215],0.6881700039835186,[0.72849771 0.6478423 ],,0.7881116271018982,0.777433975606848,[0.8261831  0.72868485],0.7753589638327878,[0.83898495 0.71173297],0.7801149980729162,[0.81376606 0.74646393],35,3,5,11,15,4,umap,17,,"['time_encoding', 'timeline_index']","['z_score', None]",True,False,384,0,True,"(10,)",384,"(256, 256)",0.1,0.0005,1,True,focal,2,True,5,Conv1d,,concatenation,64
0,,0.664119303226471,0.6490702497638381,[0.72174182 0.57639868],0.648952351264545,[0.78212851 0.51577619],0.6615907099705269,[0.67001147 0.65316995],,0.7988947033882141,0.7914360164627117,[0.83087735 0.75199468],0.787880618853435,[0.86622548 0.70953576],0.799079790513202,[0.79830102 0.79985856],35,3,5,11,15,4,umap,17,,"['time_encoding', 'timeline_index']","['z_score', None]",True,False,384,0,True,"(10,)",384,"(256, 256)",0.1,0.0005,12,True,focal,2,True,5,Conv1d,,concatenation,64
0,,0.6874184608459473,0.665340318365996,[0.75129764 0.57938299],0.6627903844613827,[0.7781874  0.54739336],0.670773880949006,[0.72620413 0.61534363],,0.7568405270576477,0.7447449080867179,[0.80030994 0.68917988],0.7428412217841767,[0.81363943 0.67204301],0.7473118643973804,[0.78741015 0.70721358],35,3,5,11,15,4,umap,17,,"['time_encoding', 'timeline_index']","['z_score', None]",True,False,384,0,True,"(10,)",384,"(256, 256)",0.1,0.0005,123,True,focal,2,True,5,Conv1d,,concatenation,64
