,loss,accuracy,f1,f1_scores,precision,precision_scores,recall,recall_scores,valid_loss,valid_accuracy,valid_f1,valid_f1_scores,valid_precision,valid_precision_scores,valid_recall,valid_recall_scores,k,shift,window_size,n,dimensions,sig_depth,method,input_channels,output_channels,features,standardise_method,include_features_in_path,include_features_in_input,embedding_dim,num_features,log_signature,pooling,transformer_encoder_layers,num_heads,num_layers,ffn_hidden_dim,dropout_rate,learning_rate,seed,loss_function,gamma,k_fold,n_splits,augmentation_type,hidden_dim_aug,comb_method,batch_size
0,,0.6792171597480774,0.6589449660485835,[0.74209501 0.57579492],0.6565869255253266,[0.77739403 0.53577982],0.6660659822183554,[0.70986239 0.62226958],,0.8509232997894287,0.842486713114457,[0.87894046 0.80603297],0.8414854011497184,[0.88338834 0.79958246],0.8435627697878852,[0.87453714 0.8125884 ],20,3,5,6,15,3,umap,17,12,"['time_encoding', 'timeline_index']","['z_score', None]",True,True,384,2,True,signature,2,10,1,"(32, 32)",0.1,0.0001,1,focal,2,True,5,Conv1d,,concatenation,64
0,,0.6797763109207153,0.6619804910278267,[0.73953911 0.58442187],0.6599863915437686,[0.78474903 0.53522375],0.6714173841480402,[0.69925459 0.64358018],,0.8456665277481079,0.8369431926906215,[0.87465791 0.79922848],0.835938495101041,[0.87918134 0.79269565],0.8380253306003967,[0.87018079 0.80586987],20,3,5,6,15,3,umap,17,12,"['time_encoding', 'timeline_index']","['z_score', None]",True,True,384,2,True,signature,2,10,1,"(32, 32)",0.1,0.0001,12,focal,2,True,5,Conv1d,,concatenation,64
0,,0.6643056869506836,0.6461894168493967,[0.72625019 0.56612864],0.6447998373579835,[0.77288903 0.51671064],0.6554593296202704,[0.68491972 0.62599893],,0.8455317616462708,0.8378279367878366,[0.87317397 0.8024819 ],0.8351490949307194,[0.88751406 0.78278413],0.8412432602130051,[0.85928992 0.82319661],20,3,5,6,15,3,umap,17,12,"['time_encoding', 'timeline_index']","['z_score', None]",True,True,384,2,True,signature,2,10,1,"(32, 32)",0.1,0.0001,123,focal,2,True,5,Conv1d,,concatenation,64
