,loss,accuracy,f1,f1_scores,precision,precision_scores,recall,recall_scores,valid_loss,valid_accuracy,valid_f1,valid_f1_scores,valid_precision,valid_precision_scores,valid_recall,valid_recall_scores,k,shift,window_size,n,dimensions,sig_depth,method,input_channels,output_channels,features,standardise_method,include_features_in_path,include_features_in_input,embedding_dim,num_features,log_signature,pooling,transformer_encoder_layers,num_heads,num_layers,ffn_hidden_dim,dropout_rate,learning_rate,seed,loss_function,gamma,k_fold,n_splits,augmentation_type,hidden_dim_aug,comb_method,batch_size
0,,0.6872320771217346,0.6656520877492289,[0.75059453 0.58070965],0.6630722585330429,[0.77932099 0.54682353],0.6714917696353248,[0.72391055 0.61907299],,0.7606146335601807,0.7477570996334784,[0.8047064 0.6908078],0.7464767429852435,[0.8125694  0.68038409],0.7492749944005198,[0.79699412 0.70155587],11,3,5,3,15,3,umap,17,12,"['time_encoding', 'timeline_index']","['z_score', None]",True,True,384,2,True,signature,2,10,1,"(256, 256)",0.1,0.0001,1,focal,2,True,5,Conv1d,,concatenation,64
0,,0.6838769912719727,0.6666684250846532,[0.74240583 0.59093102],0.6646455484151632,[0.78940568 0.53988541],0.676662630197514,[0.70068807 0.65263719],,0.7664105892181396,0.7570801500053517,[0.80468838 0.70947192],0.7541261825491561,[0.83372256 0.67452981],0.7629201651222781,[0.77760836 0.74823197],11,3,5,3,15,3,umap,17,12,"['time_encoding', 'timeline_index']","['z_score', None]",True,True,384,2,True,signature,2,10,1,"(256, 256)",0.1,0.0001,12,focal,2,True,5,Conv1d,,concatenation,64
0,,0.6726933717727661,0.6551216427867725,[0.73296837 0.57727492],0.6535052314084754,[0.78044041 0.52657005],0.6648628313285401,[0.69094037 0.6387853 ],,0.7684323787689209,0.7580760992014932,[0.80813044 0.70802175],0.7554279396711758,[0.82924593 0.68160995],0.7623132723547116,[0.7880636  0.73656294],11,3,5,3,15,3,umap,17,12,"['time_encoding', 'timeline_index']","['z_score', None]",True,True,384,2,True,signature,2,10,1,"(256, 256)",0.1,0.0001,123,focal,2,True,5,Conv1d,,concatenation,64
