,loss,accuracy,f1,f1_scores,precision,precision_scores,recall,recall_scores,valid_loss,valid_accuracy,valid_f1,valid_f1_scores,valid_precision,valid_precision_scores,valid_recall,valid_recall_scores,k,shift,window_size,n,dimensions,sig_depth,method,input_channels,output_channels,features,standardise_method,include_features_in_path,include_features_in_input,embedding_dim,num_features,log_signature,pooling,num_heads,num_layers,lstm_hidden_dim,ffn_hidden_dim,dropout_rate,learning_rate,seed,loss_function,gamma,k_fold,n_splits,augmentation_type,hidden_dim_aug,comb_method,batch_size
0,,0.6618825793266296,0.6381859147205067,[0.73078065 0.54559118],0.636216039279869,[0.75753846 0.51489362],0.6430148819852097,[0.70584862 0.58018114],,0.8933818340301514,0.887145650410745,[0.91367456 0.86061674],0.8866590240498124,[0.91557305 0.85774499],0.8876458522100771,[0.91178393 0.86350778],80,3,5,26,15,3,gaussian_random_projection,17,12,"['time_encoding', 'timeline_index']","['z_score', None]",True,True,384,2,True,signature,10,1,384,"(256, 256)",0.1,0.0005,1,focal,2,True,5,Conv1d,,concatenation,64
0,,0.7054985761642456,0.6832122643385066,[0.7672363  0.59918823],0.6805018710103456,[0.78909091 0.57191283],0.6878775789005489,[0.74655963 0.62919552],,0.896481990814209,0.8905803317937461,[0.91599212 0.86516854],0.8895764322338462,[0.92001758 0.85913529],0.8916444356263115,[0.91200174 0.87128713],80,3,5,26,15,3,gaussian_random_projection,17,12,"['time_encoding', 'timeline_index']","['z_score', None]",True,True,384,2,True,signature,10,1,384,"(256, 256)",0.1,0.0005,12,focal,2,True,5,Conv1d,,concatenation,64
0,,0.7125815749168396,0.6821113832669645,[0.78052946 0.5836933 ],0.6833472412895816,[0.77501413 0.59168035],0.681021436461658,[0.78612385 0.57591902],,0.8956732749938965,0.8893993351832823,[0.91574135 0.86305732],0.8895056595572846,[0.91534276 0.86366856],0.8892936167158116,[0.91614027 0.86244696],80,3,5,26,15,3,gaussian_random_projection,17,12,"['time_encoding', 'timeline_index']","['z_score', None]",True,True,384,2,True,signature,10,1,384,"(256, 256)",0.1,0.0005,123,focal,2,True,5,Conv1d,,concatenation,64
