,loss,accuracy,f1,f1_scores,precision,precision_scores,recall,recall_scores,valid_loss,valid_accuracy,valid_f1,valid_f1_scores,valid_precision,valid_precision_scores,valid_recall,valid_recall_scores,k,shift,window_size,n,dimensions,sig_depth,method,input_channels,output_channels,features,standardise_method,add_time_in_path,num_features,embedding_dim,log_signature,swnu_hidden_dim,lstm_hidden_dim,ffn_hidden_dim,dropout_rate,learning_rate,seed,BiLSTM,loss_function,gamma,k_fold,n_splits,augmentation_type,hidden_dim_aug,comb_method,batch_size
0,0.46239525956266064,0.5910390615463257,0.5794687536502745,[0.50971429 0.64922322],0.6165750239713532,[0.68404908 0.54910097],0.6000965391621129,[0.40619308 0.794     ],0.22563221752643586,0.6298932433128357,0.6031073446327684,[0.70621469 0.5       ],0.6024258760107817,[0.71428571 0.49056604],0.6040639719574981,[0.69832402 0.50980392],35,3,5,11,15,4,umap,17,,"['time_encoding', 'timeline_index']","['z_score', None]",True,2,384,True,"(10,)",384,"(256, 256)",0.5,0.001,1,False,focal,2,False,,Conv1d,,concatenation,64
0,0.4888196359662449,0.6110581755638123,0.6068129202954471,[0.64766839 0.56595745],0.610154500671742,[0.61576355 0.60454545],0.6075300546448088,[0.68306011 0.532     ],0.25128417313098905,0.6405693888664246,0.5930747723851172,[0.73209549 0.45405405],0.6014968966776195,[0.6969697 0.5060241],0.591357213276372,[0.77094972 0.41176471],35,3,5,11,15,4,umap,17,,"['time_encoding', 'timeline_index']","['z_score', None]",True,2,384,True,"(10,)",384,"(256, 256)",0.5,0.001,12,False,focal,2,False,,Conv1d,,concatenation,64
0,0.33765460813746734,0.6205910444259644,0.620466528489873,[0.62734082 0.61359223],0.6208492383756862,[0.64547206 0.59622642],0.6211001821493625,[0.61020036 0.632     ],0.21768949031829835,0.6975088715553284,0.6473237356958287,[0.78036176 0.51428571],0.6711999473129611,[0.72596154 0.61643836],0.6423759447913244,[0.84357542 0.44117647],35,3,5,11,15,4,umap,17,,"['time_encoding', 'timeline_index']","['z_score', None]",True,2,384,True,"(10,)",384,"(256, 256)",0.5,0.001,123,False,focal,2,False,,Conv1d,,concatenation,64
