,loss,accuracy,f1,f1_scores,precision,precision_scores,recall,recall_scores,valid_loss,valid_accuracy,valid_f1,valid_f1_scores,valid_precision,valid_precision_scores,valid_recall,valid_recall_scores,k,shift,window_size,n,dimensions,sig_depth,method,input_channels,output_channels,features,standardise_method,add_time_in_path,num_features,embedding_dim,log_signature,swnu_hidden_dim,lstm_hidden_dim,ffn_hidden_dim,dropout_rate,learning_rate,seed,BiLSTM,loss_function,gamma,k_fold,n_splits,augmentation_type,hidden_dim_aug,comb_method,batch_size
0,0.3812789268353406,0.6244041919708252,0.6240758931819834,[0.63518519 0.6129666 ],0.6241338190490733,[0.64595104 0.6023166 ],0.6243861566484517,[0.62477231 0.624     ],0.22309262156486512,0.6725978851318359,0.6039343056747151,[0.76884422 0.43902439],0.639637649138312,[0.69863014 0.58064516],0.6038448899112718,[0.8547486  0.35294118],35,3,5,11,15,3,gaussian_random_projection,17,,"['time_encoding', 'timeline_index']","['z_score', None]",True,2,384,True,"(12,)",384,"(256, 256)",0.1,0.0001,1,True,focal,2,False,,Conv1d,,concatenation,64
0,0.26755666469826417,0.6186844706535339,0.6181566686080373,[0.6039604  0.63235294],0.6233196098395974,[0.66160521 0.58503401],0.6217777777777778,[0.55555556 0.688     ],0.23480865061283113,0.5978647470474243,0.5250893645024752,[0.71099744 0.33918129],0.5379751162154771,[0.65566038 0.42028986],0.5304250191696791,[0.77653631 0.28431373],35,3,5,11,15,3,gaussian_random_projection,17,,"['time_encoding', 'timeline_index']","['z_score', None]",True,2,384,True,"(12,)",384,"(256, 256)",0.1,0.0001,12,True,focal,2,False,,Conv1d,,concatenation,64
0,0.4267212012234856,0.6167778968811035,0.6103240138387841,[0.66047297 0.56017505],0.6170527597093841,[0.61574803 0.61835749],0.6121020036429873,[0.71220401 0.512     ],0.19056783020496368,0.7508896589279175,0.7007727881221856,[0.82323232 0.57831325],0.7505760368663594,[0.75115207 0.75      ],0.6906013802168912,[0.91061453 0.47058824],35,3,5,11,15,3,gaussian_random_projection,17,,"['time_encoding', 'timeline_index']","['z_score', None]",True,2,384,True,"(12,)",384,"(256, 256)",0.1,0.0001,123,True,focal,2,False,,Conv1d,,concatenation,64
