,loss,accuracy,f1,f1_scores,precision,precision_scores,recall,recall_scores,valid_loss,valid_accuracy,valid_f1,valid_f1_scores,valid_precision,valid_precision_scores,valid_recall,valid_recall_scores,k,shift,window_size,n,dimensions,sig_depth,method,input_channels,output_channels,features,standardise_method,include_features_in_path,include_features_in_input,embedding_dim,num_features,log_signature,swnu_hidden_dim,lstm_hidden_dim,ffn_hidden_dim,dropout_rate,learning_rate,seed,BiLSTM,loss_function,gamma,k_fold,n_splits,augmentation_type,hidden_dim_aug,comb_method,batch_size
0,,0.6974837183952332,0.6760500133469377,[0.75937732 0.59272271],0.6732765481324999,[0.78630642 0.56024668],0.6817135880748608,[0.73423165 0.62919552],,0.7421485185623169,0.728071582013847,[0.7899418  0.66620136],0.7270484596887798,[0.79650133 0.65759559],0.7292623982658402,[0.78348944 0.67503536],11,3,5,3,15,3,gaussian_random_projection,17,,"['time_encoding', 'timeline_index']","['z_score', None]",True,False,384,0,True,"(12,)",384,"(256, 256)",0.2,0.001,1,True,focal,2,True,5,Conv1d,,concatenation,64
0,,0.6905871629714966,0.6700987744102237,[0.75231274 0.58788481],0.6674112444480318,[0.78438083 0.55044166],0.6767787906966514,[0.72276376 0.63079382],,0.7397223114967346,0.7283183467172285,[0.78398031 0.67265638],0.7259656992424308,[0.80588776 0.64604363],0.7323941405560415,[0.76323241 0.70155587],11,3,5,3,15,3,gaussian_random_projection,17,,"['time_encoding', 'timeline_index']","['z_score', None]",True,False,384,0,True,"(12,)",384,"(256, 256)",0.2,0.001,12,True,focal,2,True,5,Conv1d,,concatenation,64
0,,0.6885368227958679,0.6725906947895848,[0.74484654 0.60033485],0.6707516464980581,[0.79679843 0.54470486],0.6839373628374382,[0.69925459 0.66862014],,0.7385092377662659,0.7286090240932214,[0.78044364 0.67677441],0.726068141992915,[0.81224971 0.63988658],0.7346050109725164,[0.75103463 0.71817539],11,3,5,3,15,3,gaussian_random_projection,17,,"['time_encoding', 'timeline_index']","['z_score', None]",True,False,384,0,True,"(12,)",384,"(256, 256)",0.2,0.001,123,True,focal,2,True,5,Conv1d,,concatenation,64
