,loss,accuracy,f1,f1_scores,precision,precision_scores,recall,recall_scores,valid_loss,valid_accuracy,valid_f1,valid_f1_scores,valid_precision,valid_precision_scores,valid_recall,valid_recall_scores,k,shift,window_size,n,dimensions,sig_depth,method,input_channels,output_channels,features,standardise_method,include_features_in_path,include_features_in_input,embedding_dim,num_features,log_signature,pooling,transformer_encoder_layers,num_heads,num_layers,ffn_hidden_dim,dropout_rate,learning_rate,seed,loss_function,gamma,k_fold,n_splits,augmentation_type,hidden_dim_aug,comb_method,batch_size
0,,0.6605778336524963,0.642639748652638,[0.72270443 0.56257507],0.6414766216093726,[0.77070477 0.51224847],0.6521002215373938,[0.68033257 0.62386787],,0.8456665277481079,0.8399001211799741,[0.87028435 0.80951589],0.8355624426508033,[0.90675165 0.76437323],0.8484811082626762,[0.8366369  0.86032532],20,3,5,6,15,3,gaussian_random_projection,17,12,"['time_encoding', 'timeline_index']","['z_score', None]",True,True,384,2,True,signature,1,10,1,"(256, 256)",0.1,0.0001,1,focal,2,True,5,Conv1d,,concatenation,64
0,,0.6844361424446106,0.6654524958267866,[0.74514527 0.58575973],0.6630490279739837,[0.7844691  0.54162896],0.6736477268283861,[0.70957569 0.63771977],,0.8462057113647461,0.8411306847916753,[0.86952544 0.81273593],0.8368042463176879,[0.9152624  0.75834609],0.851836213586819,[0.82814202 0.87553041],20,3,5,6,15,3,gaussian_random_projection,17,12,"['time_encoding', 'timeline_index']","['z_score', None]",True,True,384,2,True,signature,1,10,1,"(256, 256)",0.1,0.0001,12,focal,2,True,5,Conv1d,,concatenation,64
0,,0.6695246696472168,0.652120589286743,[0.72993145 0.57430972],0.650703902856974,[0.77868053 0.52272727],0.6620568030186761,[0.68692661 0.637187  ],,0.8366356492042542,0.8315994285058479,[0.86072167 0.80247718],0.8276134575093748,[0.91097057 0.74425635],0.8431531681966777,[0.81572642 0.87057992],20,3,5,6,15,3,gaussian_random_projection,17,12,"['time_encoding', 'timeline_index']","['z_score', None]",True,True,384,2,True,signature,1,10,1,"(256, 256)",0.1,0.0001,123,focal,2,True,5,Conv1d,,concatenation,64
