,loss,accuracy,f1,f1_scores,precision,precision_scores,recall,recall_scores,valid_loss,valid_accuracy,valid_f1,valid_f1_scores,valid_precision,valid_precision_scores,valid_recall,valid_recall_scores,k,shift,window_size,n,dimensions,sig_depth,method,input_channels,output_channels,features,standardise_method,include_features_in_path,include_features_in_input,embedding_dim,num_features,log_signature,swnu_hidden_dim,lstm_hidden_dim,ffn_hidden_dim,dropout_rate,learning_rate,seed,BiLSTM,loss_function,gamma,k_fold,n_splits,augmentation_type,hidden_dim_aug,comb_method,batch_size
0,,0.6943150162696838,0.6714611104887793,[0.75811209 0.58481013],0.6689219842691927,[0.78068044 0.55716353],0.6760777800315749,[0.73681193 0.61534363],,0.7448443174362183,0.7291850454613339,[0.7943062  0.66406389],0.7295228738338764,[0.79249783 0.66654792],0.7288605758699528,[0.79612285 0.6615983 ],11,3,5,3,15,3,umap,17,,"['time_encoding', 'timeline_index']","['z_score', None]",True,False,384,0,True,"(12,)",384,"(256, 256)",0.1,0.0001,1,True,focal,2,True,5,Conv1d,,concatenation,64
0,,0.6909599304199219,0.6684817641993684,[0.75480627 0.58215726],0.6659209685632377,[0.77947465 0.55236729],0.6734975048022172,[0.73165138 0.61534363],,0.7426877021789551,0.7278192740416727,[0.7914345  0.66420405],0.7273915317861466,[0.79395002 0.66083304],0.7282722453407241,[0.78893487 0.66760962],11,3,5,3,15,3,umap,17,,"['time_encoding', 'timeline_index']","['z_score', None]",True,False,384,0,True,"(12,)",384,"(256, 256)",0.1,0.0001,12,True,focal,2,True,5,Conv1d,,concatenation,64
0,,0.6874184608459473,0.6630784964017002,[0.75363596 0.57252103],0.6608494974136587,[0.77282314 0.54887586],0.6668367961025059,[0.73537844 0.59829515],,0.7324437499046326,0.7161792794144473,[0.78412181 0.64823675],0.7163741699626396,[0.78301477 0.64973357],0.7159893965716702,[0.78523198 0.64674682],11,3,5,3,15,3,umap,17,,"['time_encoding', 'timeline_index']","['z_score', None]",True,False,384,0,True,"(12,)",384,"(256, 256)",0.1,0.0001,123,True,focal,2,True,5,Conv1d,,concatenation,64
