,loss,accuracy,f1,f1_scores,precision,precision_scores,recall,recall_scores,valid_loss,valid_accuracy,valid_f1,valid_f1_scores,valid_precision,valid_precision_scores,valid_recall,valid_recall_scores,k,shift,window_size,n,dimensions,sig_depth,method,input_channels,output_channels,features,standardise_method,include_features_in_path,include_features_in_input,embedding_dim,num_features,log_signature,pooling,swnu_hidden_dim,lstm_hidden_dim,ffn_hidden_dim,dropout_rate,learning_rate,seed,BiLSTM,loss_function,gamma,k_fold,n_splits,augmentation_type,hidden_dim_aug,comb_method,batch_size
0,,0.6952469944953918,0.6725664450162361,[0.75874281 0.58639008],0.6699908640408766,[0.78169656 0.55828516],0.6772866587566535,[0.73709862 0.61747469],,0.7674888968467712,0.7533547894155775,[0.81239804 0.69431154],0.7535829142316589,[0.81125109 0.69591474],0.7531319733554087,[0.81354825 0.6927157 ],20,3,5,6,15,4,umap,17,,"['time_encoding', 'timeline_index']","['z_score', None]",True,True,384,2,True,signature,"(10,)",384,"(256, 256)",0.2,0.0005,1,True,focal,2,True,5,Conv1d,,concatenation,64
0,,0.6943150162696838,0.6803599022675679,[0.7471477 0.6135721],0.6791344208348447,[0.80820547 0.55006337],0.6941637635451848,[0.69466743 0.6936601 ],,0.7770588994026184,0.7678061693681147,[0.8141573  0.72145504],0.764772154893034,[0.84079833 0.68874598],0.7732892163099996,[0.78915269 0.75742574],20,3,5,6,15,4,umap,17,,"['time_encoding', 'timeline_index']","['z_score', None]",True,True,384,2,True,signature,"(10,)",384,"(256, 256)",0.2,0.0005,12,True,focal,2,True,5,Conv1d,,concatenation,64
0,,0.6771668195724487,0.6636631484457571,[0.7310559 0.5962704],0.6637355303308524,[0.79742547 0.53004559],0.6781459104172675,[0.67488532 0.6814065 ],,0.7540099620819092,0.7450074931742197,[0.79291955 0.69709544],0.7422178418984995,[0.82756987 0.65686581],0.7518142469877569,[0.76105424 0.74257426],20,3,5,6,15,4,umap,17,,"['time_encoding', 'timeline_index']","['z_score', None]",True,True,384,2,True,signature,"(10,)",384,"(256, 256)",0.2,0.0005,123,True,focal,2,True,5,Conv1d,,concatenation,64
