,loss,accuracy,f1,f1_scores,precision,precision_scores,recall,recall_scores,valid_loss,valid_accuracy,valid_f1,valid_f1_scores,valid_precision,valid_precision_scores,valid_recall,valid_recall_scores,k,shift,window_size,n,dimensions,sig_depth,method,input_channels,output_channels,features,standardise_method,include_features_in_path,include_features_in_input,embedding_dim,num_features,log_signature,pooling,swnu_hidden_dim,lstm_hidden_dim,ffn_hidden_dim,dropout_rate,learning_rate,seed,BiLSTM,loss_function,gamma,k_fold,n_splits,augmentation_type,hidden_dim_aug,comb_method,batch_size
0,,0.6864864826202393,0.6689437963166776,[0.74515152 0.59273608],0.6667213638028473,[0.7901671  0.54327563],0.6785464770300059,[0.70498853 0.65210442],,0.8347486257553101,0.8282325471145119,[0.86168773 0.79477737],0.8241802450044478,[0.89375146 0.75460903],0.8356537158212196,[0.83184491 0.83946252],35,3,5,11,15,4,umap,17,,"['time_encoding', 'timeline_index']","['z_score', None]",True,True,384,2,True,signature,"(10,)",384,"(256, 256)",0.2,0.0005,1,True,focal,2,True,5,Conv1d,,concatenation,64
0,,0.6889095902442932,0.6762226851982259,[0.7403143  0.61213107],0.6761639598463621,[0.809459   0.54286892],0.6918521619752387,[0.68205275 0.70165157],,0.8187087178230286,0.8120542646645977,[0.84741917 0.77668936],0.8081571658486271,[0.88423295 0.73208138],0.820317263312976,[0.81354825 0.82708628],35,3,5,11,15,4,umap,17,,"['time_encoding', 'timeline_index']","['z_score', None]",True,True,384,2,True,signature,"(10,)",384,"(256, 256)",0.2,0.0005,12,True,focal,2,True,5,Conv1d,,concatenation,64
0,,0.6725069880485535,0.6539619578247386,[0.73406993 0.57385399],0.652103472326707,[0.77749279 0.52671416],0.6627509402814369,[0.69524083 0.63026105],,0.8141258955001831,0.8050591330543693,[0.84710057 0.7630177 ],0.8024593201465281,[0.86269196 0.74222668],0.8085349017834229,[0.83206273 0.78500707],35,3,5,11,15,4,umap,17,,"['time_encoding', 'timeline_index']","['z_score', None]",True,True,384,2,True,signature,"(10,)",384,"(256, 256)",0.2,0.0005,123,True,focal,2,True,5,Conv1d,,concatenation,64
