,loss,accuracy,f1,f1_scores,precision,precision_scores,recall,recall_scores,valid_loss,valid_accuracy,valid_f1,valid_f1_scores,valid_precision,valid_precision_scores,valid_recall,valid_recall_scores,k,shift,window_size,n,dimensions,sig_depth,method,input_channels,output_channels,features,standardise_method,add_time_in_path,num_features,embedding_dim,log_signature,swnu_hidden_dim,lstm_hidden_dim,ffn_hidden_dim,dropout_rate,learning_rate,seed,BiLSTM,loss_function,gamma,k_fold,n_splits,augmentation_type,hidden_dim_aug,comb_method,batch_size
0,0.4495120574446285,0.6101048588752747,0.5982765933739763,[0.52934407 0.66720911],0.6405821330589849,[0.71875    0.56241427],0.619471766848816,[0.41894353 0.82      ],0.20591135919094086,0.6583629846572876,0.6414673046251993,[0.71929825 0.56363636],0.6400124779037122,[0.75460123 0.52542373],0.6474969876218644,[0.68715084 0.60784314],35,3,5,11,15,3,umap,17,,"['time_encoding', 'timeline_index']","['z_score', None]",True,2,384,True,"(12,)",384,"(256, 256)",0.5,0.001,1,True,focal,2,False,,Conv1d,,concatenation,64
0,0.5368989074931425,0.5662536025047302,0.5645297410234069,[0.53713123 0.59192825],0.5724401483646173,[0.60829493 0.53658537],0.5704371584699454,[0.48087432 0.66      ],0.22962853610515593,0.6832740306854248,0.6670660436385905,[0.74052478 0.59360731],0.6649728997289973,[0.77439024 0.55555556],0.6733760543323475,[0.70949721 0.6372549 ],35,3,5,11,15,3,umap,17,,"['time_encoding', 'timeline_index']","['z_score', None]",True,2,384,True,"(12,)",384,"(256, 256)",0.5,0.001,12,True,focal,2,False,,Conv1d,,concatenation,64
0,0.5807175943080116,0.586272656917572,0.5810610354905439,[0.62778731 0.53433476],0.58479087880425,[0.59319287 0.57638889],0.5823333333333334,[0.66666667 0.498     ],0.2569307953119278,0.7793594598770142,0.722720906544436,[0.84803922 0.5974026 ],0.8200369499496136,[0.75545852 0.88461538],0.7087304195421186,[0.96648045 0.45098039],35,3,5,11,15,3,umap,17,,"['time_encoding', 'timeline_index']","['z_score', None]",True,2,384,True,"(12,)",384,"(256, 256)",0.5,0.001,123,True,focal,2,False,,Conv1d,,concatenation,64
