,loss,accuracy,f1,f1_scores,precision,precision_scores,recall,recall_scores,valid_loss,valid_accuracy,valid_f1,valid_f1_scores,valid_precision,valid_precision_scores,valid_recall,valid_recall_scores,k,shift,window_size,n,dimensions,sig_depth,method,input_channels,output_channels,features,standardise_method,include_features_in_path,include_features_in_input,embedding_dim,num_features,log_signature,swnu_hidden_dim,lstm_hidden_dim,ffn_hidden_dim,dropout_rate,learning_rate,seed,BiLSTM,loss_function,gamma,k_fold,n_splits,augmentation_type,hidden_dim_aug,comb_method,batch_size
0,,0.6950605511665344,0.6729487427898588,[0.75798817 0.58790932],0.6702900984420066,[0.78300733 0.55757286],0.6781275813444253,[0.73451835 0.62173681],,0.8277395963668823,0.8166445488435947,[0.86174816 0.77154094],0.8180974371956049,[0.85600688 0.780188  ],0.8153252150369843,[0.86756698 0.76308345],80,3,5,26,15,3,gaussian_random_projection,17,,"['time_encoding', 'timeline_index']","['z_score', None]",True,False,384,0,True,"(12,)",384,"(256, 256)",0.2,0.001,1,True,focal,2,True,5,Conv1d,,concatenation,64
0,,0.7241379022598267,0.7013824515988498,[0.78381537 0.61894954],0.6989456645635451,[0.79898749 0.59890384],0.7047961532163858,[0.76920872 0.64038359],,0.8223479986190796,0.8130682370840192,[0.85471781 0.77141866],0.8110930972600598,[0.86520866 0.75697754],0.8154499132273123,[0.84447833 0.7864215 ],80,3,5,26,15,3,gaussian_random_projection,17,,"['time_encoding', 'timeline_index']","['z_score', None]",True,False,384,0,True,"(12,)",384,"(256, 256)",0.2,0.001,12,True,focal,2,True,5,Conv1d,,concatenation,64
0,,0.7125815749168396,0.6958873478596763,[0.76713984 0.62463486],0.692772149244689,[0.81046586 0.57507844],0.7058742845551901,[0.72821101 0.68353756],,0.8215392827987671,0.8148615771780456,[0.85002266 0.7797005 ],0.8109307843995617,[0.88553222 0.73632935],0.8228759253776452,[0.81725114 0.82850071],80,3,5,26,15,3,gaussian_random_projection,17,,"['time_encoding', 'timeline_index']","['z_score', None]",True,False,384,0,True,"(12,)",384,"(256, 256)",0.2,0.001,123,True,focal,2,True,5,Conv1d,,concatenation,64
