,loss,accuracy,f1,f1_scores,precision,precision_scores,recall,recall_scores,valid_loss,valid_accuracy,valid_f1,valid_f1_scores,valid_precision,valid_precision_scores,valid_recall,valid_recall_scores,k,shift,window_size,n,dimensions,sig_depth,method,input_channels,output_channels,features,standardise_method,include_features_in_path,include_features_in_input,embedding_dim,num_features,log_signature,pooling,num_heads,num_layers,lstm_hidden_dim,ffn_hidden_dim,dropout_rate,learning_rate,seed,loss_function,gamma,k_fold,n_splits,augmentation_type,hidden_dim_aug,comb_method,batch_size
0,,0.6792171597480774,0.6573264016994347,[0.74393691 0.57071589],0.6549304806379335,[0.7732756  0.53658537],0.6631131685834804,[0.71674312 0.60948322],,0.7873028516769409,0.7745731301356167,[0.82814202 0.72100424],0.7745731301356168,[0.82814202 0.72100424],0.7745731301356168,[0.82814202 0.72100424],11,3,5,3,15,3,umap,17,12,"['time_encoding', 'timeline_index']","['z_score', None]",True,True,384,2,True,signature,10,1,300,"(32, 32)",0.1,0.0003,1,focal,2,True,5,Conv1d,,concatenation,64
0,,0.679962694644928,0.6589394402258714,[0.74361654 0.57426234],0.6565242063283286,[0.77594266 0.53710575],0.665409037699237,[0.71387615 0.61694193],,0.7947162985801697,0.7841697467645959,[0.8318799 0.7364596],0.7822209183904095,[0.84333035 0.72111149],0.7866057352849203,[0.82073622 0.75247525],11,3,5,3,15,3,umap,17,12,"['time_encoding', 'timeline_index']","['z_score', None]",True,True,384,2,True,signature,10,1,300,"(32, 32)",0.1,0.0003,12,focal,2,True,5,Conv1d,,concatenation,64
0,,0.6853681206703186,0.6719510251394624,[0.73829457 0.60560748],0.6715872967703267,[0.80384875 0.53932584],0.6865448261915119,[0.68262615 0.69046351],,0.7832592129707336,0.7750050921951359,[0.81809955 0.73191064],0.7717263961904564,[0.85102377 0.69242902],0.7818974350837704,[0.78762797 0.7761669 ],11,3,5,3,15,3,umap,17,12,"['time_encoding', 'timeline_index']","['z_score', None]",True,True,384,2,True,signature,10,1,300,"(32, 32)",0.1,0.0003,123,focal,2,True,5,Conv1d,,concatenation,64
