,loss,accuracy,f1,f1_scores,precision,precision_scores,recall,recall_scores,valid_loss,valid_accuracy,valid_f1,valid_f1_scores,valid_precision,valid_precision_scores,valid_recall,valid_recall_scores,k,shift,window_size,n,dimensions,sig_depth,method,input_channels,output_channels,features,standardise_method,include_features_in_path,include_features_in_input,embedding_dim,num_features,log_signature,swnu_hidden_dim,lstm_hidden_dim,ffn_hidden_dim,dropout_rate,learning_rate,seed,BiLSTM,loss_function,gamma,k_fold,n_splits,augmentation_type,hidden_dim_aug,comb_method,batch_size
0,,0.6961789131164551,0.6815203232348659,[0.74984653 0.61319411],0.6798243494323979,[0.80680317 0.55284553],0.6943669107691857,[0.70040138 0.68833245],,0.7561665773391724,0.7478164637290388,[0.7937051  0.70192783],0.7450694924369122,[0.83293442 0.65720457],0.7555936265437851,[0.75800479 0.75318246],20,3,5,6,15,3,gaussian_random_projection,17,,"['time_encoding', 'timeline_index']","['z_score', None]",True,False,384,0,True,"(12,)",384,"(256, 256)",0.2,0.001,1,True,focal,2,True,5,Conv1d,,concatenation,64
0,,0.6844361424446106,0.672457079735421,[0.73509623 0.60981793],0.6732654641980774,[0.80916293 0.53736799],0.6891499984114804,[0.67345183 0.70484816],,0.7684323787689209,0.7609684330392005,[0.80320733 0.71872954],0.7581359127042587,[0.84706451 0.66920732],0.7699174742909147,[0.76366805 0.7761669 ],20,3,5,6,15,3,gaussian_random_projection,17,,"['time_encoding', 'timeline_index']","['z_score', None]",True,False,384,0,True,"(12,)",384,"(256, 256)",0.2,0.001,12,True,focal,2,True,5,Conv1d,,concatenation,64
0,,0.6974837183952332,0.6822147492163302,[0.7518728 0.6125567],0.6801840353297057,[0.80543727 0.5549308 ],0.69426304602308,[0.70498853 0.68353756],,0.7790807485580444,0.7711155184442752,[0.81381347 0.72841756],0.7679015454974295,[0.85042735 0.68537574],0.7787249482953087,[0.78022217 0.77722772],20,3,5,6,15,3,gaussian_random_projection,17,,"['time_encoding', 'timeline_index']","['z_score', None]",True,False,384,0,True,"(12,)",384,"(256, 256)",0.2,0.001,123,True,focal,2,True,5,Conv1d,,concatenation,64
