,loss,accuracy,f1,f1_scores,precision,precision_scores,recall,recall_scores,valid_loss,valid_accuracy,valid_f1,valid_f1_scores,valid_precision,valid_precision_scores,valid_recall,valid_recall_scores,k,dimensions,sig_depth,method,input_channels,output_channels,features,standardise_method,include_features_in_path,include_features_in_input,embedding_dim,num_features,log_signature,num_heads,num_layers,ffn_hidden_dim,dropout_rate,learning_rate,seed,loss_function,gamma,k_fold,n_splits,augmentation_type,hidden_dim_aug,comb_method,batch_size
0,,0.6767940521240234,0.6524831241811626,[0.74439858 0.56056766],0.6503189272290446,[0.7660801  0.53455776],0.6565743482181697,[0.72391055 0.58923815],,0.7607493996620178,0.7435370583057079,[0.80997752 0.6770966 ],0.7468429729250063,[0.79642105 0.69726489],0.7410328599372058,[0.82400349 0.65806223],11,15,3,umap,17,12,"['time_encoding', 'timeline_index']","['z_score', None]",True,False,384,0,True,10,1,"(512, 512)",0.1,0.0001,1,focal,2,True,5,Conv1d,,concatenation,64
0,,0.6857408881187439,0.666741506898614,[0.74631357 0.58716944],0.6642892827904076,[0.78530716 0.54327141],0.6748972349982648,[0.71100917 0.6387853 ],,0.7549535036087036,0.7423480018980422,[0.79933775 0.68535826],0.7407174091955505,[0.81024838 0.67118644],0.7444292489117599,[0.78871706 0.70014144],11,15,3,umap,17,12,"['time_encoding', 'timeline_index']","['z_score', None]",True,False,384,0,True,10,1,"(512, 512)",0.1,0.0001,12,focal,2,True,5,Conv1d,,concatenation,64
0,,0.6657968163490295,0.6465482211549713,[0.72903128 0.56406516],0.6448184249027077,[0.77085331 0.51878354],0.6547606100892993,[0.69151376 0.61800746],,0.7503706812858582,0.7371644712165385,[0.79608016 0.67824878],0.7358049432197729,[0.80494322 0.66666667],0.7388253014553718,[0.78741015 0.69024045],11,15,3,umap,17,12,"['time_encoding', 'timeline_index']","['z_score', None]",True,False,384,0,True,10,1,"(512, 512)",0.1,0.0001,123,focal,2,True,5,Conv1d,,concatenation,64
