,loss,accuracy,f1,f1_scores,precision,precision_scores,recall,recall_scores,valid_loss,valid_accuracy,valid_f1,valid_f1_scores,valid_precision,valid_precision_scores,valid_recall,valid_recall_scores,k,dimensions,sig_depth,method,input_channels,output_channels,features,standardise_method,add_time_in_path,num_features,embedding_dim,log_signature,num_heads,num_layers,ffn_hidden_dim,dropout_rate,learning_rate,seed,loss_function,gamma,k_fold,n_splits,augmentation_type,hidden_dim_aug,comb_method,batch_size
0,0.33859892277156606,0.6263107657432556,0.6209281916266585,[0.57575758 0.66609881],0.6447260138476756,[0.70933333 0.58011869],0.6332586520947177,[0.4845173 0.782    ],0.23008868992328643,0.6832740306854248,0.6596720419133157,[0.74929577 0.57004831],0.65879329004329,[0.75568182 0.56190476],0.660724066162778,[0.74301676 0.57843137],35,15,4,gaussian_random_projection,17,8,"['time_encoding', 'timeline_index']","['z_score', None]",True,2,384,True,12,1,"(512, 512)",0.1,0.0001,1,focal,2,False,,Conv1d,,concatenation,64
0,0.9340164836715249,0.5853193402290344,0.5749297860745874,[0.641385   0.50847458],0.5851294789547801,[0.58584337 0.58441558],0.5792805100182149,[0.70856102 0.45      ],0.22475045025348664,0.8149465918540955,0.7821705426356589,[0.86666667 0.69767442],0.8290453622207177,[0.80094787 0.85714286],0.7661846861649688,[0.94413408 0.58823529],35,15,4,gaussian_random_projection,17,8,"['time_encoding', 'timeline_index']","['z_score', None]",True,2,384,True,12,1,"(512, 512)",0.1,0.0001,12,focal,2,False,,Conv1d,,concatenation,64
0,1.2559895427788006,0.6167778968811035,0.614592015792937,[0.64361702 0.58556701],0.6155991621651417,[0.62694301 0.60425532],0.6146010928961748,[0.66120219 0.568     ],0.4945604830980301,0.7651245594024658,0.7286692415730337,[0.828125   0.62921348],0.7562259306803594,[0.77560976 0.73684211],0.7186438821338592,[0.88826816 0.54901961],35,15,4,gaussian_random_projection,17,8,"['time_encoding', 'timeline_index']","['z_score', None]",True,2,384,True,12,1,"(512, 512)",0.1,0.0001,123,focal,2,False,,Conv1d,,concatenation,64
