,loss,accuracy,f1,f1_scores,precision,precision_scores,recall,recall_scores,valid_loss,valid_accuracy,valid_f1,valid_f1_scores,valid_precision,valid_precision_scores,valid_recall,valid_recall_scores,k,dimensions,sig_depth,method,input_channels,output_channels,features,standardise_method,include_features_in_path,include_features_in_input,embedding_dim,num_features,log_signature,num_heads,num_layers,ffn_hidden_dim,dropout_rate,learning_rate,seed,loss_function,gamma,k_fold,n_splits,augmentation_type,hidden_dim_aug,comb_method,batch_size
0,,0.6883504390716553,0.6669822749516416,[0.75133849 0.58262606],0.6643689969756631,[0.78059333 0.54814467],0.6729670308857096,[0.72419725 0.62173681],,0.8652109503746033,0.8571245234787989,[0.89111498 0.82313406],0.8571731514263143,[0.89092097 0.82342534],0.8570760407870143,[0.89130908 0.822843  ],35,15,3,umap,17,12,"['time_encoding', 'timeline_index']","['z_score', None]",True,False,384,0,True,10,1,"(512, 512)",0.2,0.0001,1,focal,2,True,5,Conv1d,,concatenation,64
0,,0.6769804358482361,0.6508384099999845,[0.74637787 0.55529895],0.648987701460729,[0.76233184 0.53564356],0.6537648832071479,[0.73107798 0.57645178],,0.885429322719574,0.8783392252326085,[0.90770901 0.84896944],0.8790860343921072,[0.90495778 0.85321429],0.8776218198880597,[0.91047702 0.84476662],35,15,3,umap,17,12,"['time_encoding', 'timeline_index']","['z_score', None]",True,False,384,0,True,10,1,"(512, 512)",0.2,0.0001,12,focal,2,True,5,Conv1d,,concatenation,64
0,,0.6905871629714966,0.661970332003062,[0.76032342 0.56361725],0.6610786885968447,[0.76585224 0.55630514],0.6629989937339009,[0.75487385 0.57112413],,0.8773419857025146,0.8686644964979222,[0.90242333 0.83490566],0.8730018475474359,[0.88870116 0.85730253],0.8651125657264982,[0.91657591 0.81364922],35,15,3,umap,17,12,"['time_encoding', 'timeline_index']","['z_score', None]",True,False,384,0,True,10,1,"(512, 512)",0.2,0.0001,123,focal,2,True,5,Conv1d,,concatenation,64
