,loss,accuracy,f1,f1_scores,precision,precision_scores,recall,recall_scores,valid_loss,valid_accuracy,valid_f1,valid_f1_scores,valid_precision,valid_precision_scores,valid_recall,valid_recall_scores,k,dimensions,sig_depth,method,input_channels,output_channels,features,standardise_method,include_features_in_path,include_features_in_input,embedding_dim,num_features,log_signature,num_heads,num_layers,ffn_hidden_dim,dropout_rate,learning_rate,seed,loss_function,gamma,k_fold,n_splits,augmentation_type,hidden_dim_aug,comb_method,batch_size
0,,0.6682199239730835,0.6453281979699805,[0.73543401 0.55522239],0.6432018881626724,[0.76358025 0.52282353],0.6505954810281876,[0.70928899 0.59190197],,0.8435099124908447,0.8343566373285398,[0.87329477 0.7954185 ],0.8339368373210461,[0.87510936 0.79276431],0.8347891083255259,[0.87148769 0.79809052],20,15,3,umap,17,12,"['time_encoding', 'timeline_index']","['z_score', None]",True,False,384,0,True,10,1,"(256, 256)",0.2,0.0001,1,focal,2,True,5,Conv1d,,concatenation,64
0,,0.6736253499984741,0.6505012774925987,[0.7404003  0.56060226],0.6482712901536263,[0.76665643 0.52988615],0.6554907945286496,[0.71588303 0.59509856],,0.855371356010437,0.8470345638155774,[0.88274506 0.81132407],0.8463355562305555,[0.88574561 0.8069255 ],0.8477678099670439,[0.87976476 0.81577086],20,15,3,umap,17,12,"['time_encoding', 'timeline_index']","['z_score', None]",True,False,384,0,True,10,1,"(256, 256)",0.2,0.0001,12,focal,2,True,5,Conv1d,,concatenation,64
0,,0.6853681206703186,0.6600919961433565,[0.75278266 0.56740133],0.658063872255489,[0.76946108 0.54666667],0.6632914188168706,[0.73681193 0.58977091],,0.8319180607795715,0.8205670311089466,[0.86569736 0.7754367 ],0.823145573306544,[0.8561994  0.79009174],0.8183619125051566,[0.87540841 0.76131542],20,15,3,umap,17,12,"['time_encoding', 'timeline_index']","['z_score', None]",True,False,384,0,True,10,1,"(256, 256)",0.2,0.0001,123,focal,2,True,5,Conv1d,,concatenation,64
