,loss,accuracy,f1,f1_scores,precision,precision_scores,recall,recall_scores,valid_loss,valid_accuracy,valid_f1,valid_f1_scores,valid_precision,valid_precision_scores,valid_recall,valid_recall_scores,k,dimensions,sig_depth,method,input_channels,output_channels,features,standardise_method,include_features_in_path,include_features_in_input,embedding_dim,num_features,log_signature,num_heads,num_layers,ffn_hidden_dim,dropout_rate,learning_rate,seed,loss_function,gamma,k_fold,n_splits,augmentation_type,hidden_dim_aug,comb_method,batch_size
0,,0.6950605511665344,0.6693139713730007,[0.76158554 0.5770424 ],0.667487019983524,[0.77445169 0.56052235],0.6718528523703157,[0.74913991 0.5945658 ],,0.8967515826225281,0.8904226161838178,[0.91675723 0.86408801],0.8909671363721461,[0.91476903 0.86716524],0.889893307951077,[0.91875408 0.86103253],80,15,3,gaussian_random_projection,17,12,"['time_encoding', 'timeline_index']","['z_score', None]",True,False,384,0,True,10,1,"(512, 512)",0.2,0.0001,1,focal,2,True,5,Conv1d,,concatenation,64
0,,0.7150046825408936,0.6899892742615648,[0.77805197 0.60192658],0.6882991165291628,[0.78800353 0.5885947 ],0.6921125111807345,[0.76834862 0.6158764 ],,0.902143120765686,0.89690040884617,[0.92014958 0.87365124],0.8947636188987932,[0.92934903 0.8601782 ],0.8993417568411476,[0.91113047 0.88755304],80,15,3,gaussian_random_projection,17,12,"['time_encoding', 'timeline_index']","['z_score', None]",True,False,384,0,True,10,1,"(512, 512)",0.2,0.0001,12,focal,2,True,5,Conv1d,,concatenation,64
0,,0.7002795934677124,0.6695104280444705,[0.77035133 0.56866953],0.6700824240277449,[0.76750142 0.57266343],0.6689767153568305,[0.77322248 0.56473095],,0.898503839969635,0.8920501868902349,[0.91844471 0.86565566],0.8935020030511602,[0.9133994  0.87360461],0.8906980695580216,[0.92354607 0.85785007],80,15,3,gaussian_random_projection,17,12,"['time_encoding', 'timeline_index']","['z_score', None]",True,False,384,0,True,10,1,"(512, 512)",0.2,0.0001,123,focal,2,True,5,Conv1d,,concatenation,64
