,loss,accuracy,f1,f1_scores,precision,precision_scores,recall,recall_scores,valid_loss,valid_accuracy,valid_f1,valid_f1_scores,valid_precision,valid_precision_scores,valid_recall,valid_recall_scores,k,dimensions,sig_depth,method,input_channels,output_channels,features,standardise_method,include_features_in_path,include_features_in_input,embedding_dim,num_features,log_signature,pooling,num_heads,num_layers,ffn_hidden_dim,dropout_rate,learning_rate,seed,loss_function,gamma,k_fold,n_splits,augmentation_type,hidden_dim_aug,comb_method,batch_size
0,,0.661696195602417,0.6343172037795568,[0.73437729 0.53425712],0.6327106365345054,[0.75007474 0.51534653],0.6369659060916062,[0.71932339 0.55460842],,0.8692545890808105,0.8608727374804546,[0.89502165 0.82672383],0.86240882515785,[0.88943859 0.83537906],0.8594606722395487,[0.90067523 0.81824611],20,15,3,umap,17,12,"['time_encoding', 'timeline_index']","['z_score', None]",True,True,384,2,True,signature,10,1,"(512, 512)",0.2,0.0001,1,focal,2,True,5,Conv1d,,concatenation,64
0,,0.6805219054222107,0.6560519765058126,[0.74779282 0.56431113],0.653879327321283,[0.76813785 0.53962081],0.6599334563010465,[0.72849771 0.59136921],,0.8672327995300293,0.8594104075870089,[0.8925728  0.82624802],0.8590988627027107,[0.8938401  0.82435762],0.8597280917063919,[0.89130908 0.8281471 ],20,15,3,umap,17,12,"['time_encoding', 'timeline_index']","['z_score', None]",True,True,384,2,True,signature,10,1,"(512, 512)",0.2,0.0001,12,focal,2,True,5,Conv1d,,concatenation,64
0,,0.6751164793968201,0.6555721796964495,[0.73761855 0.57352581],0.6534309542419918,[0.77654517 0.53031674],0.6634044480993974,[0.70240826 0.62440064],,0.8611672520637512,0.853135233736839,[0.88748088 0.81878958],0.852489861822441,[0.89020381 0.81477591],0.8538087787525991,[0.88477456 0.822843  ],20,15,3,umap,17,12,"['time_encoding', 'timeline_index']","['z_score', None]",True,True,384,2,True,signature,10,1,"(512, 512)",0.2,0.0001,123,focal,2,True,5,Conv1d,,concatenation,64
