,loss,accuracy,f1,f1_scores,precision,precision_scores,recall,recall_scores,valid_loss,valid_accuracy,valid_f1,valid_f1_scores,valid_precision,valid_precision_scores,valid_recall,valid_recall_scores,k,dimensions,sig_depth,method,input_channels,output_channels,features,standardise_method,include_features_in_path,include_features_in_input,embedding_dim,num_features,log_signature,num_heads,num_layers,ffn_hidden_dim,dropout_rate,learning_rate,seed,loss_function,gamma,k_fold,n_splits,augmentation_type,hidden_dim_aug,comb_method,batch_size
0,,0.7023299336433411,0.6749914242380413,[0.769253   0.58072985],0.6739394284797595,[0.77541509 0.57246377],0.6762131096860597,[0.76318807 0.58923815],,0.7298827171325684,0.7117451855666266,[0.78405172 0.63943865],0.7133870714484918,[0.77585839 0.65091575],0.7103896082890175,[0.79241995 0.62835926],5,15,4,gaussian_random_projection,17,8,"['time_encoding', 'timeline_index']","['z_score', None]",True,False,384,0,True,6,1,"(256, 256)",0.1,0.0005,1,focal,2,True,5,Conv1d,,concatenation,64
0,,0.6922646760940552,0.6702576320081256,[0.75544364 0.58507163],0.6676238761560651,[0.78148943 0.55375833],0.6756082502822678,[0.73107798 0.62013852],,0.7308262586593628,0.7163505692854375,[0.78042881 0.65227233],0.7152524228511192,[0.78796625 0.64253859],0.7176698568042696,[0.7730342  0.66230552],5,15,4,gaussian_random_projection,17,8,"['time_encoding', 'timeline_index']","['z_score', None]",True,False,384,0,True,6,1,"(256, 256)",0.1,0.0005,12,focal,2,True,5,Conv1d,,concatenation,64
0,,0.6911463141441345,0.6678797354561103,[0.75578482 0.57997465],0.665434082563775,[0.77767668 0.55319149],0.6722874805100858,[0.73509174 0.60948322],,0.7317698001861572,0.7167018715110169,[0.78203724 0.6513665 ],0.7160014825218477,[0.78651685 0.64548611],0.7174816927036077,[0.77760836 0.65735502],5,15,4,gaussian_random_projection,17,8,"['time_encoding', 'timeline_index']","['z_score', None]",True,False,384,0,True,6,1,"(256, 256)",0.1,0.0005,123,focal,2,True,5,Conv1d,,concatenation,64
