,loss,accuracy,f1,f1_scores,precision,precision_scores,recall,recall_scores,valid_loss,valid_accuracy,valid_f1,valid_f1_scores,valid_precision,valid_precision_scores,valid_recall,valid_recall_scores,k,dimensions,sig_depth,method,input_channels,output_channels,features,standardise_method,add_time_in_path,num_features,embedding_dim,log_signature,num_heads,num_layers,ffn_hidden_dim,dropout_rate,learning_rate,seed,loss_function,gamma,k_fold,n_splits,augmentation_type,hidden_dim_aug,comb_method,batch_size
0,0.3887653526137857,0.6348903775215149,0.6333496687738472,[0.65711728 0.60958206],0.633874191092501,[0.64612676 0.62162162],0.6332440801457195,[0.66848816 0.598     ],0.18711478114128113,0.7473309636116028,0.6954278299366461,[0.82115869 0.56969697],0.7468690840250474,[0.74770642 0.74603175],0.6856994194325775,[0.91061453 0.46078431],35,15,3,gaussian_random_projection,17,12,"['time_encoding', 'timeline_index']","['z_score', None]",True,2,384,True,10,1,"(512, 512)",0.1,0.001,1,focal,2,False,,Conv1d,,concatenation,64
0,0.7968099432833055,0.6015252470970154,0.5993666352359859,[0.62877442 0.56995885],0.600191302176659,[0.6135182  0.58686441],0.5994043715846995,[0.64480874 0.554     ],0.16488886177539824,0.7864768505096436,0.7626689189189189,[0.83783784 0.6875    ],0.7724258289703316,[0.81151832 0.73333333],0.7564903056194545,[0.86592179 0.64705882],35,15,3,gaussian_random_projection,17,12,"['time_encoding', 'timeline_index']","['z_score', None]",True,2,384,True,10,1,"(512, 512)",0.1,0.001,12,focal,2,False,,Conv1d,,concatenation,64
0,0.32503866185160246,0.6558627486228943,0.6528327452312392,[0.62039958 0.68526591],0.6706248510154021,[0.73383085 0.60741886],0.6616703096539163,[0.53734062 0.786     ],0.20245684087276458,0.6939501762390137,0.6851417552637065,[0.73780488 0.63247863],0.6863432987594061,[0.81208054 0.56060606],0.7007339248548581,[0.67597765 0.7254902 ],35,15,3,gaussian_random_projection,17,12,"['time_encoding', 'timeline_index']","['z_score', None]",True,2,384,True,10,1,"(512, 512)",0.1,0.001,123,focal,2,False,,Conv1d,,concatenation,64
