,loss,accuracy,f1,f1_scores,precision,precision_scores,recall,recall_scores,valid_loss,valid_accuracy,valid_f1,valid_f1_scores,valid_precision,valid_precision_scores,valid_recall,valid_recall_scores,k,dimensions,sig_depth,method,input_channels,output_channels,features,standardise_method,include_features_in_path,include_features_in_input,embedding_dim,num_features,log_signature,pooling,num_heads,num_layers,ffn_hidden_dim,dropout_rate,learning_rate,seed,loss_function,gamma,k_fold,n_splits,augmentation_type,hidden_dim_aug,comb_method,batch_size
0,,0.6848089694976807,0.6595252734382226,[0.75230702 0.56674353],0.6574979001639956,[0.76909254 0.54590326],0.6627383390438578,[0.73623853 0.58923815],,0.742418110370636,0.7254967254967254,[0.79365079 0.65734266],0.7268629121899884,[0.7869379  0.66678792],0.7243202215638063,[0.8004792  0.64816124],5,15,3,umap,17,10,"['time_encoding', 'timeline_index']","['z_score', None]",True,True,384,2,True,signature,5,1,"(128, 128)",0.1,0.0003,1,focal,2,True,5,Conv1d,,concatenation,64
0,,0.6959925293922424,0.6632893689735054,[0.7682251  0.55835364],0.6646771349626315,[0.76162299 0.56773128],0.6621117138660657,[0.77494266 0.54928077],,0.7402614951133728,0.7189717320188238,[0.79632174 0.64162172],0.7251236342633057,[0.77351129 0.67673597],0.7152450585164936,[0.82051841 0.60997171],5,15,3,umap,17,10,"['time_encoding', 'timeline_index']","['z_score', None]",True,True,384,2,True,signature,5,1,"(128, 128)",0.1,0.0003,12,focal,2,True,5,Conv1d,,concatenation,64
0,,0.6976701021194458,0.6638822264685924,[0.77045004 0.55731441],0.6660544151084333,[0.7607602  0.57134863],0.6621715124662134,[0.78038991 0.54395312],,0.7309610247612,0.7070640180093926,[0.79073181 0.62339623],0.7152824797219458,[0.76228017 0.66828479],0.7027740456467777,[0.82138968 0.58415842],5,15,3,umap,17,10,"['time_encoding', 'timeline_index']","['z_score', None]",True,True,384,2,True,signature,5,1,"(128, 128)",0.1,0.0003,123,focal,2,True,5,Conv1d,,concatenation,64
