,loss,accuracy,f1,f1_scores,precision,precision_scores,recall,recall_scores,valid_loss,valid_accuracy,valid_f1,valid_f1_scores,valid_precision,valid_precision_scores,valid_recall,valid_recall_scores,k,dimensions,sig_depth,method,input_channels,output_channels,features,standardise_method,include_features_in_path,include_features_in_input,embedding_dim,num_features,log_signature,num_heads,num_layers,ffn_hidden_dim,dropout_rate,learning_rate,seed,loss_function,gamma,k_fold,n_splits,augmentation_type,hidden_dim_aug,comb_method,batch_size
0,,0.6857408881187439,0.6616707306819136,[0.75191289 0.57142857],0.6593984236443936,[0.77237001 0.54642684],0.6656696923892802,[0.73251147 0.59882792],,0.8381183743476868,0.831276289646612,[0.865253   0.79729958],0.8274265507797622,[0.89217955 0.76267356],0.8375616982614962,[0.83990416 0.83521924],20,15,3,gaussian_random_projection,17,12,"['time_encoding', 'timeline_index']","['z_score', None]",True,False,384,0,True,10,1,"(256, 256)",0.1,0.0001,1,focal,2,True,5,Conv1d,,concatenation,64
0,,0.7157502174377441,0.6926101051601903,[0.77694895 0.60827126],0.6901870731372075,[0.79307256 0.58730159],0.6961308549168349,[0.76146789 0.63079382],,0.8478231430053711,0.840840110556164,[0.87417809 0.80750213],0.8373709642538916,[0.8950251  0.77971683],0.8458104951049606,[0.85428011 0.83734088],20,15,3,gaussian_random_projection,17,12,"['time_encoding', 'timeline_index']","['z_score', None]",True,False,384,0,True,10,1,"(256, 256)",0.1,0.0001,12,focal,2,True,5,Conv1d,,concatenation,64
0,,0.6747437119483948,0.649793710683072,[0.74326909 0.55631833],0.6477368937210508,[0.76337262 0.53210117],0.6535211065383468,[0.72419725 0.58284497],,0.84971022605896,0.8422245196724287,[0.87659103 0.807858  ],0.8394941342873783,[0.89108911 0.78789916],0.8457057455442156,[0.86255718 0.82885431],20,15,3,gaussian_random_projection,17,12,"['time_encoding', 'timeline_index']","['z_score', None]",True,False,384,0,True,10,1,"(256, 256)",0.1,0.0001,123,focal,2,True,5,Conv1d,,concatenation,64
