,loss,accuracy,f1,f1_scores,precision,precision_scores,recall,recall_scores,valid_loss,valid_accuracy,valid_f1,valid_f1_scores,valid_precision,valid_precision_scores,valid_recall,valid_recall_scores,k,dimensions,sig_depth,method,input_channels,output_channels,features,standardise_method,include_features_in_path,include_features_in_input,embedding_dim,num_features,log_signature,pooling,num_heads,num_layers,ffn_hidden_dim,dropout_rate,learning_rate,seed,loss_function,gamma,k_fold,n_splits,augmentation_type,hidden_dim_aug,comb_method,batch_size
0,,0.6889095902442932,0.6664556572313762,[0.75299689 0.57991442],0.6639189798220153,[0.77821964 0.54961832],0.6715515682354724,[0.7293578  0.61374534],,0.7379700541496277,0.7225877999487281,[0.78791185 0.65726375],0.7223522630329021,[0.78928962 0.65541491],0.7228309677904343,[0.78653888 0.65912306],5,15,4,umap,17,8,"['time_encoding', 'timeline_index']","['z_score', None]",True,True,384,2,True,signature,6,1,"(512, 512)",0.2,0.0001,1,focal,2,True,5,Conv1d,,concatenation,64
0,,0.6943150162696838,0.6679028684773671,[0.76155859 0.57424714],0.666283185840708,[0.77256637 0.56      ],0.6700491188603717,[0.75086009 0.58923815],,0.7390483617782593,0.7200857485851484,[0.79294118 0.64723032],0.7233071647389118,[0.77894516 0.66766917],0.7177275075735473,[0.80744936 0.62800566],5,15,4,umap,17,8,"['time_encoding', 'timeline_index']","['z_score', None]",True,True,384,2,True,signature,6,1,"(512, 512)",0.2,0.0001,12,focal,2,True,5,Conv1d,,concatenation,64
0,,0.6941286325454712,0.6663511820875199,[0.76262115 0.57008122],0.6652298893821957,[0.76963504 0.56082474],0.6676911600103621,[0.75573394 0.57964838],,0.738644003868103,0.7200919976959714,[0.7921535 0.6480305],0.7228306332777488,[0.77986492 0.66579634],0.7180118333114078,[0.80483555 0.63118812],5,15,4,umap,17,8,"['time_encoding', 'timeline_index']","['z_score', None]",True,True,384,2,True,signature,6,1,"(512, 512)",0.2,0.0001,123,focal,2,True,5,Conv1d,,concatenation,64
