,loss,accuracy,f1,f1_scores,precision,precision_scores,recall,recall_scores,valid_loss,valid_accuracy,valid_f1,valid_f1_scores,valid_precision,valid_precision_scores,valid_recall,valid_recall_scores,k,dimensions,sig_depth,method,input_channels,output_channels,features,standardise_method,include_features_in_path,include_features_in_input,embedding_dim,num_features,log_signature,pooling,num_heads,num_layers,ffn_hidden_dim,dropout_rate,learning_rate,seed,loss_function,gamma,k_fold,n_splits,augmentation_type,hidden_dim_aug,comb_method,batch_size
0,,0.6805219054222107,0.6618403695289805,[0.74132206 0.58235867],0.6596302175943137,[0.78266412 0.53659632],0.6703913379245625,[0.70412844 0.63665424],,0.9014691710472107,0.8965870136723827,[0.91905658 0.87411744],0.8933242154541248,[0.93468468 0.85196375],0.9006982636527958,[0.9039425  0.89745403],80,15,3,gaussian_random_projection,17,12,"['time_encoding', 'timeline_index']","['z_score', None]",True,True,384,2,True,signature,10,1,"(256, 256)",0.1,0.0001,1,focal,2,True,5,Conv1d,,concatenation,64
0,,0.6926374435424805,0.6749347555407406,[0.75079341 0.5990761 ],0.672423877043824,[0.79386385 0.5509839 ],0.6842612528287869,[0.71215596 0.65636654],,0.8912252187728882,0.886206892029541,[0.9101036  0.86231019],0.8822705145361804,[0.93137255 0.83316848],0.8916743585706861,[0.88978436 0.89356436],80,15,3,gaussian_random_projection,17,12,"['time_encoding', 'timeline_index']","['z_score', None]",True,True,384,2,True,signature,10,1,"(256, 256)",0.1,0.0001,12,focal,2,True,5,Conv1d,,concatenation,64
0,,0.7112767696380615,0.6829356993246462,[0.77772995 0.58814145],0.6827803770666481,[0.77851192 0.58704883],0.6830938436310138,[0.77694954 0.58923815],,0.9002560973167419,0.8942721473743112,[0.91942509 0.86911921],0.8943258295301213,[0.91922491 0.86942675],0.8942186175707529,[0.91962535 0.86881188],80,15,3,gaussian_random_projection,17,12,"['time_encoding', 'timeline_index']","['z_score', None]",True,True,384,2,True,signature,10,1,"(256, 256)",0.1,0.0001,123,focal,2,True,5,Conv1d,,concatenation,64
