,loss,accuracy,f1,f1_scores,precision,precision_scores,recall,recall_scores,valid_loss,valid_accuracy,valid_f1,valid_f1_scores,valid_precision,valid_precision_scores,valid_recall,valid_recall_scores,k,dimensions,sig_depth,method,input_channels,output_channels,features,standardise_method,include_features_in_path,include_features_in_input,embedding_dim,num_features,log_signature,num_heads,num_layers,ffn_hidden_dim,dropout_rate,learning_rate,seed,loss_function,gamma,k_fold,n_splits,augmentation_type,hidden_dim_aug,comb_method,batch_size
0,,0.6767940521240234,0.6474009984299471,[0.74920451 0.54559748],0.6464291660381869,[0.75598365 0.53687468],0.6485771446237163,[0.74254587 0.55460842],,0.8804420828819275,0.873329610979362,[0.90334532 0.8433139 ],0.8732037406006617,[0.90383777 0.84256971],0.8734564073919917,[0.90285341 0.84405941],35,15,3,gaussian_random_projection,17,12,"['time_encoding', 'timeline_index']","['z_score', None]",True,False,384,0,True,10,1,"(512, 512)",0.2,0.0001,1,focal,2,True,5,Conv1d,,concatenation,64
0,,0.711463212966919,0.6904118180167138,[0.77114134 0.6096823 ],0.6874193037429035,[0.7960928  0.57874581],0.6959096841045392,[0.74770642 0.64411295],,0.892842710018158,0.8873797165467815,[0.91218381 0.86257563],0.8845651787377633,[0.92536979 0.84376057],0.8908086342598227,[0.89936833 0.88224894],35,15,3,gaussian_random_projection,17,12,"['time_encoding', 'timeline_index']","['z_score', None]",True,False,384,0,True,10,1,"(512, 512)",0.2,0.0001,12,focal,2,True,5,Conv1d,,concatenation,64
0,,0.6769804358482361,0.650061475592626,[0.74711805 0.5530049 ],0.6483863298662704,[0.76077266 0.536     ],0.6525345441926166,[0.73394495 0.57112413],,0.8869119882583618,0.8796536134989842,[0.90920896 0.85009827],0.8812978948962593,[0.90344086 0.85915493],0.8781408693658985,[0.91505119 0.84123055],35,15,3,gaussian_random_projection,17,12,"['time_encoding', 'timeline_index']","['z_score', None]",True,False,384,0,True,10,1,"(512, 512)",0.2,0.0001,123,focal,2,True,5,Conv1d,,concatenation,64
