,loss,accuracy,f1,f1_scores,precision,precision_scores,recall,recall_scores,valid_loss,valid_accuracy,valid_f1,valid_f1_scores,valid_precision,valid_precision_scores,valid_recall,valid_recall_scores,k,dimensions,sig_depth,method,input_channels,output_channels,features,standardise_method,include_features_in_path,include_features_in_input,embedding_dim,num_features,log_signature,num_heads,num_layers,ffn_hidden_dim,dropout_rate,learning_rate,seed,loss_function,gamma,k_fold,n_splits,augmentation_type,hidden_dim_aug,comb_method,batch_size
0,,0.6881640553474426,0.6631494869675616,[0.75494361 0.57135537],0.6610667344290619,[0.77178796 0.55034551],0.6664259193862938,[0.73881881 0.59403303],,0.7346003651618958,0.7179613408464556,[0.78646568 0.64945701],0.7185755982117343,[0.78315335 0.65399785],0.7173924630226348,[0.78980614 0.64497878],5,15,3,umap,17,12,"['time_encoding', 'timeline_index']","['z_score', None]",True,False,384,0,True,10,1,"(256, 256)",0.2,0.0005,1,focal,2,True,5,Conv1d,,concatenation,64
0,,0.6931966543197632,0.6657644248922139,[0.7615184  0.57001045],0.6644859695221863,[0.76977153 0.55920041],0.6673435185954554,[0.75344037 0.58124667],,0.7336568236351013,0.7132536021431344,[0.7897425  0.63676471],0.7175462914439159,[0.77199917 0.66309342],0.7103837931479615,[0.80832063 0.61244696],5,15,3,umap,17,12,"['time_encoding', 'timeline_index']","['z_score', None]",True,False,384,0,True,10,1,"(256, 256)",0.2,0.0005,12,focal,2,True,5,Conv1d,,concatenation,64
0,,0.6954333782196045,0.6627134240088794,[0.76776578 0.55766107],0.6640712108304445,[0.76127396 0.56686846],0.661558634093053,[0.77436927 0.548748  ],,0.7398571372032166,0.7160310221294257,[0.79828595 0.63377609],0.7255977002812446,[0.76732972 0.68386568],0.7111841260050952,[0.83184491 0.59052334],5,15,3,umap,17,12,"['time_encoding', 'timeline_index']","['z_score', None]",True,False,384,0,True,10,1,"(256, 256)",0.2,0.0005,123,focal,2,True,5,Conv1d,,concatenation,64
