,loss,accuracy,f1,f1_scores,precision,precision_scores,recall,recall_scores,valid_loss,valid_accuracy,valid_f1,valid_f1_scores,valid_precision,valid_precision_scores,valid_recall,valid_recall_scores,k,dimensions,sig_depth,method,input_channels,output_channels,features,standardise_method,include_features_in_path,include_features_in_input,embedding_dim,num_features,log_signature,pooling,num_heads,num_layers,ffn_hidden_dim,dropout_rate,learning_rate,seed,loss_function,gamma,k_fold,n_splits,augmentation_type,hidden_dim_aug,comb_method,batch_size
0,,0.6786579489707947,0.652150909835417,[0.74817412 0.5561277 ],0.6503864674947986,[0.76265634 0.53811659],0.6548089530189205,[0.73423165 0.57538625],,0.7782720327377319,0.7640074845423201,[0.82202748 0.70598749],0.7652037152647544,[0.81663801 0.71376943],0.762930986676164,[0.82748856 0.69837341],11,15,3,umap,17,12,"['time_encoding', 'timeline_index']","['z_score', None]",True,True,384,2,True,signature,10,1,"(256, 256)",0.1,0.0001,1,focal,2,True,5,Conv1d,,concatenation,64
0,,0.6769804358482361,0.6570283903128245,[0.73975071 0.57430607],0.6547716788454623,[0.77672658 0.53281677],0.6644688326335702,[0.70613532 0.62280234],,0.7847418785095215,0.7751280760918839,[0.82162404 0.72863212],0.7722661904331233,[0.8431912  0.70134118],0.7796328034956777,[0.80113265 0.75813296],11,15,3,umap,17,12,"['time_encoding', 'timeline_index']","['z_score', None]",True,True,384,2,True,signature,10,1,"(256, 256)",0.1,0.0001,12,focal,2,True,5,Conv1d,,concatenation,64
0,,0.6769804358482361,0.6537372270249384,[0.7434493  0.56402516],0.6514567198985259,[0.76859504 0.5343184 ],0.6585632053638198,[0.71989679 0.59722962],,0.7820460796356201,0.7674279386159825,[0.82573553 0.70912035],0.7694532453826187,[0.81719283 0.72171366],0.7657088526010394,[0.83445872 0.69695898],11,15,3,umap,17,12,"['time_encoding', 'timeline_index']","['z_score', None]",True,True,384,2,True,signature,10,1,"(256, 256)",0.1,0.0001,123,focal,2,True,5,Conv1d,,concatenation,64
