,loss,accuracy,f1,f1_scores,precision,precision_scores,recall,recall_scores,valid_loss,valid_accuracy,valid_f1,valid_f1_scores,valid_precision,valid_precision_scores,valid_recall,valid_recall_scores,k,dimensions,sig_depth,method,input_channels,output_channels,features,standardise_method,include_features_in_path,include_features_in_input,embedding_dim,num_features,log_signature,num_heads,num_layers,ffn_hidden_dim,dropout_rate,learning_rate,seed,loss_function,gamma,k_fold,n_splits,augmentation_type,hidden_dim_aug,comb_method,batch_size
0,,0.681267499923706,0.6600270876974954,[0.74500447 0.5750497 ],0.6575750110796773,[0.77625855 0.53889148],0.6662894441647564,[0.71616972 0.61640916],,0.7591319680213928,0.7492612971209315,[0.79901024 0.69951236],0.7464634610079259,[0.82604651 0.66688041],0.7545948856951227,[0.77368765 0.73550212],11,15,3,gaussian_random_projection,17,12,"['time_encoding', 'timeline_index']","['z_score', None]",True,False,384,0,True,10,1,"(256, 256)",0.2,0.0001,1,focal,2,True,5,Conv1d,,concatenation,64
0,,0.6863000988960266,0.6667962683139361,[0.74741108 0.58618146],0.6642721029734296,[0.78425197 0.54429224],0.6744660435596526,[0.71387615 0.63505594],,0.7643887400627136,0.7546376327900266,[0.80355136 0.70572391],0.7517829825661937,[0.83004411 0.67352185],0.7599286409021772,[0.77869745 0.74115983],11,15,3,gaussian_random_projection,17,12,"['time_encoding', 'timeline_index']","['z_score', None]",True,False,384,0,True,10,1,"(256, 256)",0.2,0.0001,12,focal,2,True,5,Conv1d,,concatenation,64
0,,0.6723206043243408,0.6525753641676855,[0.73540036 0.56975037],0.6505081900807905,[0.77408112 0.52693526],0.6602699475299741,[0.70040138 0.62013852],,0.7625016570091248,0.7517058463672329,[0.80347981 0.69993188],0.749206420123897,[0.82331429 0.67509855],0.7556202375535186,[0.78457852 0.72666195],11,15,3,gaussian_random_projection,17,12,"['time_encoding', 'timeline_index']","['z_score', None]",True,False,384,0,True,10,1,"(256, 256)",0.2,0.0001,123,focal,2,True,5,Conv1d,,concatenation,64
