,loss,accuracy,f1,f1_scores,precision,precision_scores,recall,recall_scores,valid_loss,valid_accuracy,valid_f1,valid_f1_scores,valid_precision,valid_precision_scores,valid_recall,valid_recall_scores,k,dimensions,sig_depth,method,input_channels,output_channels,features,standardise_method,add_time_in_path,num_features,embedding_dim,log_signature,num_heads,num_layers,ffn_hidden_dim,dropout_rate,learning_rate,seed,loss_function,gamma,k_fold,n_splits,augmentation_type,hidden_dim_aug,comb_method,batch_size
0,0.353734107578502,0.6186844706535339,0.5981735859464181,[0.50738916 0.68895801],0.6734415967646745,[0.78326996 0.56361323],0.6306138433515482,[0.37522769 0.886     ],0.22031804621219636,0.690391480922699,0.6673198611961625,[0.75492958 0.57971014],0.6663961038961039,[0.76136364 0.57142857],0.6684193230364772,[0.74860335 0.58823529],35,15,3,umap,17,12,"['time_encoding', 'timeline_index']","['z_score', None]",True,2,384,True,10,1,"(512, 512)",0.1,0.0001,1,focal,2,False,,Conv1d,,concatenation,64
0,0.35400620453497944,0.6425166726112366,0.6369408057768291,[0.59194777 0.68193384],0.6635911316323688,[0.73513514 0.59204713],0.6497231329690346,[0.49544627 0.804     ],0.2101438045501709,0.6939501762390137,0.6743126684636118,[0.75428571 0.59433962],0.6723285486443381,[0.77192982 0.57272727],0.6775386132106473,[0.73743017 0.61764706],35,15,3,umap,17,12,"['time_encoding', 'timeline_index']","['z_score', None]",True,2,384,True,10,1,"(512, 512)",0.1,0.0001,12,focal,2,False,,Conv1d,,concatenation,64
0,0.7310442153145286,0.5977120995521545,0.5947953280609256,[0.62917399 0.56041667],0.5962962279471469,[0.60780985 0.58478261],0.5950473588342441,[0.65209472 0.538     ],0.23501516580581666,0.7580071091651917,0.7323509636934109,[0.81521739 0.64948454],0.7392167011732229,[0.79365079 0.68478261],0.7278179428195859,[0.83798883 0.61764706],35,15,3,umap,17,12,"['time_encoding', 'timeline_index']","['z_score', None]",True,2,384,True,10,1,"(512, 512)",0.1,0.0001,123,focal,2,False,,Conv1d,,concatenation,64
