,loss,accuracy,f1,f1_scores,precision,precision_scores,recall,recall_scores,valid_loss,valid_accuracy,valid_f1,valid_f1_scores,valid_precision,valid_precision_scores,valid_recall,valid_recall_scores,k,dimensions,sig_depth,method,input_channels,output_channels,features,standardise_method,include_features_in_path,include_features_in_input,embedding_dim,num_features,log_signature,pooling,swnu_hidden_dim,ffn_hidden_dim,dropout_rate,learning_rate,seed,BiLSTM,loss_function,gamma,k_fold,n_splits,augmentation_type,hidden_dim_aug,comb_method,batch_size
0,,0.6945013999938965,0.6705704628250782,[0.75935986 0.58178107],0.6682443292129205,[0.77821246 0.5582762 ],0.6743756201336312,[0.74139908 0.60735216],,0.7364873886108398,0.7209241689240816,[0.78682804 0.65502029],0.7207621233259143,[0.78777293 0.65375132],0.7210898144299914,[0.78588543 0.6562942 ],5,15,3,umap,17,,"['time_encoding', 'timeline_index']","['z_score', None]",True,True,384,2,True,signature,"(12,)","(512, 512)",0.1,0.0001,1,True,focal,2,True,5,Conv1d,,concatenation,64
0,,0.6859273314476013,0.6614712381853693,[0.7524607  0.57048177],0.6592693891651992,[0.77161796 0.54692082],0.6651978715058677,[0.73423165 0.59616409],,0.7356786727905273,0.7199920705223111,[0.78626703 0.65371711],0.7198887088284993,[0.78686736 0.65291005],0.720096888722385,[0.78566761 0.65452617],5,15,3,umap,17,,"['time_encoding', 'timeline_index']","['z_score', None]",True,True,384,2,True,signature,"(12,)","(512, 512)",0.1,0.0001,12,True,focal,2,True,5,Conv1d,,concatenation,64
0,,0.6913326978683472,0.6642781869924745,[0.75958188 0.56897449],0.6628229306989972,[0.76941176 0.5562341 ],0.6661561001598295,[0.75      0.5823122],,0.7315002083778381,0.7140041044746079,[0.78474173 0.64326648],0.7151761683786172,[0.77868325 0.65166909],0.7129865116455324,[0.79089523 0.63507779],5,15,3,umap,17,,"['time_encoding', 'timeline_index']","['z_score', None]",True,True,384,2,True,signature,"(12,)","(512, 512)",0.1,0.0001,123,True,focal,2,True,5,Conv1d,,concatenation,64
