,loss,accuracy,f1,f1_scores,precision,precision_scores,recall,recall_scores,valid_loss,valid_accuracy,valid_f1,valid_f1_scores,valid_precision,valid_precision_scores,valid_recall,valid_recall_scores,k,dimensions,sig_depth,method,input_channels,output_channels,features,standardise_method,include_features_in_path,include_features_in_input,embedding_dim,num_features,log_signature,pooling,swnu_hidden_dim,ffn_hidden_dim,dropout_rate,learning_rate,seed,BiLSTM,loss_function,gamma,k_fold,n_splits,augmentation_type,hidden_dim_aug,comb_method,batch_size
0,,0.6723206043243408,0.6517134289997859,[0.73643178 0.56699507],0.6495488393399311,[0.77184161 0.52725607],0.6586705068110834,[0.70412844 0.61321257],,0.8451274037361145,0.8367566457071188,[0.87372239 0.7997909 ],0.8350773097911816,[0.88176575 0.78838887],0.8386760102247894,[0.86582444 0.81152758],35,15,3,umap,17,,"['time_encoding', 'timeline_index']","['z_score', None]",True,True,384,2,True,signature,"(12,)","(32, 32)",0.1,0.0003,1,True,focal,2,True,5,Conv1d,,concatenation,64
0,,0.6849953532218933,0.6605033545085092,[0.75168969 0.56931702],0.6583114765635651,[0.77094635 0.5456766 ],0.6642350605836954,[0.73337156 0.59509856],,0.851597249507904,0.8425112178900425,[0.88033909 0.80468334],0.8429648580754918,[0.87852495 0.80740477],0.8420704736559477,[0.88216075 0.8019802 ],35,15,3,umap,17,,"['time_encoding', 'timeline_index']","['z_score', None]",True,True,384,2,True,signature,"(12,)","(32, 32)",0.1,0.0003,12,True,focal,2,True,5,Conv1d,,concatenation,64
0,,0.7286113500595093,0.7059621538784911,[0.7875693  0.62435501],0.7035723001132177,[0.80184195 0.60530265],0.7092207914004878,[0.77379587 0.64464571],,0.8545625805854797,0.8449418870638363,[0.88356534 0.80631843],0.8471730826145221,[0.87553464 0.81881152],0.842972783291336,[0.89174472 0.79420085],35,15,3,umap,17,,"['time_encoding', 'timeline_index']","['z_score', None]",True,True,384,2,True,signature,"(12,)","(32, 32)",0.1,0.0003,123,True,focal,2,True,5,Conv1d,,concatenation,64
