,loss,accuracy,f1,f1_scores,precision,precision_scores,recall,recall_scores,valid_loss,valid_accuracy,valid_f1,valid_f1_scores,valid_precision,valid_precision_scores,valid_recall,valid_recall_scores,k,dimensions,sig_depth,method,input_channels,output_channels,features,standardise_method,include_features_in_path,include_features_in_input,embedding_dim,num_features,log_signature,pooling,swnu_hidden_dim,ffn_hidden_dim,dropout_rate,learning_rate,seed,BiLSTM,loss_function,gamma,k_fold,n_splits,augmentation_type,hidden_dim_aug,comb_method,batch_size
0,,0.6760484576225281,0.6532737630426213,[0.7421365  0.56441103],0.6509784069681681,[0.76906519 0.53289162],0.6584616317518195,[0.71702982 0.59989345],,0.8448578119277954,0.8349234970194084,[0.87541942 0.79442758],0.8363249875306764,[0.87005164 0.80259834],0.8336376718855567,[0.88085384 0.7864215 ],35,15,3,umap,17,,"['time_encoding', 'timeline_index']","['z_score', None]",True,True,384,2,True,signature,"(12,)","(32, 32)",0.1,0.0003,1,True,focal,2,True,5,Conv1d,,concatenation,64
0,,0.6864864826202393,0.6634722386310612,[0.75147754 0.57546694],0.661033733988419,[0.77530488 0.54676259],0.6682116293079431,[0.7290711  0.60735216],,0.8501145839691162,0.8420641299506915,[0.87772157 0.80640669],0.8402683533337172,[0.88629802 0.79423868],0.8441314212636062,[0.86930952 0.81895332],35,15,3,umap,17,,"['time_encoding', 'timeline_index']","['z_score', None]",True,True,384,2,True,signature,"(12,)","(32, 32)",0.1,0.0003,12,True,focal,2,True,5,Conv1d,,concatenation,64
0,,0.7060577869415283,0.6798127560818076,[0.77148239 0.58814312],0.6784016213321293,[0.77995898 0.57684426],0.6815407601921865,[0.76318807 0.59989345],,0.8313788771629333,0.819030140497012,[0.8663033  0.77175698],0.8238046810086334,[0.85039866 0.7972107 ],0.8153462804817371,[0.8828142  0.74787836],35,15,3,umap,17,,"['time_encoding', 'timeline_index']","['z_score', None]",True,True,384,2,True,signature,"(12,)","(32, 32)",0.1,0.0003,123,True,focal,2,True,5,Conv1d,,concatenation,64
