,loss,accuracy,f1,f1_scores,precision,precision_scores,recall,recall_scores,valid_loss,valid_accuracy,valid_f1,valid_f1_scores,valid_precision,valid_precision_scores,valid_recall,valid_recall_scores,k,dimensions,sig_depth,method,input_channels,output_channels,features,standardise_method,include_features_in_path,include_features_in_input,embedding_dim,num_features,log_signature,swnu_hidden_dim,ffn_hidden_dim,dropout_rate,learning_rate,seed,BiLSTM,loss_function,gamma,k_fold,n_splits,augmentation_type,hidden_dim_aug,comb_method,batch_size
0,,0.6840633749961853,0.6587947264003602,[0.75164835 0.5659411 ],0.6567631374718579,[0.76865448 0.54487179],0.6620419106469919,[0.73537844 0.58870538],,0.8251786231994629,0.8120038843968942,[0.86177129 0.76223648],0.8175474302749222,[0.84369783 0.79139703],0.8078922709304257,[0.88063603 0.73514851],80,15,3,umap,17,,"['time_encoding', 'timeline_index']","['z_score', None]",True,False,384,0,True,"(12,)","(256, 256)",0.2,0.0005,1,True,focal,2,True,5,Conv1d,,concatenation,64
0,,0.6652376651763916,0.6433524926394449,[0.73170003 0.55500496],0.6413194545775536,[0.76388022 0.51875868],0.6494092081596144,[0.70212156 0.59669686],,0.8494406342506409,0.841200540510699,[0.87737403 0.80502706],0.8396802311608444,[0.88446215 0.79489831],0.842907930989757,[0.87039861 0.81541726],80,15,3,umap,17,,"['time_encoding', 'timeline_index']","['z_score', None]",True,False,384,0,True,"(12,)","(256, 256)",0.2,0.0005,12,True,focal,2,True,5,Conv1d,,concatenation,64
0,,0.6821994185447693,0.6578946138174325,[0.74908021 0.56670902],0.6556839116483779,[0.76957968 0.54178814],0.661838763422991,[0.7296445  0.59403303],,0.8048254251480103,0.7936436466970803,[0.84167942 0.74560787],0.7929636380918508,[0.84500549 0.74092179],0.7943665224100902,[0.83837944 0.75035361],80,15,3,umap,17,,"['time_encoding', 'timeline_index']","['z_score', None]",True,False,384,0,True,"(12,)","(256, 256)",0.2,0.0005,123,True,focal,2,True,5,Conv1d,,concatenation,64
