,loss,accuracy,f1,f1_scores,precision,precision_scores,recall,recall_scores,valid_loss,valid_accuracy,valid_f1,valid_f1_scores,valid_precision,valid_precision_scores,valid_recall,valid_recall_scores,k,dimensions,sig_depth,method,input_channels,output_channels,features,standardise_method,include_features_in_path,include_features_in_input,embedding_dim,num_features,log_signature,swnu_hidden_dim,ffn_hidden_dim,dropout_rate,learning_rate,seed,BiLSTM,loss_function,gamma,k_fold,n_splits,augmentation_type,hidden_dim_aug,comb_method,batch_size
0,,0.6889095902442932,0.6628335009152522,[0.7565991  0.56906791],0.6610328106494974,[0.76996141 0.55210421],0.6653998731628159,[0.74369266 0.58710709],,0.7623668909072876,0.747363035771538,[0.80893031 0.68579576],0.7481722971684673,[0.80500431 0.69134028],0.7466171283400861,[0.81289479 0.68033946],20,15,3,umap,17,,"['time_encoding', 'timeline_index']","['z_score', None]",True,False,384,0,True,"(12,)","(256, 256)",0.2,0.0005,1,True,focal,2,True,5,Conv1d,,concatenation,64
0,,0.686113715171814,0.6658555175155254,[0.74813042 0.58358061],0.6632914462863702,[0.78205128 0.54453161],0.6728462881183619,[0.71702982 0.62866276],,0.8211349248886108,0.8110249927514888,[0.85473454 0.76731545],0.8100992039191672,[0.85915493 0.76104348],0.8120255268517796,[0.8503594  0.77369165],20,15,3,umap,17,,"['time_encoding', 'timeline_index']","['z_score', None]",True,False,384,0,True,"(12,)","(256, 256)",0.2,0.0005,12,True,focal,2,True,5,Conv1d,,concatenation,64
0,,0.6958061456680298,0.6762998463218393,[0.75576175 0.59683794],0.673485190882144,[0.79054477 0.55642561],0.6837453657994164,[0.72391055 0.64358018],,0.7693759202957153,0.757497130072392,[0.81116875 0.70382551],0.7557669418139694,[0.82214765 0.68938623],0.7596809004888416,[0.8004792 0.7188826],20,15,3,umap,17,,"['time_encoding', 'timeline_index']","['z_score', None]",True,False,384,0,True,"(12,)","(256, 256)",0.2,0.0005,123,True,focal,2,True,5,Conv1d,,concatenation,64
