,loss,accuracy,f1,f1_scores,precision,precision_scores,recall,recall_scores,valid_loss,valid_accuracy,valid_f1,valid_f1_scores,valid_precision,valid_precision_scores,valid_recall,valid_recall_scores,k,dimensions,sig_depth,method,input_channels,output_channels,features,standardise_method,include_features_in_path,include_features_in_input,embedding_dim,num_features,log_signature,swnu_hidden_dim,ffn_hidden_dim,dropout_rate,learning_rate,seed,BiLSTM,loss_function,gamma,k_fold,n_splits,augmentation_type,hidden_dim_aug,comb_method,batch_size
0,,0.6967381238937378,0.6745784669815058,[0.75949741 0.58965952],0.6719073169904723,[0.78394873 0.5598659 ],0.6796637867620104,[0.73652523 0.62280234],,0.7433616518974304,0.7281860768412403,[0.79241169 0.66396047],0.7280336374204881,[0.79327658 0.6627907 ],0.7283415263921139,[0.79154868 0.66513437],11,15,3,umap,17,,"['time_encoding', 'timeline_index']","['z_score', None]",True,False,384,0,True,"(12,)","(256, 256)",0.1,0.0001,1,True,focal,2,True,5,Conv1d,,concatenation,64
0,,0.6863000988960266,0.6660212939700374,[0.74831763 0.58372496],0.6634512112366602,[0.78211941 0.54478301],0.672989636742215,[0.71731651 0.62866276],,0.738778829574585,0.7252031062819032,[0.78628143 0.66412478],0.7237749038935616,[0.79629216 0.65125765],0.7270149425248402,[0.77651928 0.67751061],11,15,3,umap,17,,"['time_encoding', 'timeline_index']","['z_score', None]",True,False,384,0,True,"(12,)","(256, 256)",0.1,0.0001,12,True,focal,2,True,5,Conv1d,,concatenation,64
0,,0.6922646760940552,0.6727537557091859,[0.75265918 0.59284834],0.6700422659432272,[0.78820207 0.55188246],0.6802835385374866,[0.72018349 0.64038359],,0.7343307733535767,0.72106382088675,[0.78189665 0.66023099],0.7193886907493579,[0.79464687 0.64413051],0.7233530596268389,[0.76954912 0.677157  ],11,15,3,umap,17,,"['time_encoding', 'timeline_index']","['z_score', None]",True,False,384,0,True,"(12,)","(256, 256)",0.1,0.0001,123,True,focal,2,True,5,Conv1d,,concatenation,64
