,loss,accuracy,f1,f1_scores,precision,precision_scores,recall,recall_scores,valid_loss,valid_accuracy,valid_f1,valid_f1_scores,valid_precision,valid_precision_scores,valid_recall,valid_recall_scores,k,dimensions,sig_depth,method,input_channels,output_channels,features,standardise_method,add_time_in_path,num_features,embedding_dim,log_signature,swnu_hidden_dim,ffn_hidden_dim,dropout_rate,learning_rate,seed,BiLSTM,loss_function,gamma,k_fold,n_splits,augmentation_type,hidden_dim_aug,comb_method,batch_size
0,0.36864637364359465,0.6358436346054077,0.6344400899125688,[0.61178862 0.65709156],0.6440226141001161,[0.69195402 0.59609121],0.6401347905282331,[0.54826958 0.732     ],0.18704721033573152,0.7793594598770142,0.7547578828828828,[0.83243243 0.67708333],0.7642524723676556,[0.80628272 0.72222222],0.7487950487457553,[0.8603352 0.6372549],35,15,4,gaussian_random_projection,17,,"['time_encoding', 'timeline_index']","['z_score', None]",True,2,384,True,"(10,)","(256, 256)",0.5,0.0005,1,True,focal,2,False,,Conv1d,,concatenation,64
0,0.4295164627187392,0.6081982851028442,0.6078333456130154,[0.61979648 0.59587021],0.6078863745437093,[0.62969925 0.5860735 ],0.6081001821493625,[0.61020036 0.606     ],0.19442154467105865,0.7508896589279175,0.715587044534413,[0.81578947 0.61538462],0.7355721393034826,[0.77114428 0.7       ],0.7074706977763172,[0.86592179 0.54901961],35,15,4,gaussian_random_projection,17,,"['time_encoding', 'timeline_index']","['z_score', None]",True,2,384,True,"(10,)","(256, 256)",0.5,0.0005,12,True,focal,2,False,,Conv1d,,concatenation,64
0,0.7005074409877553,0.5824595093727112,0.5809480204882747,[0.55578093 0.60611511],0.5888279415503807,[0.62700229 0.55065359],0.5865446265938069,[0.49908925 0.674     ],0.1941635400056839,0.7402135133743286,0.7197103231536517,[0.79551821 0.64390244],0.7192647540089452,[0.79775281 0.6407767 ],0.7201774564574434,[0.79329609 0.64705882],35,15,4,gaussian_random_projection,17,,"['time_encoding', 'timeline_index']","['z_score', None]",True,2,384,True,"(10,)","(256, 256)",0.5,0.0005,123,True,focal,2,False,,Conv1d,,concatenation,64
