,loss,accuracy,f1,f1_scores,precision,precision_scores,recall,recall_scores,valid_loss,valid_accuracy,valid_f1,valid_f1_scores,valid_precision,valid_precision_scores,valid_recall,valid_recall_scores,k,dimensions,sig_depth,method,input_channels,output_channels,features,standardise_method,add_time_in_path,num_features,embedding_dim,log_signature,swnu_hidden_dim,ffn_hidden_dim,dropout_rate,learning_rate,seed,BiLSTM,loss_function,gamma,k_fold,n_splits,augmentation_type,hidden_dim_aug,comb_method,batch_size
0,0.4474650568821851,0.6158245801925659,0.5984839634639184,[0.51504212 0.68192581],0.6610493125098246,[0.75886525 0.56323338],0.6268998178506375,[0.38979964 0.864     ],0.20108500123023987,0.7188612222671509,0.6991067676918281,[0.77620397 0.62200957],0.6974164786765495,[0.78735632 0.60747664],0.7013090152262023,[0.76536313 0.6372549 ],35,15,4,umap,17,,"['time_encoding', 'timeline_index']","['z_score', None]",True,2,384,True,"(10,)","(512, 512)",0.1,0.0005,1,False,focal,2,False,,Conv1d,,concatenation,64
0,0.9137705704745125,0.5872259140014648,0.573225055693831,[0.49592549 0.65052462],0.6162141516434589,[0.68709677 0.54533153],0.5969890710382514,[0.38797814 0.806     ],0.3332900583744049,0.7224199175834656,0.7144308943089431,[0.76219512 0.66666667],0.7149176327028677,[0.83892617 0.59090909],0.7315149523496549,[0.69832402 0.76470588],35,15,4,umap,17,,"['time_encoding', 'timeline_index']","['z_score', None]",True,2,384,True,"(10,)","(512, 512)",0.1,0.0005,12,False,focal,2,False,,Conv1d,,concatenation,64
0,0.9463791496613446,0.6043851375579834,0.5959006662043986,[0.53734671 0.65445462],0.6265782051912703,[0.69252874 0.56062767],0.6124899817850638,[0.43897996 0.786     ],0.2790686786174774,0.7295373678207397,0.7230521838364976,[0.7654321  0.68067227],0.7253803245436106,[0.85517241 0.59558824],0.7434275386132106,[0.69273743 0.79411765],35,15,4,umap,17,,"['time_encoding', 'timeline_index']","['z_score', None]",True,2,384,True,"(10,)","(512, 512)",0.1,0.0005,123,False,focal,2,False,,Conv1d,,concatenation,64
