,loss,accuracy,f1,f1_scores,precision,precision_scores,recall,recall_scores,valid_loss,valid_accuracy,valid_f1,valid_f1_scores,valid_precision,valid_precision_scores,valid_recall,valid_recall_scores,k,dimensions,sig_depth,method,input_channels,output_channels,features,standardise_method,include_features_in_path,include_features_in_input,embedding_dim,num_features,log_signature,swnu_hidden_dim,ffn_hidden_dim,dropout_rate,learning_rate,seed,BiLSTM,loss_function,gamma,k_fold,n_splits,augmentation_type,hidden_dim_aug,comb_method,batch_size
0,,0.6887232065200806,0.6646656129052735,[0.75448398 0.57484725],0.6623770379169441,[0.77429089 0.55046319],0.6685784398781972,[0.73566514 0.60149174],,0.7354090809822083,0.72078305687428,[0.78468795 0.65687817],0.719910685414181,[0.79032258 0.64949879],0.7217801217374749,[0.77913309 0.66442716],5,15,3,umap,17,,"['time_encoding', 'timeline_index']","['z_score', None]",True,False,384,0,True,"(12,)","(512, 512)",0.2,0.0001,1,True,focal,2,True,5,Conv1d,,concatenation,64
0,,0.6900279521942139,0.6688749599222312,[0.75256658 0.58518334],0.666216604794947,[0.78224559 0.55018762],0.6749953719091073,[0.72505734 0.6249334 ],,0.7285348176956177,0.7136961465324769,[0.77887571 0.64851658],0.7127519027208187,[0.7852557 0.6402481],0.7147999884159308,[0.77259856 0.65700141],5,15,3,umap,17,,"['time_encoding', 'timeline_index']","['z_score', None]",True,False,384,0,True,"(12,)","(512, 512)",0.2,0.0001,12,True,focal,2,True,5,Conv1d,,concatenation,64
0,,0.6930102705955505,0.6640174856895291,[0.76271431 0.56532067],0.6633631146041221,[0.76657979 0.56014644],0.6647394919425396,[0.75888761 0.57059137],,0.7371613383293152,0.7185249880927551,[0.79095197 0.646098  ],0.7212233740853928,[0.77876293 0.66368382],0.7164743639313988,[0.80352864 0.62942008],5,15,3,umap,17,,"['time_encoding', 'timeline_index']","['z_score', None]",True,False,384,0,True,"(12,)","(512, 512)",0.2,0.0001,123,True,focal,2,True,5,Conv1d,,concatenation,64
