,loss,accuracy,f1,f1_scores,precision,precision_scores,recall,recall_scores,valid_loss,valid_accuracy,valid_f1,valid_f1_scores,valid_precision,valid_precision_scores,valid_recall,valid_recall_scores,k,dimensions,sig_depth,method,input_channels,output_channels,features,standardise_method,include_features_in_path,include_features_in_input,embedding_dim,num_features,log_signature,pooling,swnu_hidden_dim,ffn_hidden_dim,dropout_rate,learning_rate,seed,BiLSTM,loss_function,gamma,k_fold,n_splits,augmentation_type,hidden_dim_aug,comb_method,batch_size
0,,0.707176148891449,0.6853834159758452,[0.76818651 0.60258032],0.6825626936521634,[0.79142597 0.57369942],0.6903980555297591,[0.74627294 0.63452318],,0.7475401163101196,0.7320831163560848,[0.79643517 0.66773106],0.7323916231450042,[0.79479393 0.66998932],0.7317855918211543,[0.79808321 0.66548798],11,15,3,umap,17,,"['time_encoding', 'timeline_index']","['z_score', None]",True,True,384,2,True,signature,"(12,)","(256, 256)",0.2,0.0001,1,True,focal,2,True,5,Conv1d,,concatenation,64
0,,0.6831313967704773,0.6641639909270334,[0.7439759  0.58435208],0.6618102020593585,[0.78362944 0.53999096],0.6723982186585074,[0.7081422  0.63665424],,0.746192216873169,0.7351935062896005,[0.78916135 0.68122566],0.7327202410262473,[0.81198157 0.65345892],0.7395228102951565,[0.76758876 0.71145686],11,15,3,umap,17,,"['time_encoding', 'timeline_index']","['z_score', None]",True,True,384,2,True,signature,"(12,)","(256, 256)",0.2,0.0001,12,True,focal,2,True,5,Conv1d,,concatenation,64
0,,0.6976701021194458,0.6739520265261706,[0.76189078 0.58601327],0.6715776491668096,[0.78068592 0.56246938],0.6777968179507607,[0.74397936 0.61161428],,0.7494271397590637,0.7336806074171496,[0.79843869 0.66892253],0.7343739252004589,[0.79490501 0.67384284],0.7330387354633027,[0.80200392 0.66407355],11,15,3,umap,17,,"['time_encoding', 'timeline_index']","['z_score', None]",True,True,384,2,True,signature,"(12,)","(256, 256)",0.2,0.0001,123,True,focal,2,True,5,Conv1d,,concatenation,64
