,loss,accuracy,f1,f1_scores,precision,precision_scores,recall,recall_scores,valid_loss,valid_accuracy,valid_f1,valid_f1_scores,valid_precision,valid_precision_scores,valid_recall,valid_recall_scores,k,dimensions,sig_depth,method,input_channels,output_channels,features,standardise_method,include_features_in_path,include_features_in_input,embedding_dim,num_features,log_signature,pooling,swnu_hidden_dim,ffn_hidden_dim,dropout_rate,learning_rate,seed,BiLSTM,loss_function,gamma,k_fold,n_splits,augmentation_type,hidden_dim_aug,comb_method,batch_size
0,,0.6766076683998108,0.6563693228087796,[0.73976301 0.57297563],0.6540975241513742,[0.77571563 0.53247941],0.663566965878598,[0.70699541 0.62013852],,0.8152042031288147,0.804861655975907,[0.84978635 0.75993696],0.8038132218239745,[0.85493827 0.75268817],0.8060114386520334,[0.84469614 0.76732673],20,15,3,umap,17,,"['time_encoding', 'timeline_index']","['z_score', None]",True,True,384,2,True,signature,"(12,)","(32, 32)",0.1,0.0003,1,True,focal,2,True,5,Conv1d,,concatenation,64
0,,0.6881640553474426,0.6655868599648085,[0.75247818 0.57869554],0.6630743470228517,[0.77743809 0.5487106 ],0.6706090720357001,[0.7290711  0.61214704],,0.8340746760368347,0.8240123396542041,[0.86609377 0.78193091],0.8242581245640757,[0.86505867 0.78345758],0.823770763904657,[0.86713134 0.78041018],20,15,3,umap,17,,"['time_encoding', 'timeline_index']","['z_score', None]",True,True,384,2,True,signature,"(12,)","(32, 32)",0.1,0.0003,12,True,focal,2,True,5,Conv1d,,concatenation,64
0,,0.686113715171814,0.6633531068814928,[0.75088757 0.57581864],0.66088921974167,[0.77567237 0.54610607],0.6682940337645961,[0.72763761 0.60895045],,0.7983555793762207,0.787687931393057,[0.83527857 0.74009729],0.7860185306861446,[0.84457804 0.72745902],0.7896820604361834,[0.82618166 0.75318246],20,15,3,umap,17,,"['time_encoding', 'timeline_index']","['z_score', None]",True,True,384,2,True,signature,"(12,)","(32, 32)",0.1,0.0003,123,True,focal,2,True,5,Conv1d,,concatenation,64
