,loss,accuracy,f1,f1_scores,precision,precision_scores,recall,recall_scores,valid_loss,valid_accuracy,valid_f1,valid_f1_scores,valid_precision,valid_precision_scores,valid_recall,valid_recall_scores,k,dimensions,sig_depth,method,input_channels,output_channels,features,standardise_method,include_features_in_path,include_features_in_input,embedding_dim,num_features,log_signature,swnu_hidden_dim,ffn_hidden_dim,dropout_rate,learning_rate,seed,BiLSTM,loss_function,gamma,k_fold,n_splits,augmentation_type,hidden_dim_aug,comb_method,batch_size
0,,0.6987884640693665,0.6779405646359584,[0.75988113 0.596     ],0.6750901454444332,[0.78871067 0.56146962],0.6840704013578177,[0.73308486 0.63505594],,0.7957946062088013,0.7821613054679236,[0.83665768 0.72766493],0.7841941995544364,[0.82835184 0.74003656],0.7804159605057186,[0.84513178 0.71570014],35,15,3,umap,17,,"['time_encoding', 'timeline_index']","['z_score', None]",True,False,384,0,True,"(12,)","(256, 256)",0.2,0.0001,1,True,focal,2,True,5,Conv1d,,concatenation,64
0,,0.6717613935470581,0.6468844533313569,[0.74060981 0.5531591 ],0.6448440864760268,[0.7615874  0.52810078],0.650735392950883,[0.72075688 0.58071391],,0.8420272469520569,0.831970712463343,[0.87307776 0.79086367],0.8332297822447848,[0.86818867 0.79827089],0.8308074311803089,[0.87802222 0.78359264],35,15,3,umap,17,,"['time_encoding', 'timeline_index']","['z_score', None]",True,False,384,0,True,"(12,)","(256, 256)",0.2,0.0001,12,True,focal,2,True,5,Conv1d,,concatenation,64
0,,0.6965517401695251,0.6773438271156166,[0.75606832 0.59861933],0.6745191863093093,[0.79190207 0.5571363 ],0.685056963703548,[0.72333716 0.64677677],,0.8026688098907471,0.7919093244502333,[0.83922688 0.74459177],0.7905693144065238,[0.84629014 0.73484848],0.7934387185801381,[0.83228055 0.75459689],35,15,3,umap,17,,"['time_encoding', 'timeline_index']","['z_score', None]",True,False,384,0,True,"(12,)","(256, 256)",0.2,0.0001,123,True,focal,2,True,5,Conv1d,,concatenation,64
