,loss,accuracy,f1,f1_scores,precision,precision_scores,recall,recall_scores,valid_loss,valid_accuracy,valid_f1,valid_f1_scores,valid_precision,valid_precision_scores,valid_recall,valid_recall_scores,k,dimensions,sig_depth,method,input_channels,output_channels,features,standardise_method,include_features_in_path,include_features_in_input,embedding_dim,num_features,log_signature,pooling,swnu_hidden_dim,ffn_hidden_dim,dropout_rate,learning_rate,seed,BiLSTM,loss_function,gamma,k_fold,n_splits,augmentation_type,hidden_dim_aug,comb_method,batch_size
0,,0.6700838804244995,0.6482378498229493,[0.73589973 0.56057597],0.6460701770525684,[0.7672682  0.52487215],0.6542435774928761,[0.70699541 0.60149174],,0.8501145839691162,0.8428702226988344,[0.87660897 0.80913148],0.8398269056397245,[0.89346302 0.78619079],0.8469151023295378,[0.860379  0.8334512],35,15,3,gaussian_random_projection,17,,"['time_encoding', 'timeline_index']","['z_score', None]",True,True,384,2,True,signature,"(12,)","(256, 256)",0.2,0.001,1,True,focal,2,True,5,Conv1d,,concatenation,64
0,,0.6708294749259949,0.6550632570369412,[0.72880835 0.58131816],0.6542150196971854,[0.78472222 0.52370782],0.6667512604292425,[0.68033257 0.65316995],,0.8549669981002808,0.849065538033732,[0.87891065 0.81922043],0.8448032357548828,[0.90919674 0.78040973],0.8563352842425543,[0.85057722 0.86209335],35,15,3,gaussian_random_projection,17,,"['time_encoding', 'timeline_index']","['z_score', None]",True,True,384,2,True,signature,"(12,)","(256, 256)",0.2,0.001,12,True,focal,2,True,5,Conv1d,,concatenation,64
0,,0.6771668195724487,0.6637676171210902,[0.73088875 0.59664648],0.6639124496373214,[0.79782904 0.52999586],0.6783919782201737,[0.67431193 0.68247203],,0.8308397531509399,0.8249934096544685,[0.85698006 0.79300676],0.8208918349434513,[0.89866157 0.7431221 ],0.8345322023256252,[0.81899368 0.85007072],35,15,3,gaussian_random_projection,17,,"['time_encoding', 'timeline_index']","['z_score', None]",True,True,384,2,True,signature,"(12,)","(256, 256)",0.2,0.001,123,True,focal,2,True,5,Conv1d,,concatenation,64
