,loss,accuracy,f1,f1_scores,precision,precision_scores,recall,recall_scores,valid_loss,valid_accuracy,valid_f1,valid_f1_scores,valid_precision,valid_precision_scores,valid_recall,valid_recall_scores,k,dimensions,sig_depth,method,input_channels,output_channels,features,standardise_method,add_time_in_path,num_features,embedding_dim,log_signature,swnu_hidden_dim,ffn_hidden_dim,dropout_rate,learning_rate,seed,BiLSTM,loss_function,gamma,k_fold,n_splits,augmentation_type,hidden_dim_aug,comb_method,batch_size
0,0.5356313183027155,0.599618673324585,0.58676616243472,[0.51388889 0.65964344],0.6296289087842222,[0.7047619  0.55449591],0.6091857923497268,[0.40437158 0.814     ],0.17344385832548143,0.7651245594024658,0.741468718634995,[0.81967213 0.66326531],0.7468141995676414,[0.80213904 0.69148936],0.7376218643882133,[0.83798883 0.6372549 ],35,15,4,gaussian_random_projection,17,,"['time_encoding', 'timeline_index']","['z_score', None]",True,2,384,True,"(10,)","(256, 256)",0.5,0.0005,1,False,focal,2,False,,Conv1d,,concatenation,64
0,0.746816915624282,0.560533881187439,0.5590913939721062,[0.5338726  0.58431019],0.5660098522167487,[0.6       0.5320197],0.5644371584699454,[0.48087432 0.648     ],0.32093841433525083,0.7153024673461914,0.707108609547634,[0.75609756 0.65811966],0.7077740492170023,[0.83221477 0.58333333],0.7238196954759557,[0.69273743 0.75490196],35,15,4,gaussian_random_projection,17,,"['time_encoding', 'timeline_index']","['z_score', None]",True,2,384,True,"(10,)","(256, 256)",0.5,0.0005,12,False,focal,2,False,,Conv1d,,concatenation,64
0,0.40984216858358946,0.586272656917572,0.5849597053568172,[0.56161616 0.60830325],0.5923309016589091,[0.63038549 0.55427632],0.5901876138433515,[0.50637523 0.674     ],0.1789422005414963,0.7829181551933289,0.7499744737955278,[0.84073107 0.65921788],0.777724726254138,[0.78921569 0.76623377],0.7389363566655713,[0.89944134 0.57843137],35,15,4,gaussian_random_projection,17,,"['time_encoding', 'timeline_index']","['z_score', None]",True,2,384,True,"(10,)","(256, 256)",0.5,0.0005,123,False,focal,2,False,,Conv1d,,concatenation,64
