,loss,accuracy,f1,f1_scores,precision,precision_scores,recall,recall_scores,valid_loss,valid_accuracy,valid_f1,valid_f1_scores,valid_precision,valid_precision_scores,valid_recall,valid_recall_scores,k,dimensions,sig_depth,method,input_channels,output_channels,features,standardise_method,include_features_in_path,include_features_in_input,embedding_dim,num_features,log_signature,pooling,swnu_hidden_dim,ffn_hidden_dim,dropout_rate,learning_rate,seed,BiLSTM,loss_function,gamma,k_fold,n_splits,augmentation_type,hidden_dim_aug,comb_method,batch_size
0,,0.6900279521942139,0.6759562175272773,[0.74348296 0.60842948],0.6749110683769715,[0.80467446 0.54514768],0.6896364061820297,[0.69094037 0.68833245],,0.7844722867012024,0.7758633351751629,[0.81979038 0.7319363 ],0.7726286222046994,[0.84936945 0.69588779],0.7820628777723588,[0.79220213 0.77192362],20,15,3,umap,17,,"['time_encoding', 'timeline_index']","['z_score', None]",True,True,384,2,True,signature,"(12,)","(512, 512)",0.2,0.0005,1,True,focal,2,True,5,Conv1d,,concatenation,64
0,,0.6920782923698425,0.6727136431784106,[0.75232384 0.59310345],0.6700161927792988,[0.7884978  0.55153459],0.6803862577165396,[0.71932339 0.64144912],,0.8246394395828247,0.8155375478610809,[0.85651263 0.77456247],0.8134723964439634,[0.86751564 0.75942915],0.8180482029750724,[0.84578523 0.79031117],20,15,3,umap,17,,"['time_encoding', 'timeline_index']","['z_score', None]",True,True,384,2,True,signature,"(12,)","(512, 512)",0.2,0.0005,12,True,focal,2,True,5,Conv1d,,concatenation,64
0,,0.7058714032173157,0.6859573238750734,[0.76503871 0.60687593],0.6829033538429244,[0.79584882 0.56995788],0.6927165305020211,[0.73652523 0.64890783],,0.7951206564903259,0.7826513662290788,[0.83471074 0.73059199],0.7829256463147269,[0.83344191 0.73240938],0.7823835192586689,[0.83598345 0.72878359],20,15,3,umap,17,,"['time_encoding', 'timeline_index']","['z_score', None]",True,True,384,2,True,signature,"(12,)","(512, 512)",0.2,0.0005,123,True,focal,2,True,5,Conv1d,,concatenation,64
