,loss,accuracy,f1,f1_scores,precision,precision_scores,recall,recall_scores,valid_loss,valid_accuracy,valid_f1,valid_f1_scores,valid_precision,valid_precision_scores,valid_recall,valid_recall_scores,k,dimensions,sig_depth,method,input_channels,output_channels,features,standardise_method,include_features_in_path,include_features_in_input,embedding_dim,num_features,log_signature,pooling,swnu_hidden_dim,ffn_hidden_dim,dropout_rate,learning_rate,seed,BiLSTM,loss_function,gamma,k_fold,n_splits,augmentation_type,hidden_dim_aug,comb_method,batch_size
0,,0.6633737087249756,0.6476598732429522,[0.72206833 0.57325142],0.6472381516671252,[0.77940199 0.51507431],0.6594178747562234,[0.67259174 0.64624401],,0.8147998452186584,0.807070157173654,[0.84568733 0.76845298],0.8035026856167482,[0.87294227 0.7340631 ],0.8131531250645057,[0.82008277 0.80622348],20,15,3,umap,17,,"['time_encoding', 'timeline_index']","['z_score', None]",True,True,384,2,True,signature,"(10,)","(32, 32)",0.1,0.0005,1,True,focal,2,True,5,Conv1d,,concatenation,64
0,,0.6654240489006042,0.641423487883704,[0.73419221 0.54865476],0.6393943703055495,[0.75926493 0.51952381],0.645984573641327,[0.71072248 0.58124667],,0.8188434839248657,0.8096435757730798,[0.85149171 0.76779544],0.8073853821302801,[0.86409509 0.75067568],0.81248249681053,[0.83925071 0.78571429],20,15,3,umap,17,,"['time_encoding', 'timeline_index']","['z_score', None]",True,True,384,2,True,signature,"(10,)","(32, 32)",0.1,0.0005,12,True,focal,2,True,5,Conv1d,,concatenation,64
0,,0.6913326978683472,0.6716034597471723,[0.75209581 0.59111111],0.6689093880582726,[0.78696742 0.55085136],0.6789516259109549,[0.72018349 0.63771977],,0.8075212240219116,0.7973126729599167,[0.84280053 0.75182482],0.7956132186484665,[0.85199199 0.73923445],0.7993283781656318,[0.83380527 0.76485149],20,15,3,umap,17,,"['time_encoding', 'timeline_index']","['z_score', None]",True,True,384,2,True,signature,"(10,)","(32, 32)",0.1,0.0005,123,True,focal,2,True,5,Conv1d,,concatenation,64
