,accuracy,f1,f1_scores,precision,precision_scores,recall,recall_scores,seed,loss,gamma,k_fold
0,0.806431770324707,0.777498247801597,[0.85248227 0.61438965 0.7585693  0.88455177],0.7793587221298974,[0.83125864 0.62397373 0.73501805 0.92718447],0.7773151609315517,[0.87481805 0.60509554 0.78367975 0.8456673 ],1,cross_entropy,,True
0,0.8023350834846497,0.7667539902805075,[0.84713376 0.57314974 0.76048122 0.88625124],0.7739736686482618,[0.82438017 0.62359551 0.72229917 0.92561983],0.7636135050516163,[0.87117904 0.53025478 0.80292533 0.85009488],12,cross_entropy,,True
0,0.7996722459793091,0.7643251887534344,[0.85148515 0.58277027 0.74458874 0.87845659],0.7693754877944211,[0.80192926 0.6205036  0.76167472 0.89339438],0.7622987051550241,[0.90756914 0.54936306 0.7282525  0.86401012],123,cross_entropy,,True
