,accuracy,f1,f1_scores,precision,precision_scores,recall,recall_scores,seed,loss,gamma,k_fold
0,0.7957804203033447,0.7688276204546299,[0.84680851 0.60735294 0.73973664 0.88141239],0.7663293639290737,[0.82572614 0.56420765 0.74434918 0.93103448],0.7746579994733194,[0.86899563 0.65764331 0.73518091 0.83681214],1,focal,2,True
0,0.7970094084739685,0.7686459860661707,[0.84770515 0.61492087 0.73198381 0.87997412],0.7669818862641522,[0.81158455 0.58369099 0.77198975 0.90066225],0.7732518012434855,[0.88719068 0.64968153 0.69591994 0.86021505],12,focal,2,True
0,0.7935272455215454,0.7612924540557167,[0.8457223  0.58339921 0.74169597 0.87435233],0.7610598752013996,[0.81596752 0.57927786 0.7531746  0.89581951],0.7624401973242622,[0.87772926 0.58757962 0.73056197 0.85388994],123,focal,2,True
