,accuracy,f1,f1_scores,precision,precision_scores,recall,recall_scores,seed,k_fold
0,0.8180486559867859,0.7989464501931313,[0.8614848  0.68237705 0.77586693 0.87605702],0.8020150570549828,[0.83932039 0.70851064 0.75191257 0.90831663],0.7975906015268617,[0.88485159 0.65810277 0.80139779 0.84601027],0,True
0,0.8192206025123596,0.8024744122943326,[0.8677792  0.69256921 0.77818593 0.87136331],0.8015627374405889,[0.87068521 0.68099331 0.7557629  0.89880952],0.8042404527843213,[0.86489253 0.70454545 0.8019802  0.84554363],1,True
0,0.8220040798187256,0.8017300024101344,[0.8670265  0.68337596 0.78066038 0.87585718],0.804838465212363,[0.832705   0.70837752 0.79044776 0.88782359],0.7999248458939504,[0.90429887 0.66007905 0.77111241 0.86420905],12,True
0,0.8190741539001465,0.7998408234157104,[0.86570925 0.67813268 0.77380612 0.88171525],0.7996398009500004,[0.85260546 0.6744868  0.76011236 0.91135458],0.8007464226050686,[0.87922211 0.68181818 0.78800233 0.85394307],123,True
0,0.8186346292495728,0.797113524195143,[0.85896493 0.67056323 0.77865613 0.88026981],0.8038851531140871,[0.82477626 0.72528736 0.75561644 0.90986056],0.7938291283029268,[0.89611054 0.62351779 0.80314502 0.85254316],1234,True
