,loss,accuracy,f1,f1_scores,precision,precision_scores,recall,recall_scores,valid_loss,valid_accuracy,valid_f1,valid_f1_scores,valid_precision,valid_precision_scores,valid_recall,valid_recall_scores,hidden_dim,dropout_rate,learning_rate,seed,loss_function,gamma,k_fold,n_splits,batch_size,input_dim
0,,0.7313092947006226,0.697848908257314,[0.75577889 0.5106383  0.66290948 0.86206897],0.6969616608680338,[0.75806452 0.48648649 0.65211365 0.89118199],0.6999217764522734,[0.75350701 0.53731343 0.67406877 0.83479789],,0.7659810185432434,0.7389720695735829,[0.78106509 0.58843931 0.70535979 0.8810241 ],0.7363204024692354,[0.77647059 0.55206074 0.70977354 0.90697674],0.7432951856745411,[0.78571429 0.6299505  0.70100059 0.85651537],"(128, 128)",0.5,0.0001,1,focal,2,True,5,64,768
0,,0.729981005191803,0.6967622744961723,[0.75326414 0.5109386  0.66077739 0.86206897],0.6957107370017253,[0.75503356 0.48460509 0.65202232 0.89118199],0.6990925445376466,[0.75150301 0.54029851 0.66977077 0.83479789],,0.767405092716217,0.7415530842934104,[0.78066704 0.59860789 0.70657623 0.88036117],0.7388490248990038,[0.77846674 0.56331878 0.70803783 0.90557276],0.7457824281360997,[0.78287982 0.63861386 0.70512066 0.85651537],"(128, 128)",0.5,0.0001,12,focal,2,True,5,64,768
0,,0.7290322780609131,0.6965669125734413,[0.75294118 0.51644507 0.65647226 0.86040915],0.695034173109553,[0.75778078 0.48616601 0.65183616 0.88435374],0.6994527632132568,[0.74816299 0.55074627 0.66117479 0.83772701],,0.7656645774841309,0.7388807425972208,[0.77834758 0.58918297 0.70859167 0.87940075],0.7360261340188512,[0.78235968 0.55053763 0.71090047 0.90030675],0.7434453092145267,[0.77437642 0.63366337 0.70629782 0.85944363],"(128, 128)",0.5,0.0001,123,focal,2,True,5,64,768
