,loss,accuracy,f1,f1_scores,precision,precision_scores,recall,recall_scores,valid_loss,valid_accuracy,valid_f1,valid_f1_scores,valid_precision,valid_precision_scores,valid_recall,valid_recall_scores,hidden_dim,dropout_rate,learning_rate,seed,loss_function,gamma,k_fold,n_splits,batch_size,input_dim
0,0.6861637492974599,0.7477777600288391,0.7118733018119094,[0.77011494 0.54       0.66932271 0.86805556],0.73200213875239,[0.80079681 0.62790698 0.57337884 0.92592593],0.7090507106872364,[0.74169742 0.47368421 0.80382775 0.81699346],0.7468441128730774,0.7248554825782776,0.6925396782457554,[0.74394464 0.49261084 0.67206478 0.86153846],0.6966951261694049,[0.75971731 0.4950495  0.62878788 0.90322581],0.6910695449882237,[0.72881356 0.49019608 0.72173913 0.82352941],"(512, 512)",0.1,0.0001,1,focal,2,False,,64,768
0,0.7012449026107788,0.7522222399711609,0.7151841058804431,[0.78113208 0.54285714 0.67234043 0.86440678],0.7240572769614477,[0.7992278  0.59375    0.60536398 0.89788732],0.713287958238434,[0.76383764 0.5        0.75598086 0.83333333],0.7632993246827807,0.7156069278717041,0.6848558419842182,[0.73244147 0.50731707 0.64923747 0.85042735],0.6858747648245427,[0.72277228 0.50485437 0.65065502 0.86521739],0.6840343359156486,[0.74237288 0.50980392 0.64782609 0.83613445],"(512, 512)",0.1,0.0001,12,focal,2,False,,64,768
0,0.7017961899439494,0.746666669845581,0.7003406762430329,[0.78507993 0.48309179 0.67260579 0.8605852 ],0.7081853248570549,[0.75684932 0.53763441 0.62916667 0.90909091],0.6983940371348549,[0.81549815 0.43859649 0.72248804 0.81699346],0.793199611561639,0.7248554825782776,0.6941190802556299,[0.74842767 0.52475248 0.64236902 0.86092715],0.7023912766469129,[0.69794721 0.53       0.67464115 0.90697674],0.6896896783768777,[0.80677966 0.51960784 0.61304348 0.81932773],"(512, 512)",0.1,0.0001,123,focal,2,False,,64,768
