,loss,accuracy,f1,f1_scores,precision,precision_scores,recall,recall_scores,valid_loss,valid_accuracy,valid_f1,valid_f1_scores,valid_precision,valid_precision_scores,valid_recall,valid_recall_scores,hidden_dim,dropout_rate,learning_rate,seed,loss_function,gamma,k_fold,n_splits,batch_size
0,,0.7320683002471924,0.6993666621754215,[0.75845896 0.51457001 0.6615492  0.86288848],0.6989696819332627,[0.76075269 0.49118046 0.64489796 0.89904762],0.7012715275096754,[0.75617902 0.54029851 0.67908309 0.82952548],,0.7555379867553711,0.7274255486436808,[0.76817401 0.56207675 0.70052539 0.87892604],0.7252013414214661,[0.77572254 0.51659751 0.69484655 0.91363876],0.7325399863414261,[0.76077098 0.61633663 0.70629782 0.84675451],"(256, 256)",0.5,0.0005,1,focal,2,True,5,64
0,,0.7354838848114014,0.7018106722568144,[0.75978408 0.51612903 0.67027759 0.86105199],0.7042265237438478,[0.76755283 0.5188537  0.63543004 0.89506953],0.7010745955625584,[0.75217101 0.51343284 0.70916905 0.82952548],,0.7591772079467773,0.7299559475621916,[0.77064748 0.56425583 0.70378745 0.88113303],0.729920522182488,[0.78258328 0.54566474 0.67699837 0.9144357 ],0.7315458790601458,[0.75907029 0.58415842 0.73278399 0.85017082],"(256, 256)",0.5,0.0005,12,focal,2,True,5,64
0,,0.7316887974739075,0.699606317375326,[0.75959596 0.51310345 0.66221441 0.86351145],0.6986491062326203,[0.76578411 0.47692308 0.65010352 0.90178571],0.7029674580131968,[0.75350701 0.55522388 0.6747851  0.82835384],,0.7549050450325012,0.7264913193040621,[0.77019697 0.55837563 0.69877408 0.87861859],0.7244061167185306,[0.77573318 0.51295337 0.69310944 0.91582848],0.7315523421880779,[0.76473923 0.61262376 0.70453208 0.8443143 ],"(256, 256)",0.5,0.0005,123,focal,2,True,5,64
