,loss,accuracy,f1,f1_scores,precision,precision_scores,recall,recall_scores,valid_loss,valid_accuracy,valid_f1,valid_f1_scores,valid_precision,valid_precision_scores,valid_recall,valid_recall_scores,hidden_dim,dropout_rate,learning_rate,seed,loss_function,gamma,k_fold,n_splits,batch_size,input_dim,dimension,sig_depth,method,log_signature
0,,0.5620493292808533,0.5262955316430072,[0.53898858 0.33087149 0.48361504 0.75170701],0.530002890166217,[0.52678571 0.32748538 0.46640053 0.79933993],0.5244198285088669,[0.55177021 0.33432836 0.502149   0.70943175],,0.6840189695358276,0.657085076959572,[0.63511282 0.526573   0.62585847 0.84079602],0.6574000220120853,[0.6171123  0.5199035  0.63515152 0.85743278],0.6573092165248684,[0.65419501 0.53341584 0.61683343 0.82479258],"(256, 256)",0.1,0.0001,1,focal,2,True,5,64,790,28,2,umap,True
0,,0.5673624277114868,0.5355841679914219,[0.54127549 0.36679842 0.49916136 0.7351014 ],0.5427060169746734,[0.52512563 0.38991597 0.46940063 0.78638184],0.5319424424598692,[0.55845023 0.34626866 0.53295129 0.69009959],,0.6841772198677063,0.6565681266092547,[0.63357913 0.5157832  0.63506833 0.84184184],0.6556369544565159,[0.63393871 0.49712974 0.62758621 0.86389317],0.6581825750421056,[0.63321995 0.53589109 0.64273102 0.82088824],"(256, 256)",0.1,0.0001,12,focal,2,True,5,64,790,28,2,umap,True
0,,0.570588231086731,0.5409504451764764,[0.5443669  0.3757485  0.50832778 0.7353586 ],0.5459193300362708,[0.54166667 0.37687688 0.4750934  0.79004038],0.539009739057762,[0.54709419 0.37462687 0.5465616  0.6877563 ],,0.6833860874176025,0.6597742006038905,[0.64156206 0.5379783  0.61287452 0.84668192],0.6581429619566574,[0.63152114 0.49946978 0.61782297 0.88375796],0.663861111606447,[0.65192744 0.58292079 0.60800471 0.81259151],"(256, 256)",0.1,0.0001,123,focal,2,True,5,64,790,28,2,umap,True
