,loss,accuracy,f1,f1_scores,precision,precision_scores,recall,recall_scores,valid_loss,valid_accuracy,valid_f1,valid_f1_scores,valid_precision,valid_precision_scores,valid_recall,valid_recall_scores,hidden_dim,dropout_rate,learning_rate,seed,loss_function,gamma,k_fold,n_splits,batch_size,input_dim,dimension,sig_depth,method,log_signature
0,,0.6705882549285889,0.6314636899623384,[0.7027027  0.43145743 0.58207304 0.80962159],0.6304918642777073,[0.69355888 0.41759777 0.6        0.81081081],0.6329954009676833,[0.71209085 0.44626866 0.56518625 0.80843585],,0.7596518993377686,0.7331256554198162,[0.75872009 0.58871915 0.70745144 0.87761194],0.7310925544969413,[0.77184751 0.56040268 0.69714286 0.89497717],0.7362646158710746,[0.74603175 0.6200495  0.71806945 0.86090776],"(256, 256)",0.5,0.0001,1,focal,2,True,5,64,790,28,2,gaussian_random_projection,True
0,,0.6692599654197693,0.6294934424083155,[0.71181939 0.41980474 0.57482362 0.81152602],0.6282428700298449,[0.70759076 0.39397906 0.59676176 0.81463991],0.6320574272140775,[0.71609886 0.44925373 0.55444126 0.80843585],,0.7579113841056824,0.7319691427624697,[0.7614705  0.58932715 0.7002637  0.87681522],0.7294144503369958,[0.76561605 0.55458515 0.69719953 0.90025707],0.7360001505042544,[0.75736961 0.62871287 0.70335491 0.8545632 ],"(256, 256)",0.5,0.0001,12,focal,2,True,5,64,790,28,2,gaussian_random_projection,True
0,,0.6696394681930542,0.630070903812625,[0.70568999 0.43595506 0.57279061 0.80584795],0.630007769981785,[0.69122357 0.43759398 0.58677686 0.80443666],0.6304557587276907,[0.72077488 0.43432836 0.55945559 0.80726421],,0.7609177231788635,0.735073195294222,[0.76217602 0.59609698 0.70399533 0.87802444],0.7330782112774831,[0.76588437 0.57078143 0.69768786 0.89795918],0.7379098146420209,[0.7585034  0.62376238 0.71041789 0.85895559],"(256, 256)",0.5,0.0001,123,focal,2,True,5,64,790,28,2,gaussian_random_projection,True
