,loss,accuracy,f1,f1_scores,precision,precision_scores,recall,recall_scores,valid_loss,valid_accuracy,valid_f1,valid_f1_scores,valid_precision,valid_precision_scores,valid_recall,valid_recall_scores,hidden_dim,dropout_rate,learning_rate,seed,loss_function,gamma,k_fold,n_splits,batch_size
0,0.7573406418164571,0.7677778005599976,0.7315622793636258,[0.80514706 0.57       0.68669528 0.86440678],0.7463609793002742,[0.8021978  0.6627907  0.62256809 0.89788732],0.7267504134371487,[0.80811808 0.5        0.76555024 0.83333333],0.7580579008374896,0.7317919135093689,0.701927088609315,[0.75210793 0.52173913 0.6779661  0.8558952 ],0.7036684944098001,[0.74832215 0.51428571 0.66115702 0.89090909],0.7011313884433655,[0.7559322  0.52941176 0.69565217 0.82352941],"(128, 128)",0.5,0.0001,1,focal,2,False,,64
0,0.7096179366111756,0.7644444704055786,0.7282213074741264,[0.79927007 0.56716418 0.6825054  0.86394558],0.742135649039325,[0.79061372 0.65517241 0.62204724 0.90070922],0.7235410754754888,[0.80811808 0.5        0.75598086 0.83006536],0.7517555739198413,0.7283236980438232,0.6998345198195577,[0.75       0.52631579 0.66525424 0.85776805],0.7013077346479542,[0.74747475 0.51401869 0.64876033 0.89497717],0.6994740416431864,[0.75254237 0.53921569 0.6826087  0.82352941],"(128, 128)",0.5,0.0001,12,focal,2,False,,64
0,0.7371507406234741,0.7666666507720947,0.7288604410014503,[0.79924953 0.56216216 0.68431772 0.86971235],0.7607176330624501,[0.8129771  0.73239437 0.59574468 0.90175439],0.7214538107244287,[0.78597786 0.45614035 0.80382775 0.83986928],0.7907413201672691,0.7260115742683411,0.6966760545236323,[0.74125874 0.51485149 0.6746988  0.8558952 ],0.7007794307099227,[0.76534296 0.52       0.62686567 0.89090909],0.6956030459346598,[0.71864407 0.50980392 0.73043478 0.82352941],"(128, 128)",0.5,0.0001,123,focal,2,False,,64
