,loss,accuracy,f1,f1_scores,precision,precision_scores,recall,recall_scores,valid_loss,valid_accuracy,valid_f1,valid_f1_scores,valid_precision,valid_precision_scores,valid_recall,valid_recall_scores,num_layers,bidirectional,hidden_dim,dropout_rate,learning_rate,seed,loss_function,gamma,k_fold,n_splits,batch_size
0,,0.696394681930542,0.6574264659551475,[0.71375212 0.44778362 0.62593857 0.84223155],0.6593455742039278,[0.72582873 0.45083207 0.59778357 0.86293792],0.6565548312110132,[0.70207081 0.44477612 0.65687679 0.82249561],,0.7330695986747742,0.7036089185524746,[0.73105842 0.5418139  0.67527993 0.86628343],0.7025042656816669,[0.74616293 0.51685393 0.65919283 0.88780738],0.7059526282450127,[0.71655329 0.56930693 0.69217187 0.84577843],1,True,384,0.1,0.001,1,focal,2,True,5,64
0,,0.7026565670967102,0.662971715411312,[0.72195785 0.45351474 0.62886598 0.84754829],0.6646994641912283,[0.7349481  0.45941807 0.60435931 0.86007238],0.662001967974509,[0.70941884 0.44776119 0.65544413 0.83538371],,0.7392405271530151,0.7104889360728853,[0.74106113 0.55261611 0.68265896 0.86561955],0.708969217119749,[0.75410798 0.52631579 0.67064168 0.88481142],0.7131246372361537,[0.72845805 0.58168317 0.69511477 0.84724256],1,True,384,0.1,0.001,12,focal,2,True,5,64
0,,0.6960151791572571,0.6580614110894443,[0.7044837  0.45349731 0.626498   0.84776664],0.6625119644089056,[0.71665515 0.46751189 0.585199   0.88068182],0.656077311210026,[0.69271877 0.44029851 0.67406877 0.8172232 ],,0.7351265549659729,0.7031702857626448,[0.73440183 0.52389595 0.68965517 0.86472819],0.7036538495229556,[0.7416185  0.51242604 0.66340402 0.89716684],0.7039595613673574,[0.72732426 0.53589109 0.71806945 0.83455344],1,True,384,0.1,0.001,123,focal,2,True,5,64
