,loss,accuracy,f1,f1_scores,precision,precision_scores,recall,recall_scores,valid_loss,valid_accuracy,valid_f1,valid_f1_scores,valid_precision,valid_precision_scores,valid_recall,valid_recall_scores,k,dimensions,sig_depth,method,input_channels,output_channels,features,standardise_method,add_time_in_path,num_features,embedding_dim,log_signature,num_heads,num_layers,ffn_hidden_dim,dropout_rate,learning_rate,seed,loss_function,gamma,k_fold,n_splits,augmentation_type,hidden_dim_aug,comb_method,batch_size
0,,0.7374026775360107,0.7054296467720264,[0.74609821 0.52811736 0.67810858 0.86939444],0.7115205432889905,[0.78212291 0.5409015  0.62210797 0.9009498 ],0.703583217536373,[0.713246   0.51592357 0.74518861 0.8399747 ],,0.736229658126831,0.704894397266956,[0.74603632 0.52926526 0.67190364 0.87237237],0.7120552442684407,[0.78710462 0.54071247 0.61211832 0.90828557],0.702789094161888,[0.7090411  0.51829268 0.74463146 0.83919114],20,15,4,umap,16,8,['timeline_index'],[None],True,1,384,True,6,1,"(256, 256)",0.1,0.0005,1,focal,2,True,5,Conv1d,,concatenation,64
0,,0.736173689365387,0.7019902264058115,[0.75359195 0.52181208 0.66813348 0.86442339],0.7068160429784335,[0.74397163 0.55141844 0.63795518 0.89391892],0.6992020277120513,[0.76346434 0.49522293 0.7013087  0.83681214],,0.7371605634689331,0.7013592856109839,[0.76054054 0.51245085 0.66357688 0.86886887],0.7086422839211354,[0.7504     0.55382436 0.62570694 0.90463783],0.6974838108000855,[0.7709589  0.47682927 0.70632618 0.8358209 ],20,15,4,umap,16,8,['timeline_index'],[None],True,1,384,True,6,1,"(256, 256)",0.1,0.0005,12,focal,2,True,5,Conv1d,,concatenation,64
0,,0.7392461895942688,0.7047953844100131,[0.75900665 0.52793522 0.66744457 0.8647951 ],0.706244006447285,[0.73063973 0.53706755 0.6745283  0.88274045],0.7042116017107031,[0.78966521 0.51910828 0.66050808 0.84756483],,0.7408844232559204,0.7058234160453443,[0.7657563  0.5259213  0.6573913  0.87422476],0.7081680333161477,[0.73524962 0.5390525  0.65662999 0.90174002],0.7047030190091689,[0.79890411 0.51341463 0.65815438 0.84833895],20,15,4,umap,16,8,['timeline_index'],[None],True,1,384,True,6,1,"(256, 256)",0.1,0.0005,123,focal,2,True,5,Conv1d,,concatenation,64
