,loss,accuracy,f1,f1_scores,precision,precision_scores,recall,recall_scores,valid_loss,valid_accuracy,valid_f1,valid_f1_scores,valid_precision,valid_precision_scores,valid_recall,valid_recall_scores,k,dimensions,sig_depth,method,input_channels,output_channels,features,standardise_method,add_time_in_path,num_features,embedding_dim,log_signature,num_heads,num_layers,ffn_hidden_dim,dropout_rate,learning_rate,seed,loss_function,gamma,k_fold,n_splits,augmentation_type,hidden_dim_aug,comb_method,batch_size
0,,0.7183531522750854,0.6897004598585149,[0.73046729 0.52335063 0.64671101 0.85827291],0.6896315523520513,[0.7509608  0.48959778 0.62189055 0.89607708],0.6925722466752913,[0.71106259 0.56210191 0.67359507 0.82352941],,0.7219550013542175,0.6935207770719054,[0.73350183 0.52995392 0.64384318 0.86678419],0.6942884621986631,[0.75230415 0.50218341 0.61400737 0.90865892],0.6954794071185894,[0.71561644 0.56097561 0.67672664 0.82859894],20,15,4,gaussian_random_projection,15,8,['timeline_index'],[None],False,1,384,True,6,1,"(512, 512)",0.1,0.001,1,focal,2,True,5,Conv1d,,concatenation,64
0,,0.7095452547073364,0.6789529128666345,[0.7385068  0.49791377 0.62168487 0.85770621],0.6777740237294478,[0.7464684  0.44197531 0.63003953 0.89261286],0.6849381922482194,[0.73071325 0.57006369 0.61354888 0.82542694],,0.7177656888961792,0.6872222168476568,[0.74225664 0.50873362 0.63136574 0.86653287],0.68599566101444,[0.74930207 0.46047431 0.62954414 0.90466213],0.6920801954945504,[0.73534247 0.56829268 0.63319791 0.83148772],20,15,4,gaussian_random_projection,15,8,['timeline_index'],[None],False,1,384,True,6,1,"(512, 512)",0.1,0.001,12,focal,2,True,5,Conv1d,,concatenation,64
0,,0.7240884900093079,0.6917607739972582,[0.73432836 0.50847458 0.66149506 0.8627451 ],0.6970593170614303,[0.75344564 0.51554828 0.61027977 0.90896359],0.6902107119539431,[0.71615721 0.50159236 0.72209392 0.82099937],,0.7326609492301941,0.700418901736528,[0.75111607 0.51806491 0.65948276 0.87301187],0.7046538900980908,[0.7652075  0.5202952  0.61538462 0.91772824],0.6990568529333101,[0.73753425 0.51585366 0.71038886 0.83245065],20,15,4,gaussian_random_projection,15,8,['timeline_index'],[None],False,1,384,True,6,1,"(512, 512)",0.1,0.001,123,focal,2,True,5,Conv1d,,concatenation,64
