,loss,accuracy,f1,f1_scores,precision,precision_scores,recall,recall_scores,valid_loss,valid_accuracy,valid_f1,valid_f1_scores,valid_precision,valid_precision_scores,valid_recall,valid_recall_scores,hidden_dim,dropout_rate,learning_rate,seed,loss_function,gamma,k_fold,n_splits,batch_size,input_dim,dimension,sig_depth,method,log_signature
0,,0.7027509212493896,0.6337326947032433,[0.78932481 0.60661012 0.50526316],0.6216468538997245,[0.81987736 0.59223301 0.45283019],0.6513662405892895,[0.76096751 0.62170264 0.57142857],,0.7055180072784424,0.6319405919182622,[0.79154695 0.61870187 0.48557296],0.6199407630429503,[0.82194418 0.6044712  0.43340692],0.6496505276802732,[0.76331784 0.63361875 0.552015  ],"(256, 256)",0.2,0.0001,0,focal,2,True,5,64,790,28,2,umap,True
0,,0.7031970024108887,0.6257131870085387,[0.79213688 0.60625548 0.4787472 ],0.6180557747783678,[0.8111332  0.59155733 0.45147679],0.6350788023668263,[0.77400996 0.62170264 0.50952381],,0.7095720767974854,0.632453794129089,[0.79644069 0.61240479 0.4885159 ],0.6240454263460125,[0.81797626 0.59217172 0.4619883 ],0.6427849834169294,[0.77601001 0.6340694  0.51827554],"(256, 256)",0.2,0.0001,1,focal,2,True,5,64,790,28,2,umap,True
0,,0.7063196897506714,0.630052090037904,[0.7946924  0.59721416 0.49824971],0.6253463320037406,[0.80874049 0.57874016 0.48855835],0.6354546099899782,[0.78112402 0.61690647 0.50833333],,0.7131756544113159,0.6321782183095744,[0.80141522 0.60690861 0.48821082],0.6282432590743322,[0.81359366 0.58938429 0.48175182],0.6366494472209558,[0.789596   0.62550699 0.49484536],"(256, 256)",0.2,0.0001,12,focal,2,True,5,64,790,28,2,umap,True
0,,0.7118215560913086,0.6305032558394547,[0.80117509 0.58713886 0.50319582],0.6316182236359296,[0.79408339 0.60928433 0.49148695],0.6301391821263,[0.80839459 0.56654676 0.51547619],,0.7166666388511658,0.6301469683185524,[0.80503591 0.60422961 0.48117539],0.6313467788774431,[0.79859279 0.62380038 0.47164716],0.6295099513035228,[0.81158384 0.58584948 0.49109653],"(256, 256)",0.2,0.0001,123,focal,2,True,5,64,790,28,2,umap,True
0,,0.7082527875900269,0.6309531690852365,[0.79720448 0.60686334 0.48879169],0.6239301448374448,[0.81038707 0.60943168 0.45197169],0.640301107127442,[0.78444392 0.60431655 0.53214286],,0.7083333134651184,0.6292440409010092,[0.79701166 0.60805037 0.48267009],0.6212085934692676,[0.81270903 0.60682226 0.44409449],0.639925822226416,[0.78190919 0.60928346 0.52858482],"(256, 256)",0.2,0.0001,1234,focal,2,True,5,64,790,28,2,umap,True
