,loss,accuracy,f1,f1_scores,precision,precision_scores,recall,recall_scores,valid_loss,valid_accuracy,valid_f1,valid_f1_scores,valid_precision,valid_precision_scores,valid_recall,valid_recall_scores,hidden_dim,dropout_rate,learning_rate,seed,loss_function,gamma,k_fold,n_splits,batch_size,input_dim,dimension,sig_depth,method,log_signature
0,,0.6097701191902161,0.4755579958401725,[0.74175501 0.39578454 0.28913444],0.4746716311795683,[0.75554889 0.37555556 0.29291045],0.47740904396975264,[0.72845575 0.41831683 0.28545455],,0.7312138676643372,0.6534825629601527,[0.82168517 0.62331134 0.51545117],0.6408052635813922,[0.85322843 0.60012099 0.46906637],0.6709245014878379,[0.79239103 0.64836601 0.57201646],"(512, 512)",0.5,0.0001,1,focal,2,True,5,64,790,28,2,gaussian_random_projection,True
0,,0.6120689511299133,0.4768019502858582,[0.74186488 0.39409653 0.29444444],0.47673844684153965,[0.74874816 0.38146718 0.3       ],0.4772628888105699,[0.735107   0.40759076 0.28909091],,0.7361913919448853,0.6548982872407468,[0.8262668  0.62835249 0.51007557],0.6447103889429648,[0.84842049 0.61423221 0.47147846],0.6679778084073136,[0.80524061 0.64313725 0.55555556],"(512, 512)",0.5,0.0001,12,focal,2,True,5,64,790,28,2,gaussian_random_projection,True
0,,0.5996168851852417,0.47282196383624253,[0.73175775 0.37374517 0.31296296],0.47266268998221417,[0.74788647 0.35123367 0.31886792],0.47430755568327215,[0.71631001 0.39933993 0.30727273],,0.7368336319923401,0.65770661365536,[0.82577628 0.63194444 0.51539912],0.646405657771331,[0.85246781 0.61111111 0.47563805],0.6724560331677253,[0.80070547 0.65424837 0.56241427],"(512, 512)",0.5,0.0001,123,focal,2,True,5,64,790,28,2,gaussian_random_projection,True
