,loss,accuracy,f1,f1_scores,precision,precision_scores,recall,recall_scores,valid_loss,valid_accuracy,valid_f1,valid_f1_scores,valid_precision,valid_precision_scores,valid_recall,valid_recall_scores,hidden_dim,dropout_rate,learning_rate,seed,loss_function,gamma,k_fold,n_splits,batch_size
0,,0.6369732022285461,0.5111039270715064,[0.76457565 0.43752594 0.33121019],0.5052369821256525,[0.78082605 0.44026734 0.29461756],0.5206627180936717,[0.74898785 0.43481848 0.37818182],,0.6653821468353271,0.5498005399054628,[0.78903007 0.48448043 0.37589112],0.5483008016091846,[0.7879397  0.50069735 0.35626536],0.5524032383872616,[0.79012346 0.46928105 0.39780521],"(256, 256)",0.1,0.0001,1,focal,2,True,5,64
0,,0.636781632900238,0.5105449955442705,[0.7648449  0.43719008 0.3296    ],0.5046341733737357,[0.7817029  0.43791391 0.29428571],0.519904257053814,[0.74869867 0.43646865 0.37454545],,0.6644187569618225,0.5500201309669699,[0.78839849 0.48411089 0.37755102],0.5477987205187961,[0.78919465 0.50140056 0.35280095],0.5538711506550494,[0.78760393 0.46797386 0.40603567],"(256, 256)",0.1,0.0001,12,focal,2,True,5,64
0,,0.6394636034965515,0.5138857859427953,[0.76558824 0.43705858 0.33901054],0.5083484058229725,[0.77887493 0.44016736 0.30600293],0.5222468840290623,[0.75274725 0.4339934  0.38      ],,0.665542721748352,0.5515679446892008,[0.78828999 0.48278213 0.38363171],0.5500433018032623,[0.78621554 0.50463293 0.35928144],0.5548810470690334,[0.79037541 0.4627451  0.41152263],"(256, 256)",0.1,0.0001,123,focal,2,True,5,64
