,loss,accuracy,f1,f1_scores,precision,precision_scores,recall,recall_scores,valid_loss,valid_accuracy,valid_f1,valid_f1_scores,valid_precision,valid_precision_scores,valid_recall,valid_recall_scores,hidden_dim,dropout_rate,learning_rate,seed,loss_function,gamma,k_fold,n_splits,batch_size,input_dim
0,,0.624904215335846,0.512535008835139,[0.74736842 0.44399515 0.34624146],0.5037131956200444,[0.77850877 0.43536875 0.29726206],0.5287130777855114,[0.71862348 0.4529703  0.41454545],,0.6910725831985474,0.6007244792786431,[0.79968984 0.54029364 0.46218996],0.5912469988985676,[0.8209074  0.53941368 0.41341991],0.6149078012549327,[0.77954145 0.54117647 0.52400549],"(512, 512)",0.5,0.0001,1,focal,2,True,5,64,768
0,,0.6318007707595825,0.5206826773134138,[0.75286663 0.45522682 0.35395458],0.5113542761936578,[0.78706625 0.43613001 0.31086657],0.5361656749827672,[0.72151533 0.47607261 0.41090909],,0.6872190237045288,0.5960793553079279,[0.79538681 0.54219949 0.45065177],0.5870215559751153,[0.81883671 0.53066333 0.41156463],0.6084777944099451,[0.77324263 0.55424837 0.49794239],"(512, 512)",0.5,0.0001,12,focal,2,True,5,64,768
0,,0.6342911720275879,0.5177463169117528,[0.75585384 0.4524484  0.34493671],0.5099126648706355,[0.78041269 0.44400318 0.30532213],0.530126093581018,[0.73279352 0.46122112 0.39636364],,0.692035973072052,0.5960713317199843,[0.80102171 0.53798093 0.44921136],0.5898253327438265,[0.81222481 0.54136334 0.41588785],0.604368057236612,[0.79012346 0.53464052 0.48834019],"(512, 512)",0.5,0.0001,123,focal,2,True,5,64,768
