,loss,accuracy,f1,f1_scores,precision,precision_scores,recall,recall_scores,valid_loss,valid_accuracy,valid_f1,valid_f1_scores,valid_precision,valid_precision_scores,valid_recall,valid_recall_scores,num_layers,bidirectional,hidden_dim,dropout_rate,learning_rate,seed,loss_function,gamma,k_fold,n_splits,batch_size
0,,0.6339080333709717,0.5214520403166786,[0.75660349 0.43680982 0.37094281],0.512451431921387,[0.78168363 0.43309002 0.32258065],0.5366801341788314,[0.73308271 0.44059406 0.43636364],,0.689306378364563,0.5947691704046266,[0.79763283 0.54404145 0.44263323],0.5872352193185374,[0.81493165 0.53915276 0.40762125],0.6047659118517091,[0.78105316 0.54901961 0.48422497],1,True,300,0.2,0.0005,1,focal,2,True,5,64
0,,0.6377394795417786,0.523213896710387,[0.76083086 0.43543669 0.37337414],0.5149024967258979,[0.78123096 0.44115157 0.32232497],0.5383244692311915,[0.74146906 0.42986799 0.44363636],,0.6904303431510925,0.5954349812138324,[0.80005147 0.54491609 0.44133739],0.5875028177418252,[0.81751249 0.54870775 0.39628821],0.607479864373733,[0.78332074 0.54117647 0.49794239],1,True,300,0.2,0.0005,12,focal,2,True,5,64
0,,0.6229885220527649,0.5180454634084192,[0.74299709 0.45444148 0.35669782],0.507884285903382,[0.78926829 0.42239546 0.3119891 ],0.5366545306930924,[0.70185078 0.49174917 0.41636364],,0.6746949553489685,0.5857771304579767,[0.78266614 0.5488745  0.42579075],0.574949257632356,[0.82277778 0.51955633 0.38251366],0.6026975948129595,[0.7462837  0.58169935 0.48010974],1,True,300,0.2,0.0005,123,focal,2,True,5,64
