,loss,accuracy,f1,f1_scores,precision,precision_scores,recall,recall_scores,valid_loss,valid_accuracy,valid_f1,valid_f1_scores,valid_precision,valid_precision_scores,valid_recall,valid_recall_scores,num_layers,bidirectional,hidden_dim,dropout_rate,learning_rate,seed,loss_function,gamma,k_fold,n_splits,batch_size
0,,0.6450191736221313,0.5161166331506098,[0.76661786 0.45491143 0.3268206 ],0.5133402219785085,[0.77639383 0.44418239 0.31944444],0.5192673639833619,[0.75708502 0.46617162 0.33454545],,0.7079319357872009,0.6084671445948083,[0.8083615  0.56591212 0.45112782],0.6098290851086817,[0.80323383 0.57666214 0.44959128],0.6072618347750622,[0.81355505 0.55555556 0.4526749 ],1,True,384,0.1,0.0005,1,focal,2,True,5,64
0,,0.625095784664154,0.5044797708395263,[0.75320417 0.43630166 0.32393348],0.4990230517379397,[0.77706027 0.45110132 0.26890756],0.5201614007554601,[0.73076923 0.42244224 0.40727273],,0.7015092968940735,0.6125090778644692,[0.80406013 0.5697832  0.4636839 ],0.6046789360397385,[0.82039853 0.59142053 0.40221774],0.6284526979516086,[0.78835979 0.5496732  0.5473251 ],1,True,384,0.1,0.0005,12,focal,2,True,5,64
0,,0.6252873539924622,0.5079507542471199,[0.75212148 0.42680324 0.34492754],0.5013060062157298,[0.77508438 0.44208665 0.28674699],0.5252495243740684,[0.73048005 0.41254125 0.43272727],,0.7018304467201233,0.6119158379254895,[0.80534155 0.56842105 0.46198491],0.604359740051812,[0.82115737 0.59151943 0.40040241],0.6277118803625702,[0.79012346 0.54705882 0.54595336],1,True,384,0.1,0.0005,123,focal,2,True,5,64
