,loss,accuracy,f1,f1_scores,precision,precision_scores,recall,recall_scores,valid_loss,valid_accuracy,valid_f1,valid_f1_scores,valid_precision,valid_precision_scores,valid_recall,valid_recall_scores,num_layers,bidirectional,hidden_dim,dropout_rate,learning_rate,seed,loss_function,gamma,k_fold,n_splits,batch_size
0,,0.6482758522033691,0.523103184181208,[0.77250554 0.46400658 0.33279743],0.5170291131191301,[0.79014212 0.46267432 0.29827089],0.532449756253821,[0.7556391  0.46534653 0.37636364],,0.7249518036842346,0.6342675869051608,[0.820435   0.6        0.48236776],0.6301351958425,[0.82355928 0.62097902 0.44586729],0.6410345756958477,[0.81733434 0.58039216 0.52537723],1,True,300,0.1,0.0005,1,focal,2,True,5,64
0,,0.6440613269805908,0.5227209981267126,[0.76488184 0.47530144 0.32797971],0.5160679115144603,[0.79213135 0.44959529 0.30647709],0.5320991503430273,[0.73944477 0.50412541 0.35272727],,0.7199743390083313,0.6315110113296908,[0.81784098 0.60448718 0.47220487],0.6221503882334584,[0.83988317 0.59308176 0.43348624],0.6439281885593743,[0.79692618 0.61633987 0.51851852],1,True,300,0.1,0.0005,12,focal,2,True,5,64
0,,0.6371647715568542,0.5125801877145963,[0.76105137 0.4625     0.31418919],0.5064833436693829,[0.7869055  0.43916914 0.29337539],0.5211575894431548,[0.73684211 0.48844884 0.33818182],,0.7190108895301819,0.6298813024508818,[0.81550905 0.60168394 0.47245092],0.6221714735131564,[0.83141361 0.59627728 0.43882353],0.6396836375153628,[0.80020156 0.60718954 0.51165981],1,True,300,0.1,0.0005,123,focal,2,True,5,64
