,loss,accuracy,f1,f1_scores,precision,precision_scores,recall,recall_scores,valid_loss,valid_accuracy,valid_f1,valid_f1_scores,valid_precision,valid_precision_scores,valid_recall,valid_recall_scores,k,shift,window_size,n,dimensions,sig_depth,method,input_channels,output_channels,features,standardise_method,include_features_in_path,include_features_in_input,embedding_dim,num_features,log_signature,pooling,swnu_hidden_dim,lstm_hidden_dim,ffn_hidden_dim,dropout_rate,learning_rate,seed,BiLSTM,loss_function,gamma,k_fold,n_splits,augmentation_type,hidden_dim_aug,comb_method,batch_size
0,,0.625095784664154,0.5039655715605728,[0.75266272 0.41935484 0.33987915],0.4976526708352382,[0.77044216 0.43181818 0.29069767],0.5174556784770438,[0.73568537 0.40759076 0.40909091],,0.6626525521278381,0.5673438948208208,[0.77922416 0.50945858 0.41334895],0.5583740920836772,[0.80608672 0.50846354 0.36057201],0.5829255707770077,[0.75409423 0.51045752 0.48422497],35,3,5,11,15,3,gaussian_random_projection,17,,"['time_encoding', 'timeline_index']","['z_score', None]",True,True,384,2,True,signature,"(12,)",384,"(256, 256)",0.2,0.0005,1,True,focal,2,True,5,Conv1d,,concatenation,64
0,,0.6289272308349609,0.505696914921615,[0.75620138 0.41040705 0.35048232],0.49984069309436685,[0.76780924 0.4175918  0.31412104],0.5149227513844502,[0.74493927 0.40346535 0.39636364],,0.6729286909103394,0.570971123145325,[0.78857728 0.51564043 0.40869565],0.5649458351384002,[0.80182292 0.51957532 0.37343927],0.5796100058679164,[0.77576216 0.51176471 0.45130316],35,3,5,11,15,3,gaussian_random_projection,17,,"['time_encoding', 'timeline_index']","['z_score', None]",True,True,384,2,True,signature,"(12,)",384,"(256, 256)",0.2,0.0005,12,True,focal,2,True,5,Conv1d,,concatenation,64
0,,0.6471264362335205,0.5278463710403086,[0.77040741 0.44776119 0.36537051],0.5228647048517777,[0.78389704 0.47842402 0.30627306],0.5436311855592731,[0.7573742  0.42079208 0.45272727],,0.6780667901039124,0.5765261844995415,[0.7913231  0.51923077 0.41902468],0.5724356090644694,[0.79688298 0.54703329 0.37339056],0.5857747214111982,[0.78584026 0.49411765 0.47736626],35,3,5,11,15,3,gaussian_random_projection,17,,"['time_encoding', 'timeline_index']","['z_score', None]",True,True,384,2,True,signature,"(12,)",384,"(256, 256)",0.2,0.0005,123,True,focal,2,True,5,Conv1d,,concatenation,64
