,loss,accuracy,f1,f1_scores,precision,precision_scores,recall,recall_scores,valid_loss,valid_accuracy,valid_f1,valid_f1_scores,valid_precision,valid_precision_scores,valid_recall,valid_recall_scores,k,shift,window_size,n,dimensions,sig_depth,method,input_channels,output_channels,features,standardise_method,include_features_in_path,include_features_in_input,embedding_dim,num_features,log_signature,pooling,swnu_hidden_dim,lstm_hidden_dim,ffn_hidden_dim,dropout_rate,learning_rate,seed,BiLSTM,loss_function,gamma,k_fold,n_splits,augmentation_type,hidden_dim_aug,comb_method,batch_size
0,,0.6415708661079407,0.5279410696636643,[0.76456311 0.47018084 0.34907926],0.5188258164153198,[0.80408424 0.44051911 0.31187411],0.5430779960587152,[0.72874494 0.50412541 0.39636364],,0.6555876731872559,0.5538946940967086,[0.77575288 0.49119436 0.39473684],0.547082339173267,[0.79644374 0.48148148 0.3633218 ],0.563171935440843,[0.75610985 0.50130719 0.43209877],20,3,5,6,15,3,umap,17,,"['time_encoding', 'timeline_index']","['z_score', None]",True,True,384,2,True,signature,"(10,)",300,"(128, 128)",0.1,0.0005,1,True,focal,2,True,5,Conv1d,,concatenation,64
0,,0.6321839094161987,0.5049104756566523,[0.76075427 0.42262626 0.33135089],0.5001578628031934,[0.77537538 0.41409343 0.31100478],0.5109126615379872,[0.74667438 0.43151815 0.35454545],,0.6647399067878723,0.5550176165120668,[0.78544159 0.49737188 0.38223938],0.5511733950458558,[0.79352019 0.5        0.36      ],0.5599014914607818,[0.77752583 0.49477124 0.40740741],20,3,5,6,15,3,umap,17,,"['time_encoding', 'timeline_index']","['z_score', None]",True,True,384,2,True,signature,"(10,)",300,"(128, 128)",0.1,0.0005,12,True,focal,2,True,5,Conv1d,,concatenation,64
0,,0.6281608939170837,0.5002962273238319,[0.76392573 0.39825328 0.33870968],0.49521183449754874,[0.77884615 0.42300557 0.28378378],0.51526794900427,[0.74956622 0.37623762 0.42      ],,0.6592806577682495,0.5546355096692291,[0.78353698 0.48626926 0.39410029],0.5482324529509751,[0.80031529 0.49862637 0.34575569],0.5667064631065045,[0.76744772 0.4745098  0.45816187],20,3,5,6,15,3,umap,17,,"['time_encoding', 'timeline_index']","['z_score', None]",True,True,384,2,True,signature,"(10,)",300,"(128, 128)",0.1,0.0005,123,True,focal,2,True,5,Conv1d,,concatenation,64
