,loss,accuracy,f1,f1_scores,precision,precision_scores,recall,recall_scores,valid_loss,valid_accuracy,valid_f1,valid_f1_scores,valid_precision,valid_precision_scores,valid_recall,valid_recall_scores,k,shift,window_size,n,dimensions,sig_depth,method,input_channels,output_channels,features,standardise_method,include_features_in_path,include_features_in_input,embedding_dim,num_features,log_signature,num_heads,num_layers,lstm_hidden_dim,ffn_hidden_dim,dropout_rate,learning_rate,seed,loss_function,gamma,k_fold,n_splits,augmentation_type,hidden_dim_aug,comb_method,batch_size
0,,0.6335248947143555,0.5046319791148295,[0.76184869 0.42487047 0.32717678],0.501197712067914,[0.77577938 0.41094834 0.31686542],0.5087867601103662,[0.74840949 0.43976898 0.33818182],,0.6978163123130798,0.6019211785767203,[0.80628674 0.54539517 0.45408163],0.5957823612701159,[0.81799326 0.54503916 0.42431466],0.6096674609487142,[0.79491056 0.54575163 0.48834019],80,3,5,26,15,3,umap,17,12,"['timeline_index', 'speaker']","[None, None]",True,False,384,0,True,10,1,384,"(256, 256)",0.1,0.0005,1,focal,2,True,5,Conv1d,,concatenation,64
0,,0.6289272308349609,0.5027816662148089,[0.75923754 0.40149626 0.3476112 ],0.49745701077412224,[0.77007733 0.40452261 0.31777108],0.5102832949576045,[0.74869867 0.39851485 0.38363636],,0.6857739090919495,0.592291563300737,[0.79572935 0.53470608 0.44643926],0.5841318254633615,[0.81287779 0.54355165 0.39596603],0.6056976974603284,[0.77928949 0.52614379 0.51165981],80,3,5,26,15,3,umap,17,12,"['timeline_index', 'speaker']","[None, None]",True,False,384,0,True,10,1,384,"(256, 256)",0.1,0.0005,12,focal,2,True,5,Conv1d,,concatenation,64
0,,0.6335248947143555,0.5092330336618602,[0.76291704 0.41962077 0.34516129],0.502890720690599,[0.77925211 0.41927512 0.31014493],0.5187702176811088,[0.74725275 0.419967   0.38909091],,0.6819203495979309,0.583196907867929,[0.79516232 0.51839237 0.43603604],0.5775754779973704,[0.80365414 0.54125178 0.38782051],0.5940586934362223,[0.78684807 0.49738562 0.49794239],80,3,5,26,15,3,umap,17,12,"['timeline_index', 'speaker']","[None, None]",True,False,384,0,True,10,1,384,"(256, 256)",0.1,0.0005,123,focal,2,True,5,Conv1d,,concatenation,64
