,loss,accuracy,f1,f1_scores,precision,precision_scores,recall,recall_scores,valid_loss,valid_accuracy,valid_f1,valid_f1_scores,valid_precision,valid_precision_scores,valid_recall,valid_recall_scores,k,shift,window_size,n,dimensions,sig_depth,method,input_channels,output_channels,features,standardise_method,include_features_in_path,include_features_in_input,embedding_dim,num_features,log_signature,num_heads,num_layers,lstm_hidden_dim,ffn_hidden_dim,dropout_rate,learning_rate,seed,loss_function,gamma,k_fold,n_splits,augmentation_type,hidden_dim_aug,comb_method,batch_size
0,,0.5963601469993591,0.48631148778231675,[0.72260431 0.40817817 0.32815199],0.4816219228035466,[0.76628849 0.36607728 0.3125    ],0.4967692749610415,[0.68363216 0.46122112 0.34545455],,0.6968529224395752,0.6105647225129843,[0.80052083 0.55748912 0.47368421],0.6016202847668091,[0.82834815 0.5313981  0.4451146 ],0.6223165809533691,[0.77450239 0.58627451 0.50617284],80,3,5,26,15,3,gaussian_random_projection,17,12,"['timeline_index', 'speaker']","[None, None]",True,False,384,0,True,10,1,384,"(512, 512)",0.1,0.0001,1,focal,2,True,5,Conv1d,,concatenation,64
0,,0.613218367099762,0.4815749236563301,[0.74501758 0.3877144  0.31199279],0.4799899470214108,[0.75519905 0.37528958 0.30948122],0.4835475172734161,[0.735107   0.4009901  0.31454545],,0.6955683827400208,0.5978039525282363,[0.80566905 0.54146182 0.44628099],0.5918877684733993,[0.81672275 0.54306377 0.41587678],0.6054204397808506,[0.79491056 0.53986928 0.48148148],80,3,5,26,15,3,gaussian_random_projection,17,12,"['timeline_index', 'speaker']","[None, None]",True,False,384,0,True,10,1,384,"(512, 512)",0.1,0.0001,12,focal,2,True,5,Conv1d,,concatenation,64
0,,0.6065133810043335,0.4956069038822546,[0.73226054 0.42607429 0.32848589],0.4901569034127193,[0.77893707 0.38135593 0.31017771],0.5075419820755934,[0.69086177 0.48267327 0.34909091],,0.6905908584594727,0.600643008162003,[0.79880115 0.54936709 0.45376079],0.5906232870707758,[0.82726046 0.53251534 0.41209406],0.6147853928951553,[0.77223482 0.56732026 0.5048011 ],80,3,5,26,15,3,gaussian_random_projection,17,12,"['timeline_index', 'speaker']","[None, None]",True,False,384,0,True,10,1,384,"(512, 512)",0.1,0.0001,123,focal,2,True,5,Conv1d,,concatenation,64
