,loss,accuracy,f1,f1_scores,precision,precision_scores,recall,recall_scores,valid_loss,valid_accuracy,valid_f1,valid_f1_scores,valid_precision,valid_precision_scores,valid_recall,valid_recall_scores,k,shift,window_size,n,dimensions,sig_depth,method,input_channels,output_channels,features,standardise_method,include_features_in_path,include_features_in_input,embedding_dim,num_features,log_signature,pooling,transformer_encoder_layers,num_heads,num_layers,ffn_hidden_dim,dropout_rate,learning_rate,seed,loss_function,gamma,k_fold,n_splits,augmentation_type,hidden_dim_aug,comb_method,batch_size
0,,0.6613026857376099,0.5069396393321032,[0.787086   0.41697417 0.31675875],0.5174275202185062,[0.75858369 0.47280335 0.32089552],0.5011594438796106,[0.81781377 0.37293729 0.31272727],,0.6766217350959778,0.5358203213910189,[0.80287597 0.45965951 0.34492548],0.5509185759022617,[0.76553931 0.52986348 0.35735294],0.527752335502102,[0.84404132 0.40588235 0.33333333],35,3,5,11,15,3,umap,17,10,"['time_encoding', 'timeline_index']","['z_score', None]",True,True,384,2,True,signature,2,5,1,"(128, 128)",0.1,0.0005,1,focal,2,True,5,Conv1d,,concatenation,64
0,,0.6551724076271057,0.5144366367985272,[0.77787283 0.43898305 0.32645403],0.5185276400858287,[0.76715411 0.45121951 0.3372093 ],0.5108838969495562,[0.78889532 0.42739274 0.31636364],,0.6775851249694824,0.5528948318418906,[0.79802591 0.49375211 0.36690647],0.5595085341539697,[0.78191489 0.51083159 0.38577912],0.5474622770919068,[0.81481481 0.47777778 0.34979424],35,3,5,11,15,3,umap,17,10,"['time_encoding', 'timeline_index']","['z_score', None]",True,True,384,2,True,signature,2,5,1,"(128, 128)",0.1,0.0005,12,focal,2,True,5,Conv1d,,concatenation,64
0,,0.6333333253860474,0.4816153825569496,[0.76783692 0.37636761 0.30064161],0.48532258968940606,[0.75207987 0.40074557 0.30314233],0.4790785533151349,[0.78426836 0.35478548 0.29818182],,0.6538214683532715,0.5232548588068249,[0.78570539 0.45628141 0.32777778],0.5255596934995784,[0.77671098 0.46804124 0.33192686],0.5212465781923195,[0.79491056 0.44509804 0.32373114],35,3,5,11,15,3,umap,17,10,"['time_encoding', 'timeline_index']","['z_score', None]",True,True,384,2,True,signature,2,5,1,"(128, 128)",0.1,0.0005,123,focal,2,True,5,Conv1d,,concatenation,64
