,loss,accuracy,f1,f1_scores,precision,precision_scores,recall,recall_scores,valid_loss,valid_accuracy,valid_f1,valid_f1_scores,valid_precision,valid_precision_scores,valid_recall,valid_recall_scores,k,shift,window_size,n,dimensions,sig_depth,method,input_channels,output_channels,features,standardise_method,include_features_in_path,include_features_in_input,embedding_dim,num_features,log_signature,num_heads,num_layers,ffn_hidden_dim,dropout_rate,learning_rate,seed,loss_function,gamma,k_fold,n_splits,augmentation_type,hidden_dim_aug,comb_method,batch_size
0,,0.632758617401123,0.5163957586905297,[0.76482124 0.4453159  0.33905013],0.5124384642786594,[0.79943236 0.47183749 0.26604555],0.5406575319186054,[0.73308271 0.42161716 0.46727273],,0.6716442108154297,0.5813879806277031,[0.78777633 0.50820244 0.44818517],0.5742760225649122,[0.81402849 0.54531835 0.36348123],0.6077812194836782,[0.76316453 0.47581699 0.58436214],35,3,5,11,15,3,umap,17,12,"['timeline_index', 'speaker']","[None, None]",True,False,384,0,True,10,1,"(256, 256)",0.2,0.0005,1,focal,2,True,5,Conv1d,,concatenation,64
0,,0.6227969527244568,0.5075887503683898,[0.75041623 0.4450773  0.32727273],0.4996553768965914,[0.78723404 0.43900482 0.27272727],0.5257664719624073,[0.71688837 0.45132013 0.40909091],,0.6737315058708191,0.5814840251651493,[0.78715691 0.51824324 0.43905192],0.5729711537565049,[0.80958722 0.53636364 0.37296261],0.6002836251098519,[0.765936   0.50130719 0.53360768],35,3,5,11,15,3,umap,17,12,"['timeline_index', 'speaker']","[None, None]",True,False,384,0,True,10,1,"(256, 256)",0.2,0.0005,12,focal,2,True,5,Conv1d,,concatenation,64
0,,0.6319923400878906,0.517789076164057,[0.75634595 0.4556391  0.34138218],0.510196277267667,[0.79718039 0.41850829 0.31490015],0.5307394360025939,[0.71949104 0.5        0.37272727],,0.6674695014953613,0.5736674919798824,[0.78133193 0.52211568 0.41755486],0.5648509127053448,[0.81443017 0.49559601 0.38452656],0.5864143188139453,[0.75081885 0.55163399 0.45679012],35,3,5,11,15,3,umap,17,12,"['timeline_index', 'speaker']","[None, None]",True,False,384,0,True,10,1,"(256, 256)",0.2,0.0005,123,focal,2,True,5,Conv1d,,concatenation,64
