,loss,accuracy,f1,f1_scores,precision,precision_scores,recall,recall_scores,valid_loss,valid_accuracy,valid_f1,valid_f1_scores,valid_precision,valid_precision_scores,valid_recall,valid_recall_scores,k,shift,window_size,n,dimensions,sig_depth,method,input_channels,output_channels,features,standardise_method,include_features_in_path,include_features_in_input,embedding_dim,num_features,log_signature,pooling,swnu_hidden_dim,lstm_hidden_dim,ffn_hidden_dim,dropout_rate,learning_rate,seed,BiLSTM,loss_function,gamma,k_fold,n_splits,augmentation_type,hidden_dim_aug,comb_method,batch_size
0,,0.6256704926490784,0.5157000489942826,[0.74870387 0.45356869 0.34482759],0.5063085382449477,[0.79193548 0.42395983 0.3030303 ],0.5325239030554298,[0.70994795 0.48762376 0.4       ],,0.6562299132347107,0.5563954667613205,[0.77598753 0.49807692 0.39512195],0.5485043159672235,[0.80118057 0.48867925 0.35565313],0.5682060478512393,[0.75233056 0.50784314 0.44444444],20,3,5,6,15,3,gaussian_random_projection,17,,"['time_encoding', 'timeline_index']","['z_score', None]",True,True,384,2,True,signature,"(12,)",384,"(256, 256)",0.2,0.0005,1,True,focal,2,True,5,Conv1d,,concatenation,64
0,,0.6226053833961487,0.5007699508924602,[0.74901099 0.40016885 0.35313002],0.49496830686292137,[0.75913276 0.40968021 0.31609195],0.5100815633905785,[0.73915558 0.39108911 0.4       ],,0.670680820941925,0.5661860545028862,[0.78598629 0.50749251 0.40507937],0.5621328619713087,[0.79201842 0.51731161 0.37706856],0.5718901003474092,[0.78004535 0.49803922 0.43758573],20,3,5,6,15,3,gaussian_random_projection,17,,"['time_encoding', 'timeline_index']","['z_score', None]",True,True,384,2,True,signature,"(12,)",384,"(256, 256)",0.2,0.0005,12,True,focal,2,True,5,Conv1d,,concatenation,64
0,,0.6272030472755432,0.49335179520441264,[0.75863065 0.38861716 0.33280757],0.4910480438616292,[0.75786436 0.42140791 0.29387187],0.5011986386608586,[0.7593985  0.36056106 0.38363636],,0.6743738055229187,0.5665819269534585,[0.78989899 0.51264755 0.39719924],0.5639537824184133,[0.7916983  0.52961672 0.37054632],0.5709411336551081,[0.78810784 0.49673203 0.42798354],20,3,5,6,15,3,gaussian_random_projection,17,,"['time_encoding', 'timeline_index']","['z_score', None]",True,True,384,2,True,signature,"(12,)",384,"(256, 256)",0.2,0.0005,123,True,focal,2,True,5,Conv1d,,concatenation,64
