,loss,accuracy,f1,f1_scores,precision,precision_scores,recall,recall_scores,valid_loss,valid_accuracy,valid_f1,valid_f1_scores,valid_precision,valid_precision_scores,valid_recall,valid_recall_scores,k,dimensions,sig_depth,method,input_channels,output_channels,features,standardise_method,include_features_in_path,include_features_in_input,embedding_dim,num_features,log_signature,num_heads,num_layers,ffn_hidden_dim,dropout_rate,learning_rate,seed,loss_function,gamma,k_fold,n_splits,augmentation_type,hidden_dim_aug,comb_method,batch_size
0,,0.6877724528312683,0.5922744906937562,[0.78848434 0.58525166 0.40308748],0.5820878025033561,[0.82994652 0.54151625 0.37480064],0.6078775489204787,[0.75096774 0.63667233 0.43599258],,0.6819182634353638,0.5878814097891888,[0.78632918 0.56819535 0.4091197 ],0.5775114255148303,[0.83084442 0.52302632 0.37866354],0.6043828549634855,[0.74634146 0.62190352 0.44490358],110,15,3,umap,17,12,"['timeline_index', 'speaker']","[None, None]",True,False,384,0,True,10,1,"(256, 256)",0.1,0.0005,1,focal,2,True,5,Conv1d,,concatenation,64
0,,0.6890180706977844,0.5966213956168075,[0.79532944 0.55670103 0.43783371],0.5862428975494981,[0.82348877 0.56347826 0.37176166],0.6171948933918373,[0.76903226 0.55008489 0.53246753],,0.6897798776626587,0.6003224621817697,[0.79573712 0.55689599 0.44833427],0.58872427869144,[0.8291909  0.55707763 0.37990431],0.6228081588906873,[0.76487805 0.55671447 0.54683196],110,15,3,umap,17,12,"['timeline_index', 'speaker']","[None, None]",True,False,384,0,True,10,1,"(256, 256)",0.1,0.0005,12,focal,2,True,5,Conv1d,,concatenation,64
0,,0.6929624080657959,0.5876548683485856,[0.79987005 0.54156171 0.42153285],0.5853547604948152,[0.80562827 0.53571429 0.41472172],0.5901010590993613,[0.79419355 0.5475382  0.42857143],,0.6929244995117188,0.5838166893207486,[0.8026057  0.54211036 0.40673401],0.5812008178927534,[0.80896928 0.53674121 0.39789196],0.586635810020755,[0.79634146 0.54758801 0.41597796],110,15,3,umap,17,12,"['timeline_index', 'speaker']","[None, None]",True,False,384,0,True,10,1,"(256, 256)",0.1,0.0005,123,focal,2,True,5,Conv1d,,concatenation,64
