,loss,accuracy,f1,f1_scores,precision,precision_scores,recall,recall_scores,valid_loss,valid_accuracy,valid_f1,valid_f1_scores,valid_precision,valid_precision_scores,valid_recall,valid_recall_scores,k,dimensions,sig_depth,method,input_channels,output_channels,features,standardise_method,include_features_in_path,include_features_in_input,embedding_dim,num_features,log_signature,pooling,swnu_hidden_dim,ffn_hidden_dim,dropout_rate,learning_rate,seed,BiLSTM,loss_function,gamma,k_fold,n_splits,augmentation_type,hidden_dim_aug,comb_method,batch_size
0,,0.6296935081481934,0.5041867811119736,[0.75847585 0.44015152 0.31393298],0.4998957302776723,[0.78802993 0.40686275 0.30479452],0.5113559053996782,[0.73105842 0.47937294 0.32363636],,0.6689145565032959,0.5670330168635174,[0.78100875 0.51840491 0.40168539],0.5660014218291937,[0.79805417 0.48843931 0.41151079],0.5697606889120532,[0.76467624 0.55228758 0.39231824],20,15,3,umap,17,,"['time_encoding', 'timeline_index']","['z_score', None]",True,True,384,2,True,signature,"(12,)","(128, 128)",0.1,0.0005,1,True,focal,2,True,5,Conv1d,,concatenation,64
0,,0.609578549861908,0.4677231450087361,[0.74469642 0.38384615 0.27462687],0.4721447565879599,[0.75362748 0.35951009 0.3032967 ],0.4661999380967594,[0.73597455 0.41171617 0.25090909],,0.6562299132347107,0.536040298123371,[0.77631411 0.5002978  0.33150899],0.544428277776199,[0.78831169 0.4595186  0.38545455],0.534835058852073,[0.76467624 0.54901961 0.29080933],20,15,3,umap,17,,"['time_encoding', 'timeline_index']","['z_score', None]",True,True,384,2,True,signature,"(12,)","(128, 128)",0.1,0.0005,12,True,focal,2,True,5,Conv1d,,concatenation,64
0,,0.6229885220527649,0.48349498805830377,[0.7581375  0.39060665 0.30174081],0.4864232062055678,[0.76539935 0.37155622 0.32231405],0.4821215603341711,[0.75101215 0.41171617 0.28363636],,0.6578356027603149,0.5383137681601832,[0.78169279 0.47207792 0.36117059],0.5412010763296938,[0.77808288 0.46903226 0.3764881 ],0.5358501699719668,[0.78533636 0.4751634  0.34705075],20,15,3,umap,17,,"['time_encoding', 'timeline_index']","['z_score', None]",True,True,384,2,True,signature,"(12,)","(128, 128)",0.1,0.0005,123,True,focal,2,True,5,Conv1d,,concatenation,64
