,loss,accuracy,f1,f1_scores,precision,precision_scores,recall,recall_scores,valid_loss,valid_accuracy,valid_f1,valid_f1_scores,valid_precision,valid_precision_scores,valid_recall,valid_recall_scores,k,dimensions,sig_depth,method,input_channels,output_channels,features,standardise_method,include_features_in_path,include_features_in_input,embedding_dim,num_features,log_signature,pooling,swnu_hidden_dim,ffn_hidden_dim,dropout_rate,learning_rate,seed,BiLSTM,loss_function,gamma,k_fold,n_splits,augmentation_type,hidden_dim_aug,comb_method,batch_size
0,,0.6047892570495605,0.4895012255190623,[0.7350375  0.42152466 0.31194151],0.48266574525353834,[0.78081301 0.3852459  0.28193833],0.5029231425166808,[0.69433198 0.46534653 0.34909091],,0.6507707238197327,0.5482640645558501,[0.7709395  0.50264057 0.37121212],0.5412004461660687,[0.80076004 0.47898165 0.34385965],0.5584368726914634,[0.74326027 0.52875817 0.40329218],11,15,4,gaussian_random_projection,17,,"['time_encoding', 'timeline_index']","['z_score', None]",True,True,384,2,True,signature,"(10,)","(256, 256)",0.2,0.0005,1,True,focal,2,True,5,Conv1d,,concatenation,64
0,,0.6181992292404175,0.4956778970934613,[0.74870734 0.39537763 0.34294872],0.4891529429165238,[0.7653277  0.39554088 0.30659026],0.5056996509367536,[0.73279352 0.39521452 0.38909091],,0.6623314023017883,0.5582130663919985,[0.78102096 0.50438169 0.38923655],0.5521270847662817,[0.79753151 0.50096712 0.35788262],0.5665450267898654,[0.76518015 0.50784314 0.4266118 ],11,15,4,gaussian_random_projection,17,,"['time_encoding', 'timeline_index']","['z_score', None]",True,True,384,2,True,signature,"(10,)","(256, 256)",0.2,0.0005,12,True,focal,2,True,5,Conv1d,,concatenation,64
0,,0.607854425907135,0.49216012901546596,[0.74380417 0.40560594 0.32707029],0.4848118450902879,[0.78422571 0.40527183 0.26493799],0.5135195358749293,[0.70734529 0.40594059 0.42727273],,0.6539820432662964,0.5523658274014919,[0.77404222 0.5072324  0.37582286],0.5446679999760994,[0.80161943 0.49905123 0.33333333],0.5649042058524371,[0.74829932 0.51568627 0.43072702],11,15,4,gaussian_random_projection,17,,"['time_encoding', 'timeline_index']","['z_score', None]",True,True,384,2,True,signature,"(10,)","(256, 256)",0.2,0.0005,123,True,focal,2,True,5,Conv1d,,concatenation,64
