,loss,accuracy,f1,f1_scores,precision,precision_scores,recall,recall_scores,valid_loss,valid_accuracy,valid_f1,valid_f1_scores,valid_precision,valid_precision_scores,valid_recall,valid_recall_scores,k,dimensions,sig_depth,method,input_channels,output_channels,features,standardise_method,include_features_in_path,include_features_in_input,embedding_dim,num_features,log_signature,pooling,swnu_hidden_dim,ffn_hidden_dim,dropout_rate,learning_rate,seed,BiLSTM,loss_function,gamma,k_fold,n_splits,augmentation_type,hidden_dim_aug,comb_method,batch_size
0,,0.6047892570495605,0.48553101929518233,[0.73645991 0.40747806 0.31265509],0.47933283131043475,[0.77220812 0.37899219 0.28679818],0.49603516511280965,[0.70387507 0.44059406 0.34363636],,0.6631342172622681,0.5676054945237909,[0.77802369 0.50774954 0.41704325],0.560586759657447,[0.8049569  0.48290094 0.39390244],0.577067095699734,[0.75283447 0.53529412 0.4430727 ],20,15,3,gaussian_random_projection,17,,"['time_encoding', 'timeline_index']","['z_score', None]",True,True,384,2,True,signature,"(12,)","(256, 256)",0.2,0.001,1,True,focal,2,True,5,Conv1d,,concatenation,64
0,,0.6141762733459473,0.4969809873514033,[0.74148237 0.41017488 0.33928571],0.4897728481313904,[0.76716141 0.39570552 0.30645161],0.5077364393466529,[0.71746674 0.42574257 0.38      ],,0.6624919772148132,0.5667180780894245,[0.77613105 0.51459391 0.40942928],0.5584995660716389,[0.80177276 0.5        0.37372593],0.5782729552726441,[0.75207861 0.53006536 0.4526749 ],20,15,3,gaussian_random_projection,17,,"['time_encoding', 'timeline_index']","['z_score', None]",True,True,384,2,True,signature,"(12,)","(256, 256)",0.2,0.001,12,True,focal,2,True,5,Conv1d,,concatenation,64
0,,0.6277777552604675,0.5135662783309218,[0.74769184 0.45454545 0.33846154],0.5100946351895893,[0.78437599 0.40897098 0.33693694],0.5219456231337419,[0.71428571 0.51155116 0.34      ],,0.6639370322227478,0.5618796457525255,[0.77854626 0.52080856 0.38628411],0.5598186415256391,[0.80752572 0.47764449 0.39428571],0.567574848869589,[0.7515747  0.57254902 0.37860082],20,15,3,gaussian_random_projection,17,,"['time_encoding', 'timeline_index']","['z_score', None]",True,True,384,2,True,signature,"(12,)","(256, 256)",0.2,0.001,123,True,focal,2,True,5,Conv1d,,concatenation,64
