,loss,accuracy,f1,f1_scores,precision,precision_scores,recall,recall_scores,valid_loss,valid_accuracy,valid_f1,valid_f1_scores,valid_precision,valid_precision_scores,valid_recall,valid_recall_scores,k,dimensions,sig_depth,method,input_channels,output_channels,features,standardise_method,include_features_in_path,include_features_in_input,embedding_dim,num_features,log_signature,swnu_hidden_dim,ffn_hidden_dim,dropout_rate,learning_rate,seed,BiLSTM,loss_function,gamma,k_fold,n_splits,augmentation_type,hidden_dim_aug,comb_method,batch_size
0,,0.6143678426742554,0.48416255081515874,[0.74796507 0.4003209  0.30420168],0.4794472053909759,[0.76598969 0.38953942 0.2828125 ],0.4905254371591005,[0.73076923 0.41171617 0.32909091],,0.6867372989654541,0.5912343905909173,[0.7953127  0.53176471 0.44662577],0.5852083437533996,[0.80422463 0.54740484 0.40399556],0.6009679043084998,[0.78659612 0.51699346 0.49931413],80,15,4,gaussian_random_projection,17,,"['timeline_index', 'speaker']","[None, None]",True,False,384,0,True,"(10,)","(256, 256)",0.2,0.0001,1,True,focal,2,True,5,Conv1d,,concatenation,64
0,,0.6088122725486755,0.4841333064571847,[0.74045461 0.39710028 0.31484502],0.47825583695430257,[0.761381   0.38788356 0.28550296],0.4927741802520333,[0.72064777 0.40676568 0.35090909],,0.6875401139259338,0.5910186643100275,[0.79499617 0.5419696  0.43609023],0.585068177986167,[0.80569211 0.54812834 0.40138408],0.5992981554761823,[0.7845805  0.53594771 0.47736626],80,15,4,gaussian_random_projection,17,,"['timeline_index', 'speaker']","[None, None]",True,False,384,0,True,"(10,)","(256, 256)",0.2,0.0001,12,True,focal,2,True,5,Conv1d,,concatenation,64
0,,0.6051723957061768,0.47836286887429585,[0.74081815 0.39513185 0.29913861],0.4723771535947669,[0.76574074 0.3886672  0.26272352],0.4888515508578042,[0.71746674 0.40181518 0.34727273],,0.681438684463501,0.5885534427657655,[0.79042225 0.53462051 0.44061758],0.5804550638263309,[0.8081074  0.54477612 0.38848168],0.6024158360189068,[0.77349458 0.5248366  0.50891632],80,15,4,gaussian_random_projection,17,,"['timeline_index', 'speaker']","[None, None]",True,False,384,0,True,"(10,)","(256, 256)",0.2,0.0001,123,True,focal,2,True,5,Conv1d,,concatenation,64
