,loss,accuracy,f1,f1_scores,precision,precision_scores,recall,recall_scores,valid_loss,valid_accuracy,valid_f1,valid_f1_scores,valid_precision,valid_precision_scores,valid_recall,valid_recall_scores,k,shift,window_size,n,dimensions,sig_depth,method,input_channels,output_channels,features,standardise_method,include_features_in_path,include_features_in_input,embedding_dim,num_features,log_signature,pooling,transformer_encoder_layers,num_heads,num_layers,ffn_hidden_dim,dropout_rate,learning_rate,seed,loss_function,gamma,k_fold,n_splits,augmentation_type,hidden_dim_aug,comb_method,batch_size
0,,0.6406130194664001,0.5151554265166628,[0.76506292 0.4516129  0.32879046],0.5098424252222741,[0.7837428  0.43648961 0.30929487],0.521994540113352,[0.74725275 0.46782178 0.35090909],,0.6661849617958069,0.5551112418743294,[0.78727181 0.49601064 0.38205128],0.5518780579667558,[0.79229395 0.50473613 0.35860409],0.5595579246787878,[0.78231293 0.4875817  0.40877915],20,3,5,6,15,3,umap,17,10,"['time_encoding_minute', 'timeline_index']","[None, None]",True,False,384,0,True,signature,2,5,1,"(128, 128)",0.1,0.0005,1,focal,2,True,5,Conv1d,,concatenation,64
0,,0.625095784664154,0.5004260668432922,[0.75853911 0.40275387 0.33998522],0.49446201173741283,[0.77609682 0.42086331 0.2864259 ],0.5153595579338154,[0.74175824 0.38613861 0.41818182],,0.6608863472938538,0.5522933703795211,[0.78604827 0.46855911 0.40227273],0.5507488920192151,[0.78853955 0.52035116 0.34335597],0.5651043956677321,[0.78357269 0.42614379 0.48559671],20,3,5,6,15,3,umap,17,10,"['time_encoding_minute', 'timeline_index']","[None, None]",True,False,384,0,True,signature,2,5,1,"(128, 128)",0.1,0.0005,12,focal,2,True,5,Conv1d,,concatenation,64
0,,0.6515325903892517,0.5022747934462352,[0.7786238  0.41552713 0.31267345],0.508160589115002,[0.75976885 0.4464455  0.31826742],0.4981083307868091,[0.7984384  0.38861386 0.30727273],,0.6761400103569031,0.5417479883680226,[0.79946751 0.47417504 0.35160142],0.5533448908130406,[0.76921286 0.5254372  0.36538462],0.5343486640197918,[0.83219955 0.43202614 0.3388203 ],20,3,5,6,15,3,umap,17,10,"['time_encoding_minute', 'timeline_index']","[None, None]",True,False,384,0,True,signature,2,5,1,"(128, 128)",0.1,0.0005,123,focal,2,True,5,Conv1d,,concatenation,64
