,loss,accuracy,f1,f1_scores,precision,precision_scores,recall,recall_scores,valid_loss,valid_accuracy,valid_f1,valid_f1_scores,valid_precision,valid_precision_scores,valid_recall,valid_recall_scores,k,dimensions,sig_depth,method,input_channels,output_channels,features,standardise_method,include_features_in_path,include_features_in_input,embedding_dim,num_features,log_signature,pooling,swnu_hidden_dim,ffn_hidden_dim,dropout_rate,learning_rate,seed,BiLSTM,loss_function,gamma,k_fold,n_splits,augmentation_type,hidden_dim_aug,comb_method,batch_size
0,,0.6314176321029663,0.5196914927164097,[0.75364497 0.44577352 0.35965598],0.5104971277136988,[0.78466354 0.43132716 0.31550069],0.5347961603563479,[0.72498554 0.46122112 0.41818182],,0.6701990962028503,0.5710185276488824,[0.78595404 0.51762402 0.40947752],0.5634608372003539,[0.80593063 0.51694915 0.36750273],0.5825071866881184,[0.76694381 0.51830065 0.46227709],11,15,3,umap,17,,"['timeline_index', 'time_encoding_minute']","[None, None]",True,False,384,0,True,signature,"(10,)","(128, 128)",0.1,0.0005,1,True,focal,2,True,5,Conv1d,,concatenation,64
0,,0.6409961581230164,0.5222625807704192,[0.76505488 0.45287846 0.3488544 ],0.515962638371699,[0.78532278 0.46866726 0.29389788],0.5376721819087634,[0.74580682 0.43811881 0.42909091],,0.6612074375152588,0.5580947379627076,[0.78124602 0.4879749  0.40506329],0.5539482119763293,[0.79020619 0.52277819 0.34886026],0.5709521119833393,[0.77248677 0.45751634 0.48285322],11,15,3,umap,17,,"['timeline_index', 'time_encoding_minute']","[None, None]",True,False,384,0,True,signature,"(10,)","(128, 128)",0.1,0.0005,12,True,focal,2,True,5,Conv1d,,concatenation,64
0,,0.640421450138092,0.5234044096522764,[0.76536643 0.43196544 0.37288136],0.5164311045334159,[0.78247734 0.45330916 0.31350682],0.5405097027921415,[0.74898785 0.41254125 0.46      ],,0.6673089265823364,0.560579652071803,[0.78732803 0.48753073 0.40688019],0.5580627836968298,[0.78882145 0.5269552  0.3584117 ],0.569980859284729,[0.78584026 0.45359477 0.47050754],11,15,3,umap,17,,"['timeline_index', 'time_encoding_minute']","[None, None]",True,False,384,0,True,signature,"(10,)","(128, 128)",0.1,0.0005,123,True,focal,2,True,5,Conv1d,,concatenation,64
