,loss,accuracy,f1,f1_scores,precision,precision_scores,recall,recall_scores,valid_loss,valid_accuracy,valid_f1,valid_f1_scores,valid_precision,valid_precision_scores,valid_recall,valid_recall_scores,k,shift,window_size,n,dimensions,sig_depth,method,input_channels,output_channels,features,standardise_method,include_features_in_path,include_features_in_input,embedding_dim,num_features,log_signature,pooling,num_heads,num_layers,lstm_hidden_dim,ffn_hidden_dim,dropout_rate,learning_rate,seed,loss_function,gamma,k_fold,n_splits,augmentation_type,hidden_dim_aug,comb_method,batch_size
0,,0.7082945108413696,0.6859181416727836,[0.76975136 0.60208492],0.6832233279594737,[0.79057117 0.57587549],0.6903969099627065,[0.75       0.63079382],,0.8739722371101379,0.8660149962826931,[0.89866696 0.83336304],0.8672030232860238,[0.89430544 0.84010061],0.8649019497898385,[0.90307123 0.82673267],20,3,5,6,15,3,umap,17,12,"['time_encoding', 'timeline_index']","['z_score', None]",True,True,384,2,True,signature,10,1,300,"(32, 32)",0.1,0.0003,1,focal,2,True,5,Conv1d,,concatenation,64
0,,0.6538676619529724,0.633796997385363,[0.71952877 0.54806522],0.6323869674994023,[0.76029365 0.50448029],0.6414031455132874,[0.68291284 0.59989345],,0.868176281452179,0.8601724586351651,[0.89362628 0.82671864],0.8604707759144234,[0.89246144 0.82848011],0.8598794009064534,[0.89479416 0.82496464],20,3,5,6,15,3,umap,17,12,"['time_encoding', 'timeline_index']","['z_score', None]",True,True,384,2,True,signature,10,1,300,"(32, 32)",0.1,0.0003,12,focal,2,True,5,Conv1d,,concatenation,64
0,,0.6717613935470581,0.6522763345672162,[0.7345893  0.56996337],0.6502689953619216,[0.77438831 0.52614968],0.6602090033627739,[0.69868119 0.62173681],,0.870198130607605,0.8629334607620703,[0.89448888 0.83137804],0.8616798070058562,[0.89991182 0.8234478 ],0.8642967129895924,[0.88913091 0.83946252],20,3,5,6,15,3,umap,17,12,"['time_encoding', 'timeline_index']","['z_score', None]",True,True,384,2,True,signature,10,1,300,"(32, 32)",0.1,0.0003,123,focal,2,True,5,Conv1d,,concatenation,64
