,loss,accuracy,f1,f1_scores,precision,precision_scores,recall,recall_scores,valid_loss,valid_accuracy,valid_f1,valid_f1_scores,valid_precision,valid_precision_scores,valid_recall,valid_recall_scores,k,shift,window_size,n,dimensions,sig_depth,method,input_channels,output_channels,features,standardise_method,include_features_in_path,include_features_in_input,embedding_dim,num_features,log_signature,pooling,transformer_encoder_layers,num_heads,num_layers,ffn_hidden_dim,dropout_rate,learning_rate,seed,loss_function,gamma,k_fold,n_splits,augmentation_type,hidden_dim_aug,comb_method,batch_size
0,,0.6754893064498901,0.6360546169881793,[0.75585472 0.51625452],0.6396319385530234,[0.73977491 0.53948897],0.6337939072939934,[0.77264908 0.49493873],,0.8819248080253601,0.8739599780743434,[0.90564412 0.84227584],0.8769180038830252,[0.89580226 0.85803375],0.871395459784333,[0.91570464 0.82708628],80,3,5,26,15,3,umap,17,12,"['time_encoding', 'timeline_index']","['z_score', None]",True,True,384,2,True,signature,2,10,1,"(128, 128)",0.1,0.0001,1,focal,2,True,5,Conv1d,,concatenation,64
0,,0.6993476152420044,0.6516069529126923,[0.78057407 0.52263983],0.665284926853935,[0.74268703 0.58788282],0.6464829716803605,[0.8225344  0.47043154],,0.8846205472946167,0.8772927434149226,[0.90727903 0.84730646],0.87866166569635,[0.90239173 0.85493161],0.8760178422391514,[0.91221956 0.83981612],80,3,5,26,15,3,umap,17,12,"['time_encoding', 'timeline_index']","['z_score', None]",True,True,384,2,True,signature,2,10,1,"(128, 128)",0.1,0.0001,12,focal,2,True,5,Conv1d,,concatenation,64
0,,0.6999068260192871,0.6771285781568894,[0.7628866  0.59137056],0.6745423461390194,[0.78437311 0.56471159],0.6816085777617025,[0.74254587 0.62067128],,0.8792290091514587,0.8720529989772592,[0.90235397 0.84175203],0.8719026788744556,[0.90294438 0.84086097],0.8722046501410885,[0.90176432 0.84264498],80,3,5,26,15,3,umap,17,12,"['time_encoding', 'timeline_index']","['z_score', None]",True,True,384,2,True,signature,2,10,1,"(128, 128)",0.1,0.0001,123,focal,2,True,5,Conv1d,,concatenation,64
