,loss,accuracy,f1,f1_scores,precision,precision_scores,recall,recall_scores,valid_loss,valid_accuracy,valid_f1,valid_f1_scores,valid_precision,valid_precision_scores,valid_recall,valid_recall_scores,k,shift,window_size,n,dimensions,sig_depth,method,input_channels,output_channels,features,standardise_method,include_features_in_path,include_features_in_input,embedding_dim,num_features,log_signature,pooling,transformer_encoder_layers,num_heads,num_layers,ffn_hidden_dim,dropout_rate,learning_rate,seed,loss_function,gamma,k_fold,n_splits,augmentation_type,hidden_dim_aug,comb_method,batch_size
0,,0.684249758720398,0.6626684892636625,[0.74799167 0.57734531],0.6601515398190333,[0.77736549 0.54293759],0.6685830221464077,[0.72075688 0.61640916],,0.7456530332565308,0.7335691292296165,[0.79031003 0.67682822],0.731487721066314,[0.80671506 0.65626038],0.7366429675920263,[0.77455892 0.69872702],11,3,5,3,15,3,umap,17,12,"['time_encoding', 'timeline_index']","['z_score', None]",True,True,384,2,True,signature,2,10,1,"(512, 512)",0.1,0.0001,1,focal,2,True,5,Conv1d,,concatenation,64
0,,0.6805219054222107,0.661078799941029,[0.74225564 0.57990196],0.6587568329427154,[0.78051866 0.53699501],0.6689149311071249,[0.70756881 0.63026105],,0.7697802782058716,0.76041258267808,[0.80778753 0.71303763],0.7574400897926452,[0.83562282 0.67925736],0.7660502514451588,[0.7817469  0.75035361],11,3,5,3,15,3,umap,17,12,"['time_encoding', 'timeline_index']","['z_score', None]",True,True,384,2,True,signature,2,10,1,"(512, 512)",0.1,0.0001,12,focal,2,True,5,Conv1d,,concatenation,64
0,,0.6868592500686646,0.6671021979853279,[0.74820144 0.58600296],0.6645411836808988,[0.7839196  0.54516277],0.6745269877268528,[0.71559633 0.63345765],,0.7767893075942993,0.7657148601962418,[0.8166519  0.71477782],0.76360997687916,[0.83044359 0.69677636],0.7685224566113456,[0.80331083 0.73373409],11,3,5,3,15,3,umap,17,12,"['time_encoding', 'timeline_index']","['z_score', None]",True,True,384,2,True,signature,2,10,1,"(512, 512)",0.1,0.0001,123,focal,2,True,5,Conv1d,,concatenation,64
