,loss,accuracy,f1,f1_scores,precision,precision_scores,recall,recall_scores,valid_loss,valid_accuracy,valid_f1,valid_f1_scores,valid_precision,valid_precision_scores,valid_recall,valid_recall_scores,k,dimensions,sig_depth,method,input_channels,output_channels,features,standardise_method,include_features_in_path,include_features_in_input,embedding_dim,num_features,log_signature,pooling,swnu_hidden_dim,ffn_hidden_dim,dropout_rate,learning_rate,seed,BiLSTM,loss_function,gamma,k_fold,n_splits,augmentation_type,hidden_dim_aug,comb_method,batch_size
0,,0.6915190815925598,0.6664801064520098,[0.75786394 0.57509628],0.6644161317192179,[0.77382731 0.55500496],0.6696213641229172,[0.74254587 0.59669686],,0.732982873916626,0.7153196276862461,[0.78623071 0.64440854],0.7167388440659435,[0.77908469 0.654393  ],0.7141166130646732,[0.79350904 0.63472419],5,15,3,umap,17,,"['time_encoding', 'timeline_index']","['z_score', None]",True,True,384,2,True,signature,"(12,)","(512, 512)",0.1,0.0001,1,True,focal,2,True,5,Conv1d,,concatenation,64
0,,0.6898415684700012,0.6661568911832774,[0.75507801 0.57723577],0.6637931034482758,[0.77586207 0.55172414],0.6702997689314885,[0.73537844 0.6052211 ],,0.7317698001861572,0.7162136945300581,[0.78265618 0.64977121],0.7158482435827274,[0.78488499 0.64681149],0.716599062121727,[0.78043999 0.65275813],5,15,3,umap,17,,"['time_encoding', 'timeline_index']","['z_score', None]",True,True,384,2,True,signature,"(12,)","(512, 512)",0.1,0.0001,12,True,focal,2,True,5,Conv1d,,concatenation,64
0,,0.7040074467658997,0.6779896891630381,[0.76952104 0.58645833],0.6764296600573274,[0.7792475  0.57361182],0.6799639253298011,[0.7600344  0.59989345],,0.7414745688438416,0.7237951263734114,[0.7936747  0.65391555],0.7258543686963412,[0.78405951 0.66764923],0.7221320725594046,[0.80352864 0.6407355 ],5,15,3,umap,17,,"['time_encoding', 'timeline_index']","['z_score', None]",True,True,384,2,True,signature,"(12,)","(512, 512)",0.1,0.0001,123,True,focal,2,True,5,Conv1d,,concatenation,64
